month,monthNum,dayOfMonth,tideTime,tideHeight,date,tideDateTimeAus,high_low,high_low_1_2
January,1,1,05:06,1.58,01/01/2023,2023-01-01 05:06:00,High,High1
January,1,1,11:28,0.72,01/01/2023,2023-01-01 11:28:00,Low,Low1
January,1,1,17:13,1.3,01/01/2023,2023-01-01 17:13:00,High,High2
January,1,1,23:12,0.57,01/01/2023,2023-01-01 23:12:00,Low,Low2
January,1,2,05:58,1.64,02/01/2023,2023-01-02 05:58:00,High,High1
January,1,2,12:39,0.67,02/01/2023,2023-01-02 12:39:00,Low,Low1
January,1,2,18:16,1.25,02/01/2023,2023-01-02 18:16:00,High,High2
January,1,2,23:58,0.6,02/01/2023,2023-01-02 23:58:00,Low,Low2
January,1,3,06:45,1.7,03/01/2023,2023-01-03 06:45:00,High,High1
January,1,3,13:35,0.61,03/01/2023,2023-01-03 13:35:00,Low,Low1
January,1,3,19:14,1.23,03/01/2023,2023-01-03 19:14:00,High,High2
January,1,4,00:42,0.62,04/01/2023,2023-01-04 00:42:00,Low,Low1
January,1,4,07:29,1.75,04/01/2023,2023-01-04 07:29:00,High,High1
January,1,4,14:21,0.54,04/01/2023,2023-01-04 14:21:00,Low,Low2
January,1,4,20:04,1.24,04/01/2023,2023-01-04 20:04:00,High,High2
January,1,5,01:25,0.63,05/01/2023,2023-01-05 01:25:00,Low,Low1
January,1,5,08:09,1.78,05/01/2023,2023-01-05 08:09:00,High,High1
January,1,5,15:00,0.49,05/01/2023,2023-01-05 15:00:00,Low,Low2
January,1,5,20:48,1.26,05/01/2023,2023-01-05 20:48:00,High,High2
January,1,6,02:05,0.63,06/01/2023,2023-01-06 02:05:00,Low,Low1
January,1,6,08:47,1.81,06/01/2023,2023-01-06 08:47:00,High,High1
January,1,6,15:35,0.45,06/01/2023,2023-01-06 15:35:00,Low,Low2
January,1,6,21:29,1.29,06/01/2023,2023-01-06 21:29:00,High,High2
January,1,7,02:45,0.63,07/01/2023,2023-01-07 02:45:00,Low,Low1
January,1,7,09:25,1.83,07/01/2023,2023-01-07 09:25:00,High,High1
January,1,7,16:10,0.43,07/01/2023,2023-01-07 16:10:00,Low,Low2
January,1,7,22:06,1.31,07/01/2023,2023-01-07 22:06:00,High,High2
January,1,8,03:24,0.63,08/01/2023,2023-01-08 03:24:00,Low,Low1
January,1,8,10:01,1.83,08/01/2023,2023-01-08 10:01:00,High,High1
January,1,8,16:44,0.42,08/01/2023,2023-01-08 16:44:00,Low,Low2
January,1,8,22:43,1.32,08/01/2023,2023-01-08 22:43:00,High,High2
January,1,9,04:02,0.63,09/01/2023,2023-01-09 04:02:00,Low,Low1
January,1,9,10:37,1.82,09/01/2023,2023-01-09 10:37:00,High,High1
January,1,9,17:17,0.43,09/01/2023,2023-01-09 17:17:00,Low,Low2
January,1,9,23:19,1.33,09/01/2023,2023-01-09 23:19:00,High,High2
January,1,10,04:41,0.64,10/01/2023,2023-01-10 04:41:00,Low,Low1
January,1,10,11:13,1.79,10/01/2023,2023-01-10 11:13:00,High,High1
January,1,10,17:53,0.44,10/01/2023,2023-01-10 17:53:00,Low,Low2
January,1,10,23:58,1.33,10/01/2023,2023-01-10 23:58:00,High,High2
January,1,11,05:21,0.66,11/01/2023,2023-01-11 05:21:00,Low,Low1
January,1,11,11:48,1.74,11/01/2023,2023-01-11 11:48:00,High,High1
January,1,11,18:28,0.46,11/01/2023,2023-01-11 18:28:00,Low,Low2
January,1,12,00:38,1.34,12/01/2023,2023-01-12 00:38:00,High,High1
January,1,12,06:04,0.7,12/01/2023,2023-01-12 06:04:00,Low,Low1
January,1,12,12:25,1.67,12/01/2023,2023-01-12 12:25:00,High,High2
January,1,12,19:04,0.48,12/01/2023,2023-01-12 19:04:00,Low,Low2
January,1,13,01:21,1.35,13/01/2023,2023-01-13 01:21:00,High,High1
January,1,13,06:51,0.74,13/01/2023,2023-01-13 06:51:00,Low,Low1
January,1,13,13:03,1.59,13/01/2023,2023-01-13 13:03:00,High,High2
January,1,13,19:42,0.51,13/01/2023,2023-01-13 19:42:00,Low,Low2
January,1,14,02:08,1.38,14/01/2023,2023-01-14 02:08:00,High,High1
January,1,14,07:45,0.77,14/01/2023,2023-01-14 07:45:00,Low,Low1
January,1,14,13:48,1.5,14/01/2023,2023-01-14 13:48:00,High,High2
January,1,14,20:23,0.53,14/01/2023,2023-01-14 20:23:00,Low,Low2
January,1,15,03:00,1.43,15/01/2023,2023-01-15 03:00:00,High,High1
January,1,15,08:48,0.79,15/01/2023,2023-01-15 08:48:00,Low,Low1
January,1,15,14:42,1.4,15/01/2023,2023-01-15 14:42:00,High,High2
January,1,15,21:08,0.56,15/01/2023,2023-01-15 21:08:00,Low,Low2
January,1,16,03:55,1.5,16/01/2023,2023-01-16 03:55:00,High,High1
January,1,16,10:03,0.77,16/01/2023,2023-01-16 10:03:00,Low,Low1
January,1,16,15:49,1.32,16/01/2023,2023-01-16 15:49:00,High,High2
January,1,16,22:00,0.58,16/01/2023,2023-01-16 22:00:00,Low,Low2
January,1,17,04:52,1.59,17/01/2023,2023-01-17 04:52:00,High,High1
January,1,17,11:22,0.7,17/01/2023,2023-01-17 11:22:00,Low,Low1
January,1,17,17:06,1.28,17/01/2023,2023-01-17 17:06:00,High,High2
January,1,17,22:57,0.58,17/01/2023,2023-01-17 22:57:00,Low,Low2
January,1,18,05:49,1.7,18/01/2023,2023-01-18 05:49:00,High,High1
January,1,18,12:34,0.58,18/01/2023,2023-01-18 12:34:00,Low,Low1
January,1,18,18:20,1.28,18/01/2023,2023-01-18 18:20:00,High,High2
January,1,18,23:57,0.57,18/01/2023,2023-01-18 23:57:00,Low,Low2
January,1,19,06:45,1.83,19/01/2023,2023-01-19 06:45:00,High,High1
January,1,19,13:36,0.45,19/01/2023,2023-01-19 13:36:00,Low,Low1
January,1,19,19:27,1.32,19/01/2023,2023-01-19 19:27:00,High,High2
January,1,20,00:55,0.54,20/01/2023,2023-01-20 00:55:00,Low,Low1
January,1,20,07:40,1.95,20/01/2023,2023-01-20 07:40:00,High,High1
January,1,20,14:31,0.31,20/01/2023,2023-01-20 14:31:00,Low,Low2
January,1,20,20:26,1.38,20/01/2023,2023-01-20 20:26:00,High,High2
January,1,21,01:52,0.49,21/01/2023,2023-01-21 01:52:00,Low,Low1
January,1,21,08:34,2.05,21/01/2023,2023-01-21 08:34:00,High,High1
January,1,21,15:23,0.21,21/01/2023,2023-01-21 15:23:00,Low,Low2
January,1,21,21:21,1.43,21/01/2023,2023-01-21 21:21:00,High,High2
January,1,22,02:47,0.45,22/01/2023,2023-01-22 02:47:00,Low,Low1
January,1,22,09:28,2.12,22/01/2023,2023-01-22 09:28:00,High,High1
January,1,22,16:12,0.15,22/01/2023,2023-01-22 16:12:00,Low,Low2
January,1,22,22:15,1.48,22/01/2023,2023-01-22 22:15:00,High,High2
January,1,23,03:42,0.43,23/01/2023,2023-01-23 03:42:00,Low,Low1
January,1,23,10:19,2.13,23/01/2023,2023-01-23 10:19:00,High,High1
January,1,23,17:00,0.14,23/01/2023,2023-01-23 17:00:00,Low,Low2
January,1,23,23:04,1.51,23/01/2023,2023-01-23 23:04:00,High,High2
January,1,24,04:36,0.43,24/01/2023,2023-01-24 04:36:00,Low,Low1
January,1,24,11:09,2.08,24/01/2023,2023-01-24 11:09:00,High,High1
January,1,24,17:46,0.18,24/01/2023,2023-01-24 17:46:00,Low,Low2
January,1,24,23:55,1.54,24/01/2023,2023-01-24 23:55:00,High,High2
January,1,25,05:30,0.46,25/01/2023,2023-01-25 05:30:00,Low,Low1
January,1,25,11:58,1.97,25/01/2023,2023-01-25 11:58:00,High,High1
January,1,25,18:32,0.25,25/01/2023,2023-01-25 18:32:00,Low,Low2
January,1,26,00:45,1.55,26/01/2023,2023-01-26 00:45:00,High,High1
January,1,26,06:27,0.53,26/01/2023,2023-01-26 06:27:00,Low,Low1
January,1,26,12:45,1.8,26/01/2023,2023-01-26 12:45:00,High,High2
January,1,26,19:16,0.34,26/01/2023,2023-01-26 19:16:00,Low,Low2
January,1,27,01:35,1.55,27/01/2023,2023-01-27 01:35:00,High,High1
January,1,27,07:26,0.61,27/01/2023,2023-01-27 07:26:00,Low,Low1
January,1,27,13:34,1.61,27/01/2023,2023-01-27 13:34:00,High,High2
January,1,27,20:00,0.45,27/01/2023,2023-01-27 20:00:00,Low,Low2
January,1,28,02:28,1.55,28/01/2023,2023-01-28 02:28:00,High,High1
January,1,28,08:30,0.69,28/01/2023,2023-01-28 08:30:00,Low,Low1
January,1,28,14:27,1.42,28/01/2023,2023-01-28 14:27:00,High,High2
January,1,28,20:45,0.55,28/01/2023,2023-01-28 20:45:00,Low,Low2
January,1,29,03:24,1.55,29/01/2023,2023-01-29 03:24:00,High,High1
January,1,29,09:44,0.74,29/01/2023,2023-01-29 09:44:00,Low,Low1
January,1,29,15:29,1.27,29/01/2023,2023-01-29 15:29:00,High,High2
January,1,29,21:31,0.64,29/01/2023,2023-01-29 21:31:00,Low,Low2
January,1,30,04:23,1.57,30/01/2023,2023-01-30 04:23:00,High,High1
January,1,30,11:06,0.75,30/01/2023,2023-01-30 11:06:00,Low,Low1
January,1,30,16:43,1.17,30/01/2023,2023-01-30 16:43:00,High,High2
January,1,30,22:25,0.7,30/01/2023,2023-01-30 22:25:00,Low,Low2
January,1,31,05:21,1.59,31/01/2023,2023-01-31 05:21:00,High,High1
January,1,31,12:23,0.71,31/01/2023,2023-01-31 12:23:00,Low,Low1
January,1,31,18:00,1.14,31/01/2023,2023-01-31 18:00:00,High,High2
January,1,31,23:23,0.73,31/01/2023,2023-01-31 23:23:00,Low,Low2
February,2,1,06:16,1.63,01/02/2023,2023-02-01 06:16:00,High,High1
February,2,1,13:21,0.64,01/02/2023,2023-02-01 13:21:00,Low,Low1
February,2,1,19:05,1.17,01/02/2023,2023-02-01 19:05:00,High,High2
February,2,2,00:19,0.72,02/02/2023,2023-02-02 00:19:00,Low,Low1
February,2,2,07:05,1.67,02/02/2023,2023-02-02 07:05:00,High,High1
February,2,2,14:05,0.57,02/02/2023,2023-02-02 14:05:00,Low,Low2
February,2,2,19:55,1.22,02/02/2023,2023-02-02 19:55:00,High,High2
February,2,3,01:10,0.7,03/02/2023,2023-02-03 01:10:00,Low,Low1
February,2,3,07:50,1.72,03/02/2023,2023-02-03 07:50:00,High,High1
February,2,3,14:42,0.51,03/02/2023,2023-02-03 14:42:00,Low,Low2
February,2,3,20:35,1.28,03/02/2023,2023-02-03 20:35:00,High,High2
February,2,4,01:55,0.66,04/02/2023,2023-02-04 01:55:00,Low,Low1
February,2,4,08:30,1.76,04/02/2023,2023-02-04 08:30:00,High,High1
February,2,4,15:15,0.46,04/02/2023,2023-02-04 15:15:00,Low,Low2
February,2,4,21:12,1.33,04/02/2023,2023-02-04 21:12:00,High,High2
February,2,5,02:34,0.62,05/02/2023,2023-02-05 02:34:00,Low,Low1
February,2,5,09:08,1.79,05/02/2023,2023-02-05 09:08:00,High,High1
February,2,5,15:47,0.43,05/02/2023,2023-02-05 15:47:00,Low,Low2
February,2,5,21:45,1.36,05/02/2023,2023-02-05 21:45:00,High,High2
February,2,6,03:12,0.59,06/02/2023,2023-02-06 03:12:00,Low,Low1
February,2,6,09:44,1.81,06/02/2023,2023-02-06 09:44:00,High,High1
February,2,6,16:18,0.41,06/02/2023,2023-02-06 16:18:00,Low,Low2
February,2,6,22:19,1.39,06/02/2023,2023-02-06 22:19:00,High,High2
February,2,7,03:48,0.57,07/02/2023,2023-02-07 03:48:00,Low,Low1
February,2,7,10:17,1.81,07/02/2023,2023-02-07 10:17:00,High,High1
February,2,7,16:49,0.4,07/02/2023,2023-02-07 16:49:00,Low,Low2
February,2,7,22:52,1.42,07/02/2023,2023-02-07 22:52:00,High,High2
February,2,8,04:25,0.57,08/02/2023,2023-02-08 04:25:00,Low,Low1
February,2,8,10:50,1.79,08/02/2023,2023-02-08 10:50:00,High,High1
February,2,8,17:18,0.41,08/02/2023,2023-02-08 17:18:00,Low,Low2
February,2,8,23:26,1.45,08/02/2023,2023-02-08 23:26:00,High,High2
February,2,9,05:03,0.59,09/02/2023,2023-02-09 05:03:00,Low,Low1
February,2,9,11:24,1.74,09/02/2023,2023-02-09 11:24:00,High,High1
February,2,9,17:49,0.43,09/02/2023,2023-02-09 17:49:00,Low,Low2
February,2,10,00:01,1.47,10/02/2023,2023-02-10 00:01:00,High,High1
February,2,10,05:44,0.62,10/02/2023,2023-02-10 05:44:00,Low,Low1
February,2,10,11:58,1.66,10/02/2023,2023-02-10 11:58:00,High,High2
February,2,10,18:20,0.46,10/02/2023,2023-02-10 18:20:00,Low,Low2
February,2,11,00:39,1.49,11/02/2023,2023-02-11 00:39:00,High,High1
February,2,11,06:29,0.66,11/02/2023,2023-02-11 06:29:00,Low,Low1
February,2,11,12:34,1.56,11/02/2023,2023-02-11 12:34:00,High,High2
February,2,11,18:52,0.5,11/02/2023,2023-02-11 18:52:00,Low,Low2
February,2,12,01:21,1.51,12/02/2023,2023-02-12 01:21:00,High,High1
February,2,12,07:19,0.7,12/02/2023,2023-02-12 07:19:00,Low,Low1
February,2,12,13:16,1.45,12/02/2023,2023-02-12 13:16:00,High,High2
February,2,12,19:29,0.56,12/02/2023,2023-02-12 19:29:00,Low,Low2
February,2,13,02:08,1.53,13/02/2023,2023-02-13 02:08:00,High,High1
February,2,13,08:20,0.73,13/02/2023,2023-02-13 08:20:00,Low,Low1
February,2,13,14:10,1.34,13/02/2023,2023-02-13 14:10:00,High,High2
February,2,13,20:13,0.62,13/02/2023,2023-02-13 20:13:00,Low,Low2
February,2,14,03:04,1.56,14/02/2023,2023-02-14 03:04:00,High,High1
February,2,14,09:36,0.72,14/02/2023,2023-02-14 09:36:00,Low,Low1
February,2,14,15:21,1.25,14/02/2023,2023-02-14 15:21:00,High,High2
February,2,14,21:12,0.67,14/02/2023,2023-02-14 21:12:00,Low,Low2
February,2,15,04:11,1.61,15/02/2023,2023-02-15 04:11:00,High,High1
February,2,15,11:02,0.67,15/02/2023,2023-02-15 11:02:00,Low,Low1
February,2,15,16:51,1.21,15/02/2023,2023-02-15 16:51:00,High,High2
February,2,15,22:26,0.69,15/02/2023,2023-02-15 22:26:00,Low,Low2
February,2,16,05:21,1.69,16/02/2023,2023-02-16 05:21:00,High,High1
February,2,16,12:19,0.56,16/02/2023,2023-02-16 12:19:00,Low,Low1
February,2,16,18:14,1.25,16/02/2023,2023-02-16 18:14:00,High,High2
February,2,16,23:41,0.66,16/02/2023,2023-02-16 23:41:00,Low,Low2
February,2,17,06:27,1.81,17/02/2023,2023-02-17 06:27:00,High,High1
February,2,17,13:23,0.43,17/02/2023,2023-02-17 13:23:00,Low,Low1
February,2,17,19:21,1.33,17/02/2023,2023-02-17 19:21:00,High,High2
February,2,18,00:46,0.59,18/02/2023,2023-02-18 00:46:00,Low,Low1
February,2,18,07:27,1.93,18/02/2023,2023-02-18 07:27:00,High,High1
February,2,18,14:16,0.3,18/02/2023,2023-02-18 14:16:00,Low,Low2
February,2,18,20:17,1.43,18/02/2023,2023-02-18 20:17:00,High,High2
February,2,19,01:45,0.5,19/02/2023,2023-02-19 01:45:00,Low,Low1
February,2,19,08:22,2.03,19/02/2023,2023-02-19 08:22:00,High,High1
February,2,19,15:05,0.21,19/02/2023,2023-02-19 15:05:00,Low,Low2
February,2,19,21:08,1.52,19/02/2023,2023-02-19 21:08:00,High,High2
February,2,20,02:40,0.42,20/02/2023,2023-02-20 02:40:00,Low,Low1
February,2,20,09:14,2.08,20/02/2023,2023-02-20 09:14:00,High,High1
February,2,20,15:50,0.16,20/02/2023,2023-02-20 15:50:00,Low,Low2
February,2,20,21:55,1.59,20/02/2023,2023-02-20 21:55:00,High,High2
February,2,21,03:33,0.38,21/02/2023,2023-02-21 03:33:00,Low,Low1
February,2,21,10:03,2.07,21/02/2023,2023-02-21 10:03:00,High,High1
February,2,21,16:33,0.17,21/02/2023,2023-02-21 16:33:00,Low,Low2
February,2,21,22:41,1.65,21/02/2023,2023-02-21 22:41:00,High,High2
February,2,22,04:25,0.37,22/02/2023,2023-02-22 04:25:00,Low,Low1
February,2,22,10:50,1.99,22/02/2023,2023-02-22 10:50:00,High,High1
February,2,22,17:15,0.22,22/02/2023,2023-02-22 17:15:00,Low,Low2
February,2,22,23:27,1.68,22/02/2023,2023-02-22 23:27:00,High,High2
February,2,23,05:17,0.41,23/02/2023,2023-02-23 05:17:00,Low,Low1
February,2,23,11:36,1.85,23/02/2023,2023-02-23 11:36:00,High,High1
February,2,23,17:55,0.31,23/02/2023,2023-02-23 17:55:00,Low,Low2
February,2,24,00:11,1.69,24/02/2023,2023-02-24 00:11:00,High,High1
February,2,24,06:12,0.48,24/02/2023,2023-02-24 06:12:00,Low,Low1
February,2,24,12:21,1.67,24/02/2023,2023-02-24 12:21:00,High,High2
February,2,24,18:33,0.42,24/02/2023,2023-02-24 18:33:00,Low,Low2
February,2,25,00:56,1.67,25/02/2023,2023-02-25 00:56:00,High,High1
February,2,25,07:07,0.57,25/02/2023,2023-02-25 07:07:00,Low,Low1
February,2,25,13:07,1.48,25/02/2023,2023-02-25 13:07:00,High,High2
February,2,25,19:11,0.54,25/02/2023,2023-02-25 19:11:00,Low,Low2
February,2,26,01:43,1.64,26/02/2023,2023-02-26 01:43:00,High,High1
February,2,26,08:08,0.66,26/02/2023,2023-02-26 08:08:00,Low,Low1
February,2,26,13:57,1.31,26/02/2023,2023-02-26 13:57:00,High,High2
February,2,26,19:49,0.66,26/02/2023,2023-02-26 19:49:00,Low,Low2
February,2,27,02:33,1.59,27/02/2023,2023-02-27 02:33:00,High,High1
February,2,27,09:16,0.73,27/02/2023,2023-02-27 09:16:00,Low,Low1
February,2,27,14:57,1.18,27/02/2023,2023-02-27 14:57:00,High,High2
February,2,27,20:35,0.76,27/02/2023,2023-02-27 20:35:00,Low,Low2
February,2,28,03:31,1.55,28/02/2023,2023-02-28 03:31:00,High,High1
February,2,28,10:34,0.75,28/02/2023,2023-02-28 10:34:00,Low,Low1
February,2,28,16:19,1.12,28/02/2023,2023-02-28 16:19:00,High,High2
February,2,28,21:38,0.82,28/02/2023,2023-02-28 21:38:00,Low,Low2
March,3,1,04:36,1.54,01/03/2023,2023-03-01 04:36:00,High,High1
March,3,1,11:52,0.72,01/03/2023,2023-03-01 11:52:00,Low,Low1
March,3,1,17:48,1.13,01/03/2023,2023-03-01 17:48:00,High,High2
March,3,1,22:53,0.84,01/03/2023,2023-03-01 22:53:00,Low,Low2
March,3,2,05:42,1.55,02/03/2023,2023-03-02 05:42:00,High,High1
March,3,2,12:51,0.67,02/03/2023,2023-03-02 12:51:00,Low,Low1
March,3,2,18:51,1.2,02/03/2023,2023-03-02 18:51:00,High,High2
March,3,3,00:02,0.81,03/03/2023,2023-03-03 00:02:00,Low,Low1
March,3,3,06:39,1.6,03/03/2023,2023-03-03 06:39:00,High,High1
March,3,3,13:36,0.6,03/03/2023,2023-03-03 13:36:00,Low,Low2
March,3,3,19:37,1.27,03/03/2023,2023-03-03 19:37:00,High,High2
March,3,4,00:58,0.75,04/03/2023,2023-03-04 00:58:00,Low,Low1
March,3,4,07:26,1.66,04/03/2023,2023-03-04 07:26:00,High,High1
March,3,4,14:13,0.54,04/03/2023,2023-03-04 14:13:00,Low,Low2
March,3,4,20:14,1.34,04/03/2023,2023-03-04 20:14:00,High,High2
March,3,5,01:42,0.68,05/03/2023,2023-03-05 01:42:00,Low,Low1
March,3,5,08:07,1.71,05/03/2023,2023-03-05 08:07:00,High,High1
March,3,5,14:45,0.49,05/03/2023,2023-03-05 14:45:00,Low,Low2
March,3,5,20:47,1.41,05/03/2023,2023-03-05 20:47:00,High,High2
March,3,6,02:21,0.62,06/03/2023,2023-03-06 02:21:00,Low,Low1
March,3,6,08:45,1.75,06/03/2023,2023-03-06 08:45:00,High,High1
March,3,6,15:15,0.45,06/03/2023,2023-03-06 15:15:00,Low,Low2
March,3,6,21:19,1.46,06/03/2023,2023-03-06 21:19:00,High,High2
March,3,7,02:57,0.57,07/03/2023,2023-03-07 02:57:00,Low,Low1
March,3,7,09:18,1.77,07/03/2023,2023-03-07 09:18:00,High,High1
March,3,7,15:44,0.42,07/03/2023,2023-03-07 15:44:00,Low,Low2
March,3,7,21:50,1.51,07/03/2023,2023-03-07 21:50:00,High,High2
March,3,8,03:32,0.54,08/03/2023,2023-03-08 03:32:00,Low,Low1
March,3,8,09:52,1.77,08/03/2023,2023-03-08 09:52:00,High,High1
March,3,8,16:12,0.41,08/03/2023,2023-03-08 16:12:00,Low,Low2
March,3,8,22:21,1.57,08/03/2023,2023-03-08 22:21:00,High,High2
March,3,9,04:09,0.53,09/03/2023,2023-03-09 04:09:00,Low,Low1
March,3,9,10:25,1.74,09/03/2023,2023-03-09 10:25:00,High,High1
March,3,9,16:40,0.42,09/03/2023,2023-03-09 16:40:00,Low,Low2
March,3,9,22:54,1.61,09/03/2023,2023-03-09 22:54:00,High,High2
March,3,10,04:47,0.53,10/03/2023,2023-03-10 04:47:00,Low,Low1
March,3,10,11:00,1.68,10/03/2023,2023-03-10 11:00:00,High,High1
March,3,10,17:08,0.45,10/03/2023,2023-03-10 17:08:00,Low,Low2
March,3,10,23:28,1.65,10/03/2023,2023-03-10 23:28:00,High,High2
March,3,11,05:29,0.55,11/03/2023,2023-03-11 05:29:00,Low,Low1
March,3,11,11:36,1.6,11/03/2023,2023-03-11 11:36:00,High,High1
March,3,11,17:38,0.49,11/03/2023,2023-03-11 17:38:00,Low,Low2
March,3,12,00:03,1.67,12/03/2023,2023-03-12 00:03:00,High,High1
March,3,12,06:15,0.58,12/03/2023,2023-03-12 06:15:00,Low,Low1
March,3,12,12:15,1.5,12/03/2023,2023-03-12 12:15:00,High,High2
March,3,12,18:11,0.56,12/03/2023,2023-03-12 18:11:00,Low,Low2
March,3,13,00:44,1.67,13/03/2023,2023-03-13 00:44:00,High,High1
March,3,13,07:07,0.62,13/03/2023,2023-03-13 07:07:00,Low,Low1
March,3,13,13:02,1.39,13/03/2023,2023-03-13 13:02:00,High,High2
March,3,13,18:49,0.64,13/03/2023,2023-03-13 18:49:00,Low,Low2
March,3,14,01:30,1.65,14/03/2023,2023-03-14 01:30:00,High,High1
March,3,14,08:10,0.66,14/03/2023,2023-03-14 08:10:00,Low,Low1
March,3,14,14:01,1.29,14/03/2023,2023-03-14 14:01:00,High,High2
March,3,14,19:38,0.72,14/03/2023,2023-03-14 19:38:00,Low,Low2
March,3,15,02:30,1.64,15/03/2023,2023-03-15 02:30:00,High,High1
March,3,15,09:27,0.66,15/03/2023,2023-03-15 09:27:00,Low,Low1
March,3,15,15:20,1.22,15/03/2023,2023-03-15 15:20:00,High,High2
March,3,15,20:47,0.78,15/03/2023,2023-03-15 20:47:00,Low,Low2
March,3,16,03:45,1.65,16/03/2023,2023-03-16 03:45:00,High,High1
March,3,16,10:51,0.62,16/03/2023,2023-03-16 10:51:00,Low,Low1
March,3,16,16:53,1.23,16/03/2023,2023-03-16 16:53:00,High,High2
March,3,16,22:15,0.78,16/03/2023,2023-03-16 22:15:00,Low,Low2
March,3,17,05:03,1.7,17/03/2023,2023-03-17 05:03:00,High,High1
March,3,17,12:04,0.52,17/03/2023,2023-03-17 12:04:00,Low,Low1
March,3,17,18:11,1.31,17/03/2023,2023-03-17 18:11:00,High,High2
March,3,17,23:35,0.72,17/03/2023,2023-03-17 23:35:00,Low,Low2
March,3,18,06:13,1.8,18/03/2023,2023-03-18 06:13:00,High,High1
March,3,18,13:03,0.41,18/03/2023,2023-03-18 13:03:00,Low,Low1
March,3,18,19:11,1.42,18/03/2023,2023-03-18 19:11:00,High,High2
March,3,19,00:41,0.61,19/03/2023,2023-03-19 00:41:00,Low,Low1
March,3,19,07:12,1.9,19/03/2023,2023-03-19 07:12:00,High,High1
March,3,19,13:54,0.32,19/03/2023,2023-03-19 13:54:00,Low,Low2
March,3,19,20:00,1.54,19/03/2023,2023-03-19 20:00:00,High,High2
March,3,20,01:39,0.51,20/03/2023,2023-03-20 01:39:00,Low,Low1
March,3,20,08:05,1.96,20/03/2023,2023-03-20 08:05:00,High,High1
March,3,20,14:39,0.26,20/03/2023,2023-03-20 14:39:00,Low,Low2
March,3,20,20:47,1.65,20/03/2023,2023-03-20 20:47:00,High,High2
March,3,21,02:32,0.42,21/03/2023,2023-03-21 02:32:00,Low,Low1
March,3,21,08:55,1.97,21/03/2023,2023-03-21 08:55:00,High,High1
March,3,21,15:20,0.24,21/03/2023,2023-03-21 15:20:00,Low,Low2
March,3,21,21:31,1.73,21/03/2023,2023-03-21 21:31:00,High,High2
March,3,22,03:23,0.38,22/03/2023,2023-03-22 03:23:00,Low,Low1
March,3,22,09:43,1.92,22/03/2023,2023-03-22 09:43:00,High,High1
March,3,22,16:00,0.27,22/03/2023,2023-03-22 16:00:00,Low,Low2
March,3,22,22:14,1.8,22/03/2023,2023-03-22 22:14:00,High,High2
March,3,23,04:15,0.38,23/03/2023,2023-03-23 04:15:00,Low,Low1
March,3,23,10:29,1.82,23/03/2023,2023-03-23 10:29:00,High,High1
March,3,23,16:38,0.34,23/03/2023,2023-03-23 16:38:00,Low,Low2
March,3,23,22:56,1.83,23/03/2023,2023-03-23 22:56:00,High,High2
March,3,24,05:05,0.41,24/03/2023,2023-03-24 05:05:00,Low,Low1
March,3,24,11:14,1.68,24/03/2023,2023-03-24 11:14:00,High,High1
March,3,24,17:14,0.44,24/03/2023,2023-03-24 17:14:00,Low,Low2
March,3,24,23:37,1.82,24/03/2023,2023-03-24 23:37:00,High,High2
March,3,25,05:56,0.48,25/03/2023,2023-03-25 05:56:00,Low,Low1
March,3,25,11:59,1.53,25/03/2023,2023-03-25 11:59:00,High,High1
March,3,25,17:48,0.55,25/03/2023,2023-03-25 17:48:00,Low,Low2
March,3,26,00:17,1.78,26/03/2023,2023-03-26 00:17:00,High,High1
March,3,26,06:48,0.56,26/03/2023,2023-03-26 06:48:00,Low,Low1
March,3,26,12:45,1.38,26/03/2023,2023-03-26 12:45:00,High,High2
March,3,26,18:22,0.67,26/03/2023,2023-03-26 18:22:00,Low,Low2
March,3,27,00:59,1.72,27/03/2023,2023-03-27 00:59:00,High,High1
March,3,27,07:43,0.64,27/03/2023,2023-03-27 07:43:00,Low,Low1
March,3,27,13:33,1.26,27/03/2023,2023-03-27 13:33:00,High,High2
March,3,27,18:59,0.78,27/03/2023,2023-03-27 18:59:00,Low,Low2
March,3,28,01:44,1.64,28/03/2023,2023-03-28 01:44:00,High,High1
March,3,28,08:44,0.7,28/03/2023,2023-03-28 08:44:00,Low,Low1
March,3,28,14:33,1.18,28/03/2023,2023-03-28 14:33:00,High,High2
March,3,28,19:46,0.86,28/03/2023,2023-03-28 19:46:00,Low,Low2
March,3,29,02:37,1.57,29/03/2023,2023-03-29 02:37:00,High,High1
March,3,29,09:52,0.74,29/03/2023,2023-03-29 09:52:00,Low,Low1
March,3,29,15:54,1.15,29/03/2023,2023-03-29 15:54:00,High,High2
March,3,29,20:57,0.92,29/03/2023,2023-03-29 20:57:00,Low,Low2
March,3,30,03:45,1.52,30/03/2023,2023-03-30 03:45:00,High,High1
March,3,30,11:02,0.73,30/03/2023,2023-03-30 11:02:00,Low,Low1
March,3,30,17:20,1.19,30/03/2023,2023-03-30 17:20:00,High,High2
March,3,30,22:22,0.92,30/03/2023,2023-03-30 22:22:00,Low,Low2
March,3,31,04:58,1.52,31/03/2023,2023-03-31 04:58:00,High,High1
March,3,31,12:02,0.69,31/03/2023,2023-03-31 12:02:00,Low,Low1
March,3,31,18:20,1.26,31/03/2023,2023-03-31 18:20:00,High,High2
March,3,31,23:37,0.87,31/03/2023,2023-03-31 23:37:00,Low,Low2
April,4,1,06:00,1.56,01/04/2023,2023-04-01 06:00:00,High,High1
April,4,1,12:50,0.64,01/04/2023,2023-04-01 12:50:00,Low,Low1
April,4,1,19:04,1.35,01/04/2023,2023-04-01 19:04:00,High,High2
April,4,2,00:34,0.8,02/04/2023,2023-04-02 00:34:00,Low,Low1
April,4,2,05:50,1.61,02/04/2023,2023-04-02 05:50:00,High,High1
April,4,2,12:29,0.58,02/04/2023,2023-04-02 12:29:00,Low,Low2
April,4,2,18:41,1.43,02/04/2023,2023-04-02 18:41:00,High,High2
April,4,3,00:19,0.72,03/04/2023,2023-04-03 00:19:00,Low,Low1
April,4,3,06:32,1.66,03/04/2023,2023-04-03 06:32:00,High,High1
April,4,3,13:02,0.53,03/04/2023,2023-04-03 13:02:00,Low,Low2
April,4,3,19:14,1.51,03/04/2023,2023-04-03 19:14:00,High,High2
April,4,4,01:00,0.64,04/04/2023,2023-04-04 01:00:00,Low,Low1
April,4,4,07:10,1.7,04/04/2023,2023-04-04 07:10:00,High,High1
April,4,4,13:31,0.49,04/04/2023,2023-04-04 13:31:00,Low,Low2
April,4,4,19:45,1.59,04/04/2023,2023-04-04 19:45:00,High,High2
April,4,5,01:36,0.58,05/04/2023,2023-04-05 01:36:00,Low,Low1
April,4,5,07:45,1.71,05/04/2023,2023-04-05 07:45:00,High,High1
April,4,5,14:00,0.47,05/04/2023,2023-04-05 14:00:00,Low,Low2
April,4,5,20:15,1.66,05/04/2023,2023-04-05 20:15:00,High,High2
April,4,6,02:14,0.54,06/04/2023,2023-04-06 02:14:00,Low,Low1
April,4,6,08:22,1.69,06/04/2023,2023-04-06 08:22:00,High,High1
April,4,6,14:29,0.46,06/04/2023,2023-04-06 14:29:00,Low,Low2
April,4,6,20:47,1.74,06/04/2023,2023-04-06 20:47:00,High,High2
April,4,7,02:52,0.51,07/04/2023,2023-04-07 02:52:00,Low,Low1
April,4,7,08:59,1.66,07/04/2023,2023-04-07 08:59:00,High,High1
April,4,7,14:58,0.48,07/04/2023,2023-04-07 14:58:00,Low,Low2
April,4,7,21:21,1.79,07/04/2023,2023-04-07 21:21:00,High,High2
April,4,8,03:33,0.49,08/04/2023,2023-04-08 03:33:00,Low,Low1
April,4,8,09:38,1.6,08/04/2023,2023-04-08 09:38:00,High,High1
April,4,8,15:30,0.52,08/04/2023,2023-04-08 15:30:00,Low,Low2
April,4,8,21:57,1.83,08/04/2023,2023-04-08 21:57:00,High,High2
April,4,9,04:18,0.5,09/04/2023,2023-04-09 04:18:00,Low,Low1
April,4,9,10:21,1.52,09/04/2023,2023-04-09 10:21:00,High,High1
April,4,9,16:04,0.58,09/04/2023,2023-04-09 16:04:00,Low,Low2
April,4,9,22:35,1.83,09/04/2023,2023-04-09 22:35:00,High,High2
April,4,10,05:08,0.52,10/04/2023,2023-04-10 05:08:00,Low,Low1
April,4,10,11:09,1.44,10/04/2023,2023-04-10 11:09:00,High,High1
April,4,10,16:43,0.65,10/04/2023,2023-04-10 16:43:00,Low,Low2
April,4,10,23:18,1.81,10/04/2023,2023-04-10 23:18:00,High,High2
April,4,11,06:03,0.56,11/04/2023,2023-04-11 06:03:00,Low,Low1
April,4,11,12:03,1.35,11/04/2023,2023-04-11 12:03:00,High,High1
April,4,11,17:29,0.74,11/04/2023,2023-04-11 17:29:00,Low,Low2
April,4,12,00:10,1.76,12/04/2023,2023-04-12 00:10:00,High,High1
April,4,12,07:09,0.59,12/04/2023,2023-04-12 07:09:00,Low,Low1
April,4,12,13:09,1.29,12/04/2023,2023-04-12 13:09:00,High,High2
April,4,12,18:29,0.81,12/04/2023,2023-04-12 18:29:00,Low,Low2
April,4,13,01:14,1.72,13/04/2023,2023-04-13 01:14:00,High,High1
April,4,13,08:23,0.6,13/04/2023,2023-04-13 08:23:00,Low,Low1
April,4,13,14:30,1.27,13/04/2023,2023-04-13 14:30:00,High,High2
April,4,13,19:46,0.85,13/04/2023,2023-04-13 19:46:00,Low,Low2
April,4,14,02:30,1.7,14/04/2023,2023-04-14 02:30:00,High,High1
April,4,14,09:37,0.56,14/04/2023,2023-04-14 09:37:00,Low,Low1
April,4,14,15:51,1.33,14/04/2023,2023-04-14 15:51:00,High,High2
April,4,14,21:13,0.82,14/04/2023,2023-04-14 21:13:00,Low,Low2
April,4,15,03:48,1.73,15/04/2023,2023-04-15 03:48:00,High,High1
April,4,15,10:41,0.5,15/04/2023,2023-04-15 10:41:00,Low,Low1
April,4,15,16:57,1.43,15/04/2023,2023-04-15 16:57:00,High,High2
April,4,15,22:29,0.74,15/04/2023,2023-04-15 22:29:00,Low,Low2
April,4,16,04:55,1.78,16/04/2023,2023-04-16 04:55:00,High,High1
April,4,16,11:35,0.43,16/04/2023,2023-04-16 11:35:00,Low,Low1
April,4,16,17:50,1.55,16/04/2023,2023-04-16 17:50:00,High,High2
April,4,16,23:33,0.64,16/04/2023,2023-04-16 23:33:00,Low,Low2
April,4,17,05:52,1.83,17/04/2023,2023-04-17 05:52:00,High,High1
April,4,17,12:22,0.38,17/04/2023,2023-04-17 12:22:00,Low,Low1
April,4,17,18:38,1.67,17/04/2023,2023-04-17 18:38:00,High,High2
April,4,18,00:30,0.54,18/04/2023,2023-04-18 00:30:00,Low,Low1
April,4,18,06:45,1.83,18/04/2023,2023-04-18 06:45:00,High,High1
April,4,18,13:04,0.36,18/04/2023,2023-04-18 13:04:00,Low,Low2
April,4,18,19:22,1.78,18/04/2023,2023-04-18 19:22:00,High,High2
April,4,19,01:23,0.47,19/04/2023,2023-04-19 01:23:00,Low,Low1
April,4,19,07:33,1.8,19/04/2023,2023-04-19 07:33:00,High,High1
April,4,19,13:44,0.38,19/04/2023,2023-04-19 13:44:00,Low,Low2
April,4,19,20:04,1.86,19/04/2023,2023-04-19 20:04:00,High,High2
April,4,20,02:14,0.43,20/04/2023,2023-04-20 02:14:00,Low,Low1
April,4,20,08:21,1.72,20/04/2023,2023-04-20 08:21:00,High,High1
April,4,20,14:21,0.42,20/04/2023,2023-04-20 14:21:00,Low,Low2
April,4,20,20:45,1.91,20/04/2023,2023-04-20 20:45:00,High,High2
April,4,21,03:02,0.42,21/04/2023,2023-04-21 03:02:00,Low,Low1
April,4,21,09:07,1.62,21/04/2023,2023-04-21 09:07:00,High,High1
April,4,21,14:57,0.5,21/04/2023,2023-04-21 14:57:00,Low,Low2
April,4,21,21:24,1.93,21/04/2023,2023-04-21 21:24:00,High,High2
April,4,22,03:51,0.45,22/04/2023,2023-04-22 03:51:00,Low,Low1
April,4,22,09:53,1.52,22/04/2023,2023-04-22 09:53:00,High,High1
April,4,22,15:32,0.59,22/04/2023,2023-04-22 15:32:00,Low,Low2
April,4,22,22:02,1.91,22/04/2023,2023-04-22 22:02:00,High,High2
April,4,23,04:38,0.5,23/04/2023,2023-04-23 04:38:00,Low,Low1
April,4,23,10:38,1.42,23/04/2023,2023-04-23 10:38:00,High,High1
April,4,23,16:06,0.69,23/04/2023,2023-04-23 16:06:00,Low,Low2
April,4,23,22:40,1.85,23/04/2023,2023-04-23 22:40:00,High,High2
April,4,24,05:26,0.56,24/04/2023,2023-04-24 05:26:00,Low,Low1
April,4,24,11:24,1.33,24/04/2023,2023-04-24 11:24:00,High,High1
April,4,24,16:41,0.78,24/04/2023,2023-04-24 16:41:00,Low,Low2
April,4,24,23:18,1.78,24/04/2023,2023-04-24 23:18:00,High,High2
April,4,25,06:15,0.62,25/04/2023,2023-04-25 06:15:00,Low,Low1
April,4,25,12:13,1.27,25/04/2023,2023-04-25 12:13:00,High,High1
April,4,25,17:21,0.86,25/04/2023,2023-04-25 17:21:00,Low,Low2
April,4,26,00:00,1.69,26/04/2023,2023-04-26 00:00:00,High,High1
April,4,26,07:07,0.68,26/04/2023,2023-04-26 07:07:00,Low,Low1
April,4,26,13:08,1.23,26/04/2023,2023-04-26 13:08:00,High,High2
April,4,26,18:13,0.92,26/04/2023,2023-04-26 18:13:00,Low,Low2
April,4,27,00:51,1.61,27/04/2023,2023-04-27 00:51:00,High,High1
April,4,27,08:05,0.72,27/04/2023,2023-04-27 08:05:00,Low,Low1
April,4,27,14:15,1.23,27/04/2023,2023-04-27 14:15:00,High,High2
April,4,27,19:20,0.96,27/04/2023,2023-04-27 19:20:00,Low,Low2
April,4,28,01:53,1.55,28/04/2023,2023-04-28 01:53:00,High,High1
April,4,28,09:07,0.73,28/04/2023,2023-04-28 09:07:00,Low,Low1
April,4,28,15:30,1.26,28/04/2023,2023-04-28 15:30:00,High,High2
April,4,28,20:41,0.96,28/04/2023,2023-04-28 20:41:00,Low,Low2
April,4,29,03:04,1.52,29/04/2023,2023-04-29 03:04:00,High,High1
April,4,29,10:03,0.7,29/04/2023,2023-04-29 10:03:00,Low,Low1
April,4,29,16:30,1.33,29/04/2023,2023-04-29 16:30:00,High,High2
April,4,29,21:56,0.92,29/04/2023,2023-04-29 21:56:00,Low,Low2
April,4,30,04:09,1.54,30/04/2023,2023-04-30 04:09:00,High,High1
April,4,30,10:52,0.66,30/04/2023,2023-04-30 10:52:00,Low,Low1
April,4,30,17:17,1.42,30/04/2023,2023-04-30 17:17:00,High,High2
April,4,30,22:57,0.85,30/04/2023,2023-04-30 22:57:00,Low,Low2
May,5,1,05:02,1.57,01/05/2023,2023-05-01 05:02:00,High,High1
May,5,1,11:32,0.61,01/05/2023,2023-05-01 11:32:00,Low,Low1
May,5,1,17:56,1.51,01/05/2023,2023-05-01 17:56:00,High,High2
May,5,1,23:47,0.77,01/05/2023,2023-05-01 23:47:00,Low,Low2
May,5,2,05:48,1.6,02/05/2023,2023-05-02 05:48:00,High,High1
May,5,2,12:08,0.57,02/05/2023,2023-05-02 12:08:00,Low,Low1
May,5,2,18:30,1.61,02/05/2023,2023-05-02 18:30:00,High,High2
May,5,3,00:31,0.68,03/05/2023,2023-05-03 00:31:00,Low,Low1
May,5,3,06:30,1.61,03/05/2023,2023-05-03 06:30:00,High,High1
May,5,3,12:40,0.54,03/05/2023,2023-05-03 12:40:00,Low,Low2
May,5,3,19:04,1.71,03/05/2023,2023-05-03 19:04:00,High,High2
May,5,4,01:12,0.61,04/05/2023,2023-05-04 01:12:00,Low,Low1
May,5,4,07:10,1.61,04/05/2023,2023-05-04 07:10:00,High,High1
May,5,4,13:11,0.53,04/05/2023,2023-05-04 13:11:00,Low,Low2
May,5,4,19:38,1.8,04/05/2023,2023-05-04 19:38:00,High,High2
May,5,5,01:53,0.54,05/05/2023,2023-05-05 01:53:00,Low,Low1
May,5,5,07:51,1.6,05/05/2023,2023-05-05 07:51:00,High,High1
May,5,5,13:44,0.53,05/05/2023,2023-05-05 13:44:00,Low,Low2
May,5,5,20:13,1.89,05/05/2023,2023-05-05 20:13:00,High,High2
May,5,6,02:36,0.48,06/05/2023,2023-05-06 02:36:00,Low,Low1
May,5,6,08:35,1.57,06/05/2023,2023-05-06 08:35:00,High,High1
May,5,6,14:18,0.55,06/05/2023,2023-05-06 14:18:00,Low,Low2
May,5,6,20:51,1.95,06/05/2023,2023-05-06 20:51:00,High,High2
May,5,7,03:21,0.44,07/05/2023,2023-05-07 03:21:00,Low,Low1
May,5,7,09:22,1.52,07/05/2023,2023-05-07 09:22:00,High,High1
May,5,7,14:57,0.59,07/05/2023,2023-05-07 14:57:00,Low,Low2
May,5,7,21:31,1.97,07/05/2023,2023-05-07 21:31:00,High,High2
May,5,8,04:10,0.44,08/05/2023,2023-05-08 04:10:00,Low,Low1
May,5,8,10:13,1.47,08/05/2023,2023-05-08 10:13:00,High,High1
May,5,8,15:40,0.65,08/05/2023,2023-05-08 15:40:00,Low,Low2
May,5,8,22:16,1.96,08/05/2023,2023-05-08 22:16:00,High,High2
May,5,9,05:03,0.45,09/05/2023,2023-05-09 05:03:00,Low,Low1
May,5,9,11:07,1.42,09/05/2023,2023-05-09 11:07:00,High,High1
May,5,9,16:29,0.72,09/05/2023,2023-05-09 16:29:00,Low,Low2
May,5,9,23:05,1.92,09/05/2023,2023-05-09 23:05:00,High,High2
May,5,10,06:01,0.48,10/05/2023,2023-05-10 06:01:00,Low,Low1
May,5,10,12:07,1.37,10/05/2023,2023-05-10 12:07:00,High,High1
May,5,10,17:25,0.78,10/05/2023,2023-05-10 17:25:00,Low,Low2
May,5,11,00:01,1.86,11/05/2023,2023-05-11 00:01:00,High,High1
May,5,11,07:05,0.51,11/05/2023,2023-05-11 07:05:00,Low,Low1
May,5,11,13:14,1.35,11/05/2023,2023-05-11 13:14:00,High,High2
May,5,11,18:30,0.83,11/05/2023,2023-05-11 18:30:00,Low,Low2
May,5,12,01:05,1.8,12/05/2023,2023-05-12 01:05:00,High,High1
May,5,12,08:11,0.53,12/05/2023,2023-05-12 08:11:00,Low,Low1
May,5,12,14:25,1.38,12/05/2023,2023-05-12 14:25:00,High,High2
May,5,12,19:45,0.84,12/05/2023,2023-05-12 19:45:00,Low,Low2
May,5,13,02:17,1.75,13/05/2023,2023-05-13 02:17:00,High,High1
May,5,13,09:14,0.52,13/05/2023,2023-05-13 09:14:00,Low,Low1
May,5,13,15:32,1.45,13/05/2023,2023-05-13 15:32:00,High,High2
May,5,13,21:03,0.81,13/05/2023,2023-05-13 21:03:00,Low,Low2
May,5,14,03:29,1.73,14/05/2023,2023-05-14 03:29:00,High,High1
May,5,14,10:10,0.5,14/05/2023,2023-05-14 10:10:00,Low,Low1
May,5,14,16:31,1.55,14/05/2023,2023-05-14 16:31:00,High,High2
May,5,14,22:17,0.75,14/05/2023,2023-05-14 22:17:00,Low,Low2
May,5,15,04:32,1.71,15/05/2023,2023-05-15 04:32:00,High,High1
May,5,15,11:00,0.48,15/05/2023,2023-05-15 11:00:00,Low,Low1
May,5,15,17:24,1.66,15/05/2023,2023-05-15 17:24:00,High,High2
May,5,15,23:23,0.67,15/05/2023,2023-05-15 23:23:00,Low,Low2
May,5,16,05:29,1.69,16/05/2023,2023-05-16 05:29:00,High,High1
May,5,16,11:45,0.47,16/05/2023,2023-05-16 11:45:00,Low,Low1
May,5,16,18:11,1.77,16/05/2023,2023-05-16 18:11:00,High,High2
May,5,17,00:22,0.59,17/05/2023,2023-05-17 00:22:00,Low,Low1
May,5,17,06:22,1.64,17/05/2023,2023-05-17 06:22:00,High,High1
May,5,17,12:25,0.49,17/05/2023,2023-05-17 12:25:00,Low,Low2
May,5,17,18:54,1.86,17/05/2023,2023-05-17 18:54:00,High,High2
May,5,18,01:15,0.53,18/05/2023,2023-05-18 01:15:00,Low,Low1
May,5,18,07:12,1.59,18/05/2023,2023-05-18 07:12:00,High,High1
May,5,18,13:04,0.52,18/05/2023,2023-05-18 13:04:00,Low,Low2
May,5,18,19:35,1.92,18/05/2023,2023-05-18 19:35:00,High,High2
May,5,19,02:04,0.49,19/05/2023,2023-05-19 02:04:00,Low,Low1
May,5,19,08:00,1.52,19/05/2023,2023-05-19 08:00:00,High,High1
May,5,19,13:42,0.57,19/05/2023,2023-05-19 13:42:00,Low,Low2
May,5,19,20:15,1.95,19/05/2023,2023-05-19 20:15:00,High,High2
May,5,20,02:50,0.47,20/05/2023,2023-05-20 02:50:00,Low,Low1
May,5,20,08:47,1.46,20/05/2023,2023-05-20 08:47:00,High,High1
May,5,20,14:18,0.63,20/05/2023,2023-05-20 14:18:00,Low,Low2
May,5,20,20:54,1.95,20/05/2023,2023-05-20 20:54:00,High,High2
May,5,21,03:34,0.48,21/05/2023,2023-05-21 03:34:00,Low,Low1
May,5,21,09:33,1.41,21/05/2023,2023-05-21 09:33:00,High,High1
May,5,21,14:55,0.7,21/05/2023,2023-05-21 14:55:00,Low,Low2
May,5,21,21:30,1.93,21/05/2023,2023-05-21 21:30:00,High,High2
May,5,22,04:16,0.51,22/05/2023,2023-05-22 04:16:00,Low,Low1
May,5,22,10:17,1.36,22/05/2023,2023-05-22 10:17:00,High,High1
May,5,22,15:32,0.76,22/05/2023,2023-05-22 15:32:00,Low,Low2
May,5,22,22:08,1.87,22/05/2023,2023-05-22 22:08:00,High,High2
May,5,23,04:59,0.55,23/05/2023,2023-05-23 04:59:00,Low,Low1
May,5,23,11:01,1.33,23/05/2023,2023-05-23 11:01:00,High,High1
May,5,23,16:12,0.81,23/05/2023,2023-05-23 16:12:00,Low,Low2
May,5,23,22:46,1.81,23/05/2023,2023-05-23 22:46:00,High,High2
May,5,24,05:42,0.6,24/05/2023,2023-05-24 05:42:00,Low,Low1
May,5,24,11:46,1.31,24/05/2023,2023-05-24 11:46:00,High,High1
May,5,24,16:55,0.86,24/05/2023,2023-05-24 16:55:00,Low,Low2
May,5,24,23:28,1.73,24/05/2023,2023-05-24 23:28:00,High,High2
May,5,25,06:28,0.65,25/05/2023,2023-05-25 06:28:00,Low,Low1
May,5,25,12:35,1.29,25/05/2023,2023-05-25 12:35:00,High,High1
May,5,25,17:45,0.9,25/05/2023,2023-05-25 17:45:00,Low,Low2
May,5,26,00:14,1.66,26/05/2023,2023-05-26 00:14:00,High,High1
May,5,26,07:18,0.68,26/05/2023,2023-05-26 07:18:00,Low,Low1
May,5,26,13:30,1.3,26/05/2023,2023-05-26 13:30:00,High,High2
May,5,26,18:44,0.93,26/05/2023,2023-05-26 18:44:00,Low,Low2
May,5,27,01:07,1.59,27/05/2023,2023-05-27 01:07:00,High,High1
May,5,27,08:11,0.69,27/05/2023,2023-05-27 08:11:00,Low,Low1
May,5,27,14:30,1.33,27/05/2023,2023-05-27 14:30:00,High,High2
May,5,27,19:52,0.94,27/05/2023,2023-05-27 19:52:00,Low,Low2
May,5,28,02:07,1.54,28/05/2023,2023-05-28 02:07:00,High,High1
May,5,28,09:02,0.68,28/05/2023,2023-05-28 09:02:00,Low,Low1
May,5,28,15:29,1.38,28/05/2023,2023-05-28 15:29:00,High,High2
May,5,28,21:04,0.93,28/05/2023,2023-05-28 21:04:00,Low,Low2
May,5,29,03:10,1.52,29/05/2023,2023-05-29 03:10:00,High,High1
May,5,29,09:49,0.66,29/05/2023,2023-05-29 09:49:00,Low,Low1
May,5,29,16:20,1.47,29/05/2023,2023-05-29 16:20:00,High,High2
May,5,29,22:11,0.87,29/05/2023,2023-05-29 22:11:00,Low,Low2
May,5,30,04:07,1.51,30/05/2023,2023-05-30 04:07:00,High,High1
May,5,30,10:30,0.63,30/05/2023,2023-05-30 10:30:00,Low,Low1
May,5,30,17:04,1.57,30/05/2023,2023-05-30 17:04:00,High,High2
May,5,30,23:09,0.8,30/05/2023,2023-05-30 23:09:00,Low,Low2
May,5,31,05:00,1.5,31/05/2023,2023-05-31 05:00:00,High,High1
May,5,31,11:09,0.6,31/05/2023,2023-05-31 11:09:00,Low,Low1
May,5,31,17:44,1.67,31/05/2023,2023-05-31 17:44:00,High,High2
June,6,1,00:00,0.7,01/06/2023,2023-06-01 00:00:00,Low,Low1
June,6,1,05:49,1.5,01/06/2023,2023-06-01 05:49:00,High,High1
June,6,1,11:45,0.59,01/06/2023,2023-06-01 11:45:00,Low,Low2
June,6,1,18:22,1.79,01/06/2023,2023-06-01 18:22:00,High,High2
June,6,2,00:47,0.61,02/06/2023,2023-06-02 00:47:00,Low,Low1
June,6,2,06:37,1.5,02/06/2023,2023-06-02 06:37:00,High,High1
June,6,2,12:24,0.58,02/06/2023,2023-06-02 12:24:00,Low,Low2
June,6,2,19:01,1.89,02/06/2023,2023-06-02 19:01:00,High,High2
June,6,3,01:33,0.51,03/06/2023,2023-06-03 01:33:00,Low,Low1
June,6,3,07:26,1.5,03/06/2023,2023-06-03 07:26:00,High,High1
June,6,3,13:03,0.58,03/06/2023,2023-06-03 13:03:00,Low,Low2
June,6,3,19:43,1.98,03/06/2023,2023-06-03 19:43:00,High,High2
June,6,4,02:21,0.43,04/06/2023,2023-06-04 02:21:00,Low,Low1
June,6,4,08:17,1.49,04/06/2023,2023-06-04 08:17:00,High,High1
June,6,4,13:47,0.59,04/06/2023,2023-06-04 13:47:00,Low,Low2
June,6,4,20:27,2.04,04/06/2023,2023-06-04 20:27:00,High,High2
June,6,5,03:10,0.38,05/06/2023,2023-06-05 03:10:00,Low,Low1
June,6,5,09:11,1.47,05/06/2023,2023-06-05 09:11:00,High,High1
June,6,5,14:35,0.61,05/06/2023,2023-06-05 14:35:00,Low,Low2
June,6,5,21:15,2.06,05/06/2023,2023-06-05 21:15:00,High,High2
June,6,6,04:01,0.36,06/06/2023,2023-06-06 04:01:00,Low,Low1
June,6,6,10:05,1.46,06/06/2023,2023-06-06 10:05:00,High,High1
June,6,6,15:27,0.65,06/06/2023,2023-06-06 15:27:00,Low,Low2
June,6,6,22:04,2.05,06/06/2023,2023-06-06 22:04:00,High,High2
June,6,7,04:56,0.36,07/06/2023,2023-06-07 04:56:00,Low,Low1
June,6,7,11:02,1.44,07/06/2023,2023-06-07 11:02:00,High,High1
June,6,7,16:23,0.68,07/06/2023,2023-06-07 16:23:00,Low,Low2
June,6,7,22:58,2.01,07/06/2023,2023-06-07 22:58:00,High,High2
June,6,8,05:52,0.39,08/06/2023,2023-06-08 05:52:00,Low,Low1
June,6,8,12:00,1.43,08/06/2023,2023-06-08 12:00:00,High,High1
June,6,8,17:22,0.72,08/06/2023,2023-06-08 17:22:00,Low,Low2
June,6,8,23:53,1.93,08/06/2023,2023-06-08 23:53:00,High,High2
June,6,9,06:49,0.43,09/06/2023,2023-06-09 06:49:00,Low,Low1
June,6,9,13:01,1.44,09/06/2023,2023-06-09 13:01:00,High,High1
June,6,9,18:26,0.76,09/06/2023,2023-06-09 18:26:00,Low,Low2
June,6,10,00:53,1.84,10/06/2023,2023-06-10 00:53:00,High,High1
June,6,10,07:46,0.46,10/06/2023,2023-06-10 07:46:00,Low,Low1
June,6,10,14:03,1.48,10/06/2023,2023-06-10 14:03:00,High,High2
June,6,10,19:35,0.78,10/06/2023,2023-06-10 19:35:00,Low,Low2
June,6,11,01:57,1.74,11/06/2023,2023-06-11 01:57:00,High,High1
June,6,11,08:41,0.49,11/06/2023,2023-06-11 08:41:00,Low,Low1
June,6,11,15:04,1.54,11/06/2023,2023-06-11 15:04:00,High,High2
June,6,11,20:49,0.78,11/06/2023,2023-06-11 20:49:00,Low,Low2
June,6,12,03:02,1.64,12/06/2023,2023-06-12 03:02:00,High,High1
June,6,12,09:32,0.52,12/06/2023,2023-06-12 09:32:00,Low,Low1
June,6,12,16:01,1.62,12/06/2023,2023-06-12 16:01:00,High,High2
June,6,12,22:03,0.75,12/06/2023,2023-06-12 22:03:00,Low,Low2
June,6,13,04:06,1.56,13/06/2023,2023-06-13 04:06:00,High,High1
June,6,13,10:20,0.54,13/06/2023,2023-06-13 10:20:00,Low,Low1
June,6,13,16:55,1.71,13/06/2023,2023-06-13 16:55:00,High,High2
June,6,13,23:15,0.69,13/06/2023,2023-06-13 23:15:00,Low,Low2
June,6,14,05:06,1.49,14/06/2023,2023-06-14 05:06:00,High,High1
June,6,14,11:04,0.57,14/06/2023,2023-06-14 11:04:00,Low,Low1
June,6,14,17:43,1.8,14/06/2023,2023-06-14 17:43:00,High,High2
June,6,15,00:15,0.62,15/06/2023,2023-06-15 00:15:00,Low,Low1
June,6,15,06:02,1.43,15/06/2023,2023-06-15 06:02:00,High,High1
June,6,15,11:46,0.6,15/06/2023,2023-06-15 11:46:00,Low,Low2
June,6,15,18:28,1.86,15/06/2023,2023-06-15 18:28:00,High,High2
June,6,16,01:08,0.56,16/06/2023,2023-06-16 01:08:00,Low,Low1
June,6,16,06:55,1.4,16/06/2023,2023-06-16 06:55:00,High,High1
June,6,16,12:28,0.63,16/06/2023,2023-06-16 12:28:00,Low,Low2
June,6,16,19:10,1.9,16/06/2023,2023-06-16 19:10:00,High,High2
June,6,17,01:54,0.52,17/06/2023,2023-06-17 01:54:00,Low,Low1
June,6,17,07:45,1.37,17/06/2023,2023-06-17 07:45:00,High,High1
June,6,17,13:09,0.66,17/06/2023,2023-06-17 13:09:00,Low,Low2
June,6,17,19:50,1.92,17/06/2023,2023-06-17 19:50:00,High,High2
June,6,18,02:36,0.49,18/06/2023,2023-06-18 02:36:00,Low,Low1
June,6,18,08:30,1.36,18/06/2023,2023-06-18 08:30:00,High,High1
June,6,18,13:48,0.69,18/06/2023,2023-06-18 13:48:00,Low,Low2
June,6,18,20:29,1.92,18/06/2023,2023-06-18 20:29:00,High,High2
June,6,19,03:15,0.49,19/06/2023,2023-06-19 03:15:00,Low,Low1
June,6,19,09:14,1.35,19/06/2023,2023-06-19 09:14:00,High,High1
June,6,19,14:28,0.72,19/06/2023,2023-06-19 14:28:00,Low,Low2
June,6,19,21:06,1.9,19/06/2023,2023-06-19 21:06:00,High,High2
June,6,20,03:53,0.5,20/06/2023,2023-06-20 03:53:00,Low,Low1
June,6,20,09:55,1.35,20/06/2023,2023-06-20 09:55:00,High,High1
June,6,20,15:08,0.74,20/06/2023,2023-06-20 15:08:00,Low,Low2
June,6,20,21:44,1.86,20/06/2023,2023-06-20 21:44:00,High,High2
June,6,21,04:30,0.52,21/06/2023,2023-06-21 04:30:00,Low,Low1
June,6,21,10:34,1.34,21/06/2023,2023-06-21 10:34:00,High,High1
June,6,21,15:48,0.76,21/06/2023,2023-06-21 15:48:00,Low,Low2
June,6,21,22:21,1.81,21/06/2023,2023-06-21 22:21:00,High,High2
June,6,22,05:09,0.55,22/06/2023,2023-06-22 05:09:00,Low,Low1
June,6,22,11:15,1.34,22/06/2023,2023-06-22 11:15:00,High,High1
June,6,22,16:31,0.79,22/06/2023,2023-06-22 16:31:00,Low,Low2
June,6,22,23:00,1.76,22/06/2023,2023-06-22 23:00:00,High,High2
June,6,23,05:49,0.58,23/06/2023,2023-06-23 05:49:00,Low,Low1
June,6,23,11:59,1.34,23/06/2023,2023-06-23 11:59:00,High,High1
June,6,23,17:16,0.82,23/06/2023,2023-06-23 17:16:00,Low,Low2
June,6,23,23:40,1.69,23/06/2023,2023-06-23 23:40:00,High,High2
June,6,24,06:30,0.61,24/06/2023,2023-06-24 06:30:00,Low,Low1
June,6,24,12:45,1.35,24/06/2023,2023-06-24 12:45:00,High,High1
June,6,24,18:08,0.85,24/06/2023,2023-06-24 18:08:00,Low,Low2
June,6,25,00:25,1.61,25/06/2023,2023-06-25 00:25:00,High,High1
June,6,25,07:15,0.62,25/06/2023,2023-06-25 07:15:00,Low,Low1
June,6,25,13:35,1.38,25/06/2023,2023-06-25 13:35:00,High,High2
June,6,25,19:05,0.88,25/06/2023,2023-06-25 19:05:00,Low,Low2
June,6,26,01:14,1.54,26/06/2023,2023-06-26 01:14:00,High,High1
June,6,26,07:59,0.63,26/06/2023,2023-06-26 07:59:00,Low,Low1
June,6,26,14:29,1.42,26/06/2023,2023-06-26 14:29:00,High,High2
June,6,26,20:12,0.89,26/06/2023,2023-06-26 20:12:00,Low,Low2
June,6,27,02:10,1.47,27/06/2023,2023-06-27 02:10:00,High,High1
June,6,27,08:43,0.63,27/06/2023,2023-06-27 08:43:00,Low,Low1
June,6,27,15:21,1.5,27/06/2023,2023-06-27 15:21:00,High,High2
June,6,27,21:23,0.86,27/06/2023,2023-06-27 21:23:00,Low,Low2
June,6,28,03:12,1.41,28/06/2023,2023-06-28 03:12:00,High,High1
June,6,28,09:28,0.63,28/06/2023,2023-06-28 09:28:00,Low,Low1
June,6,28,16:11,1.59,28/06/2023,2023-06-28 16:11:00,High,High2
June,6,28,22:30,0.79,28/06/2023,2023-06-28 22:30:00,Low,Low2
June,6,29,04:15,1.38,29/06/2023,2023-06-29 04:15:00,High,High1
June,6,29,10:13,0.63,29/06/2023,2023-06-29 10:13:00,Low,Low1
June,6,29,16:59,1.69,29/06/2023,2023-06-29 16:59:00,High,High2
June,6,29,23:31,0.69,29/06/2023,2023-06-29 23:31:00,Low,Low2
June,6,30,05:15,1.38,30/06/2023,2023-06-30 05:15:00,High,High1
June,6,30,10:59,0.62,30/06/2023,2023-06-30 10:59:00,Low,Low1
June,6,30,17:45,1.81,30/06/2023,2023-06-30 17:45:00,High,High2
July,7,1,00:26,0.57,01/07/2023,2023-07-01 00:26:00,Low,Low1
July,7,1,06:13,1.39,01/07/2023,2023-07-01 06:13:00,High,High1
July,7,1,11:47,0.6,01/07/2023,2023-07-01 11:47:00,Low,Low2
July,7,1,18:32,1.91,01/07/2023,2023-07-01 18:32:00,High,High2
July,7,2,01:17,0.45,02/07/2023,2023-07-02 01:17:00,Low,Low1
July,7,2,07:09,1.41,02/07/2023,2023-07-02 07:09:00,High,High1
July,7,2,12:37,0.58,02/07/2023,2023-07-02 12:37:00,Low,Low2
July,7,2,19:21,2.01,02/07/2023,2023-07-02 19:21:00,High,High2
July,7,3,02:08,0.36,03/07/2023,2023-07-03 02:08:00,Low,Low1
July,7,3,08:04,1.43,03/07/2023,2023-07-03 08:04:00,High,High1
July,7,3,13:30,0.57,03/07/2023,2023-07-03 13:30:00,Low,Low2
July,7,3,20:11,2.08,03/07/2023,2023-07-03 20:11:00,High,High2
July,7,4,02:58,0.29,04/07/2023,2023-07-04 02:58:00,Low,Low1
July,7,4,09:00,1.46,04/07/2023,2023-07-04 09:00:00,High,High1
July,7,4,14:23,0.55,04/07/2023,2023-07-04 14:23:00,Low,Low2
July,7,4,21:02,2.12,04/07/2023,2023-07-04 21:02:00,High,High2
July,7,5,03:48,0.25,05/07/2023,2023-07-05 03:48:00,Low,Low1
July,7,5,09:54,1.48,05/07/2023,2023-07-05 09:54:00,High,High1
July,7,5,15:17,0.55,05/07/2023,2023-07-05 15:17:00,Low,Low2
July,7,5,21:54,2.11,05/07/2023,2023-07-05 21:54:00,High,High2
July,7,6,04:40,0.25,06/07/2023,2023-07-06 04:40:00,Low,Low1
July,7,6,10:47,1.49,06/07/2023,2023-07-06 10:47:00,High,High1
July,7,6,16:14,0.56,06/07/2023,2023-07-06 16:14:00,Low,Low2
July,7,6,22:45,2.05,06/07/2023,2023-07-06 22:45:00,High,High2
July,7,7,05:30,0.29,07/07/2023,2023-07-07 05:30:00,Low,Low1
July,7,7,11:41,1.51,07/07/2023,2023-07-07 11:41:00,High,High1
July,7,7,17:12,0.6,07/07/2023,2023-07-07 17:12:00,Low,Low2
July,7,7,23:38,1.94,07/07/2023,2023-07-07 23:38:00,High,High2
July,7,8,06:21,0.34,08/07/2023,2023-07-08 06:21:00,Low,Low1
July,7,8,12:36,1.53,08/07/2023,2023-07-08 12:36:00,High,High1
July,7,8,18:14,0.65,08/07/2023,2023-07-08 18:14:00,Low,Low2
July,7,9,00:32,1.79,09/07/2023,2023-07-09 00:32:00,High,High1
July,7,9,07:12,0.41,09/07/2023,2023-07-09 07:12:00,Low,Low1
July,7,9,13:32,1.56,09/07/2023,2023-07-09 13:32:00,High,High2
July,7,9,19:19,0.7,09/07/2023,2023-07-09 19:19:00,Low,Low2
July,7,10,01:30,1.63,10/07/2023,2023-07-10 01:30:00,High,High1
July,7,10,08:00,0.49,10/07/2023,2023-07-10 08:00:00,Low,Low1
July,7,10,14:30,1.6,10/07/2023,2023-07-10 14:30:00,High,High2
July,7,10,20:32,0.73,10/07/2023,2023-07-10 20:32:00,Low,Low2
July,7,11,02:32,1.47,11/07/2023,2023-07-11 02:32:00,High,High1
July,7,11,08:49,0.55,11/07/2023,2023-07-11 08:49:00,Low,Low1
July,7,11,15:28,1.65,11/07/2023,2023-07-11 15:28:00,High,High2
July,7,11,21:52,0.73,11/07/2023,2023-07-11 21:52:00,Low,Low2
July,7,12,03:41,1.36,12/07/2023,2023-07-12 03:41:00,High,High1
July,7,12,09:38,0.61,12/07/2023,2023-07-12 09:38:00,Low,Low1
July,7,12,16:24,1.7,12/07/2023,2023-07-12 16:24:00,High,High2
July,7,12,23:08,0.69,12/07/2023,2023-07-12 23:08:00,Low,Low2
July,7,13,04:48,1.29,13/07/2023,2023-07-13 04:48:00,High,High1
July,7,13,10:28,0.65,13/07/2023,2023-07-13 10:28:00,Low,Low1
July,7,13,17:16,1.75,13/07/2023,2023-07-13 17:16:00,High,High2
July,7,14,00:10,0.62,14/07/2023,2023-07-14 00:10:00,Low,Low1
July,7,14,05:51,1.26,14/07/2023,2023-07-14 05:51:00,High,High1
July,7,14,11:16,0.68,14/07/2023,2023-07-14 11:16:00,Low,Low2
July,7,14,18:05,1.79,14/07/2023,2023-07-14 18:05:00,High,High2
July,7,15,01:00,0.56,15/07/2023,2023-07-15 01:00:00,Low,Low1
July,7,15,06:45,1.27,15/07/2023,2023-07-15 06:45:00,High,High1
July,7,15,12:04,0.69,15/07/2023,2023-07-15 12:04:00,Low,Low2
July,7,15,18:49,1.82,15/07/2023,2023-07-15 18:49:00,High,High2
July,7,16,01:42,0.51,16/07/2023,2023-07-16 01:42:00,Low,Low1
July,7,16,07:32,1.29,16/07/2023,2023-07-16 07:32:00,High,High1
July,7,16,12:49,0.68,16/07/2023,2023-07-16 12:49:00,Low,Low2
July,7,16,19:30,1.84,16/07/2023,2023-07-16 19:30:00,High,High2
July,7,17,02:19,0.48,17/07/2023,2023-07-17 02:19:00,Low,Low1
July,7,17,08:15,1.32,17/07/2023,2023-07-17 08:15:00,High,High1
July,7,17,13:31,0.67,17/07/2023,2023-07-17 13:31:00,Low,Low2
July,7,17,20:10,1.85,17/07/2023,2023-07-17 20:10:00,High,High2
July,7,18,02:54,0.46,18/07/2023,2023-07-18 02:54:00,Low,Low1
July,7,18,08:53,1.34,18/07/2023,2023-07-18 08:53:00,High,High1
July,7,18,14:11,0.66,18/07/2023,2023-07-18 14:11:00,Low,Low2
July,7,18,20:46,1.85,18/07/2023,2023-07-18 20:46:00,High,High2
July,7,19,03:28,0.46,19/07/2023,2023-07-19 03:28:00,Low,Low1
July,7,19,09:30,1.36,19/07/2023,2023-07-19 09:30:00,High,High1
July,7,19,14:49,0.66,19/07/2023,2023-07-19 14:49:00,Low,Low2
July,7,19,21:22,1.83,19/07/2023,2023-07-19 21:22:00,High,High2
July,7,20,04:01,0.46,20/07/2023,2023-07-20 04:01:00,Low,Low1
July,7,20,10:05,1.37,20/07/2023,2023-07-20 10:05:00,High,High1
July,7,20,15:28,0.66,20/07/2023,2023-07-20 15:28:00,Low,Low2
July,7,20,21:57,1.8,20/07/2023,2023-07-20 21:57:00,High,High2
July,7,21,04:34,0.48,21/07/2023,2023-07-21 04:34:00,Low,Low1
July,7,21,10:42,1.38,21/07/2023,2023-07-21 10:42:00,High,High1
July,7,21,16:08,0.68,21/07/2023,2023-07-21 16:08:00,Low,Low2
July,7,21,22:31,1.75,21/07/2023,2023-07-21 22:31:00,High,High2
July,7,22,05:09,0.49,22/07/2023,2023-07-22 05:09:00,Low,Low1
July,7,22,11:20,1.39,22/07/2023,2023-07-22 11:20:00,High,High1
July,7,22,16:50,0.71,22/07/2023,2023-07-22 16:50:00,Low,Low2
July,7,22,23:08,1.67,22/07/2023,2023-07-22 23:08:00,High,High2
July,7,23,05:44,0.52,23/07/2023,2023-07-23 05:44:00,Low,Low1
July,7,23,12:01,1.41,23/07/2023,2023-07-23 12:01:00,High,High1
July,7,23,17:36,0.75,23/07/2023,2023-07-23 17:36:00,Low,Low2
July,7,23,23:45,1.58,23/07/2023,2023-07-23 23:45:00,High,High2
July,7,24,06:19,0.55,24/07/2023,2023-07-24 06:19:00,Low,Low1
July,7,24,12:45,1.43,24/07/2023,2023-07-24 12:45:00,High,High1
July,7,24,18:28,0.79,24/07/2023,2023-07-24 18:28:00,Low,Low2
July,7,25,00:29,1.48,25/07/2023,2023-07-25 00:29:00,High,High1
July,7,25,06:57,0.58,25/07/2023,2023-07-25 06:57:00,Low,Low1
July,7,25,13:32,1.47,25/07/2023,2023-07-25 13:32:00,High,High2
July,7,25,19:29,0.81,25/07/2023,2023-07-25 19:29:00,Low,Low2
July,7,26,01:19,1.38,26/07/2023,2023-07-26 01:19:00,High,High1
July,7,26,07:39,0.61,26/07/2023,2023-07-26 07:39:00,Low,Low1
July,7,26,14:25,1.51,26/07/2023,2023-07-26 14:25:00,High,High2
July,7,26,20:41,0.8,26/07/2023,2023-07-26 20:41:00,Low,Low2
July,7,27,02:24,1.3,27/07/2023,2023-07-27 02:24:00,High,High1
July,7,27,08:28,0.64,27/07/2023,2023-07-27 08:28:00,Low,Low1
July,7,27,15:21,1.58,27/07/2023,2023-07-27 15:21:00,High,High2
July,7,27,21:59,0.74,27/07/2023,2023-07-27 21:59:00,Low,Low2
July,7,28,03:39,1.25,28/07/2023,2023-07-28 03:39:00,High,High1
July,7,28,09:24,0.65,28/07/2023,2023-07-28 09:24:00,Low,Low1
July,7,28,16:19,1.67,28/07/2023,2023-07-28 16:19:00,High,High2
July,7,28,23:10,0.64,28/07/2023,2023-07-28 23:10:00,Low,Low2
July,7,29,04:53,1.26,29/07/2023,2023-07-29 04:53:00,High,High1
July,7,29,10:25,0.64,29/07/2023,2023-07-29 10:25:00,Low,Low1
July,7,29,17:16,1.78,29/07/2023,2023-07-29 17:16:00,High,High2
July,7,30,00:10,0.51,30/07/2023,2023-07-30 00:10:00,Low,Low1
July,7,30,05:59,1.3,30/07/2023,2023-07-30 05:59:00,High,High1
July,7,30,11:25,0.6,30/07/2023,2023-07-30 11:25:00,Low,Low2
July,7,30,18:12,1.9,30/07/2023,2023-07-30 18:12:00,High,High2
July,7,31,01:03,0.37,31/07/2023,2023-07-31 01:03:00,Low,Low1
July,7,31,06:58,1.36,31/07/2023,2023-07-31 06:58:00,High,High1
July,7,31,12:23,0.55,31/07/2023,2023-07-31 12:23:00,Low,Low2
July,7,31,19:05,2.01,31/07/2023,2023-07-31 19:05:00,High,High2
August,8,1,01:53,0.26,01/08/2023,2023-08-01 01:53:00,Low,Low1
August,8,1,07:52,1.43,01/08/2023,2023-08-01 07:52:00,High,High1
August,8,1,13:18,0.48,01/08/2023,2023-08-01 13:18:00,Low,Low2
August,8,1,19:58,2.09,01/08/2023,2023-08-01 19:58:00,High,High2
August,8,2,02:42,0.19,02/08/2023,2023-08-02 02:42:00,Low,Low1
August,8,2,08:44,1.49,02/08/2023,2023-08-02 08:44:00,High,High1
August,8,2,14:13,0.43,02/08/2023,2023-08-02 14:13:00,Low,Low2
August,8,2,20:49,2.13,02/08/2023,2023-08-02 20:49:00,High,High2
August,8,3,03:29,0.15,03/08/2023,2023-08-03 03:29:00,Low,Low1
August,8,3,09:34,1.54,03/08/2023,2023-08-03 09:34:00,High,High1
August,8,3,15:07,0.41,03/08/2023,2023-08-03 15:07:00,Low,Low2
August,8,3,21:39,2.1,03/08/2023,2023-08-03 21:39:00,High,High2
August,8,4,04:15,0.16,04/08/2023,2023-08-04 04:15:00,Low,Low1
August,8,4,10:24,1.58,04/08/2023,2023-08-04 10:24:00,High,High1
August,8,4,16:01,0.43,04/08/2023,2023-08-04 16:01:00,Low,Low2
August,8,4,22:28,2,04/08/2023,2023-08-04 22:28:00,High,High2
August,8,5,05:00,0.22,05/08/2023,2023-08-05 05:00:00,Low,Low1
August,8,5,11:14,1.61,05/08/2023,2023-08-05 11:14:00,High,High1
August,8,5,16:59,0.48,05/08/2023,2023-08-05 16:59:00,Low,Low2
August,8,5,23:17,1.85,05/08/2023,2023-08-05 23:17:00,High,High2
August,8,6,05:45,0.3,06/08/2023,2023-08-06 05:45:00,Low,Low1
August,8,6,12:04,1.62,06/08/2023,2023-08-06 12:04:00,High,High1
August,8,6,17:58,0.55,06/08/2023,2023-08-06 17:58:00,Low,Low2
August,8,7,00:07,1.65,07/08/2023,2023-08-07 00:07:00,High,High1
August,8,7,06:30,0.41,07/08/2023,2023-08-07 06:30:00,Low,Low1
August,8,7,12:57,1.63,07/08/2023,2023-08-07 12:57:00,High,High2
August,8,7,19:03,0.63,07/08/2023,2023-08-07 19:03:00,Low,Low2
August,8,8,01:01,1.46,08/08/2023,2023-08-08 01:01:00,High,High1
August,8,8,07:15,0.52,08/08/2023,2023-08-08 07:15:00,Low,Low1
August,8,8,13:52,1.62,08/08/2023,2023-08-08 13:52:00,High,High2
August,8,8,20:17,0.69,08/08/2023,2023-08-08 20:17:00,Low,Low2
August,8,9,02:05,1.29,09/08/2023,2023-08-09 02:05:00,High,High1
August,8,9,08:03,0.62,09/08/2023,2023-08-09 08:03:00,Low,Low1
August,8,9,14:51,1.62,09/08/2023,2023-08-09 14:51:00,High,High2
August,8,9,21:40,0.7,09/08/2023,2023-08-09 21:40:00,Low,Low2
August,8,10,03:21,1.18,10/08/2023,2023-08-10 03:21:00,High,High1
August,8,10,08:58,0.69,10/08/2023,2023-08-10 08:58:00,Low,Low1
August,8,10,15:53,1.63,10/08/2023,2023-08-10 15:53:00,High,High2
August,8,10,22:59,0.66,10/08/2023,2023-08-10 22:59:00,Low,Low2
August,8,11,04:40,1.15,11/08/2023,2023-08-11 04:40:00,High,High1
August,8,11,09:58,0.73,11/08/2023,2023-08-11 09:58:00,Low,Low1
August,8,11,16:52,1.65,11/08/2023,2023-08-11 16:52:00,High,High2
August,8,12,00:00,0.6,12/08/2023,2023-08-12 00:00:00,Low,Low1
August,8,12,05:46,1.17,12/08/2023,2023-08-12 05:46:00,High,High1
August,8,12,10:58,0.73,12/08/2023,2023-08-12 10:58:00,Low,Low2
August,8,12,17:45,1.68,12/08/2023,2023-08-12 17:45:00,High,High2
August,8,13,00:45,0.54,13/08/2023,2023-08-13 00:45:00,Low,Low1
August,8,13,06:37,1.23,13/08/2023,2023-08-13 06:37:00,High,High1
August,8,13,11:51,0.7,13/08/2023,2023-08-13 11:51:00,Low,Low2
August,8,13,18:31,1.72,13/08/2023,2023-08-13 18:31:00,High,High2
August,8,14,01:23,0.49,14/08/2023,2023-08-14 01:23:00,Low,Low1
August,8,14,07:18,1.28,14/08/2023,2023-08-14 07:18:00,High,High1
August,8,14,12:38,0.65,14/08/2023,2023-08-14 12:38:00,Low,Low2
August,8,14,19:13,1.76,14/08/2023,2023-08-14 19:13:00,High,High2
August,8,15,01:57,0.45,15/08/2023,2023-08-15 01:57:00,Low,Low1
August,8,15,07:55,1.33,15/08/2023,2023-08-15 07:55:00,High,High1
August,8,15,13:19,0.61,15/08/2023,2023-08-15 13:19:00,Low,Low2
August,8,15,19:50,1.78,15/08/2023,2023-08-15 19:50:00,High,High2
August,8,16,02:28,0.42,16/08/2023,2023-08-16 02:28:00,Low,Low1
August,8,16,08:29,1.37,16/08/2023,2023-08-16 08:29:00,High,High1
August,8,16,13:56,0.58,16/08/2023,2023-08-16 13:56:00,Low,Low2
August,8,16,20:25,1.79,16/08/2023,2023-08-16 20:25:00,High,High2
August,8,17,02:59,0.4,17/08/2023,2023-08-17 02:59:00,Low,Low1
August,8,17,09:01,1.4,17/08/2023,2023-08-17 09:01:00,High,High1
August,8,17,14:32,0.56,17/08/2023,2023-08-17 14:32:00,Low,Low2
August,8,17,20:59,1.79,17/08/2023,2023-08-17 20:59:00,High,High2
August,8,18,03:28,0.39,18/08/2023,2023-08-18 03:28:00,Low,Low1
August,8,18,09:35,1.43,18/08/2023,2023-08-18 09:35:00,High,High1
August,8,18,15:09,0.56,18/08/2023,2023-08-18 15:09:00,Low,Low2
August,8,18,21:31,1.75,18/08/2023,2023-08-18 21:31:00,High,High2
August,8,19,03:57,0.4,19/08/2023,2023-08-19 03:57:00,Low,Low1
August,8,19,10:08,1.46,19/08/2023,2023-08-19 10:08:00,High,High1
August,8,19,15:47,0.57,19/08/2023,2023-08-19 15:47:00,Low,Low2
August,8,19,22:03,1.69,19/08/2023,2023-08-19 22:03:00,High,High2
August,8,20,04:27,0.42,20/08/2023,2023-08-20 04:27:00,Low,Low1
August,8,20,10:43,1.48,20/08/2023,2023-08-20 10:43:00,High,High1
August,8,20,16:28,0.6,20/08/2023,2023-08-20 16:28:00,Low,Low2
August,8,20,22:38,1.61,20/08/2023,2023-08-20 22:38:00,High,High2
August,8,21,04:57,0.46,21/08/2023,2023-08-21 04:57:00,Low,Low1
August,8,21,11:19,1.5,21/08/2023,2023-08-21 11:19:00,High,High1
August,8,21,17:12,0.64,21/08/2023,2023-08-21 17:12:00,Low,Low2
August,8,21,23:14,1.51,21/08/2023,2023-08-21 23:14:00,High,High2
August,8,22,05:29,0.5,22/08/2023,2023-08-22 05:29:00,Low,Low1
August,8,22,11:59,1.52,22/08/2023,2023-08-22 11:59:00,High,High1
August,8,22,18:00,0.68,22/08/2023,2023-08-22 18:00:00,Low,Low2
August,8,22,23:56,1.4,22/08/2023,2023-08-22 23:56:00,High,High2
August,8,23,06:03,0.56,23/08/2023,2023-08-23 06:03:00,Low,Low1
August,8,23,12:44,1.53,23/08/2023,2023-08-23 12:44:00,High,High1
August,8,23,19:00,0.71,23/08/2023,2023-08-23 19:00:00,Low,Low2
August,8,24,00:47,1.29,24/08/2023,2023-08-24 00:47:00,High,High1
August,8,24,06:45,0.62,24/08/2023,2023-08-24 06:45:00,Low,Low1
August,8,24,13:36,1.54,24/08/2023,2023-08-24 13:36:00,High,High2
August,8,24,20:14,0.72,24/08/2023,2023-08-24 20:14:00,Low,Low2
August,8,25,01:56,1.2,25/08/2023,2023-08-25 01:56:00,High,High1
August,8,25,07:41,0.67,25/08/2023,2023-08-25 07:41:00,Low,Low1
August,8,25,14:40,1.57,25/08/2023,2023-08-25 14:40:00,High,High2
August,8,25,21:37,0.67,25/08/2023,2023-08-25 21:37:00,Low,Low2
August,8,26,03:23,1.17,26/08/2023,2023-08-26 03:23:00,High,High1
August,8,26,08:52,0.7,26/08/2023,2023-08-26 08:52:00,Low,Low1
August,8,26,15:50,1.64,26/08/2023,2023-08-26 15:50:00,High,High2
August,8,26,22:53,0.56,26/08/2023,2023-08-26 22:53:00,Low,Low2
August,8,27,04:45,1.2,27/08/2023,2023-08-27 04:45:00,High,High1
August,8,27,10:08,0.67,27/08/2023,2023-08-27 10:08:00,Low,Low1
August,8,27,16:57,1.75,27/08/2023,2023-08-27 16:57:00,High,High2
August,8,27,23:54,0.43,27/08/2023,2023-08-27 23:54:00,Low,Low2
August,8,28,05:50,1.29,28/08/2023,2023-08-28 05:50:00,High,High1
August,8,28,11:15,0.59,28/08/2023,2023-08-28 11:15:00,Low,Low1
August,8,28,17:57,1.87,28/08/2023,2023-08-28 17:57:00,High,High2
August,8,29,00:45,0.3,29/08/2023,2023-08-29 00:45:00,Low,Low1
August,8,29,06:45,1.39,29/08/2023,2023-08-29 06:45:00,High,High1
August,8,29,12:15,0.49,29/08/2023,2023-08-29 12:15:00,Low,Low2
August,8,29,18:51,1.98,29/08/2023,2023-08-29 18:51:00,High,High2
August,8,30,01:33,0.19,30/08/2023,2023-08-30 01:33:00,Low,Low1
August,8,30,07:36,1.49,30/08/2023,2023-08-30 07:36:00,High,High1
August,8,30,13:10,0.4,30/08/2023,2023-08-30 13:10:00,Low,Low2
August,8,30,19:42,2.05,30/08/2023,2023-08-30 19:42:00,High,High2
August,8,31,02:17,0.12,31/08/2023,2023-08-31 02:17:00,Low,Low1
August,8,31,08:24,1.58,31/08/2023,2023-08-31 08:24:00,High,High1
August,8,31,14:02,0.33,31/08/2023,2023-08-31 14:02:00,Low,Low2
August,8,31,20:31,2.06,31/08/2023,2023-08-31 20:31:00,High,High2
September,9,1,03:00,0.11,01/09/2023,2023-09-01 03:00:00,Low,Low1
September,9,1,09:11,1.65,01/09/2023,2023-09-01 09:11:00,High,High1
September,9,1,14:56,0.31,01/09/2023,2023-09-01 14:56:00,Low,Low2
September,9,1,21:19,1.99,01/09/2023,2023-09-01 21:19:00,High,High2
September,9,2,03:43,0.15,02/09/2023,2023-09-02 03:43:00,Low,Low1
September,9,2,09:57,1.71,02/09/2023,2023-09-02 09:57:00,High,High1
September,9,2,15:49,0.33,02/09/2023,2023-09-02 15:49:00,Low,Low2
September,9,2,22:07,1.85,02/09/2023,2023-09-02 22:07:00,High,High2
September,9,3,04:25,0.23,03/09/2023,2023-09-03 04:25:00,Low,Low1
September,9,3,10:44,1.73,03/09/2023,2023-09-03 10:44:00,High,High1
September,9,3,16:45,0.39,03/09/2023,2023-09-03 16:45:00,Low,Low2
September,9,3,22:55,1.67,03/09/2023,2023-09-03 22:55:00,High,High2
September,9,4,05:05,0.34,04/09/2023,2023-09-04 05:05:00,Low,Low1
September,9,4,11:30,1.72,04/09/2023,2023-09-04 11:30:00,High,High1
September,9,4,17:44,0.48,04/09/2023,2023-09-04 17:44:00,Low,Low2
September,9,4,23:45,1.48,04/09/2023,2023-09-04 23:45:00,High,High2
September,9,5,05:45,0.47,05/09/2023,2023-09-05 05:45:00,Low,Low1
September,9,5,12:18,1.69,05/09/2023,2023-09-05 12:18:00,High,High1
September,9,5,18:46,0.57,05/09/2023,2023-09-05 18:46:00,Low,Low2
September,9,6,00:39,1.29,06/09/2023,2023-09-06 00:39:00,High,High1
September,9,6,06:29,0.6,06/09/2023,2023-09-06 06:29:00,Low,Low1
September,9,6,13:11,1.64,06/09/2023,2023-09-06 13:11:00,High,High2
September,9,6,19:59,0.63,06/09/2023,2023-09-06 19:59:00,Low,Low2
September,9,7,01:44,1.16,07/09/2023,2023-09-07 01:44:00,High,High1
September,9,7,07:17,0.7,07/09/2023,2023-09-07 07:17:00,Low,Low1
September,9,7,14:09,1.58,07/09/2023,2023-09-07 14:09:00,High,High2
September,9,7,21:19,0.66,07/09/2023,2023-09-07 21:19:00,Low,Low2
September,9,8,03:08,1.09,08/09/2023,2023-09-08 03:08:00,High,High1
September,9,8,08:21,0.77,08/09/2023,2023-09-08 08:21:00,Low,Low1
September,9,8,15:16,1.55,08/09/2023,2023-09-08 15:16:00,High,High2
September,9,8,22:35,0.64,08/09/2023,2023-09-08 22:35:00,Low,Low2
September,9,9,04:32,1.11,09/09/2023,2023-09-09 04:32:00,High,High1
September,9,9,09:34,0.79,09/09/2023,2023-09-09 09:34:00,Low,Low1
September,9,9,16:23,1.55,09/09/2023,2023-09-09 16:23:00,High,High2
September,9,9,23:33,0.59,09/09/2023,2023-09-09 23:33:00,Low,Low2
September,9,10,05:33,1.17,10/09/2023,2023-09-10 05:33:00,High,High1
September,9,10,10:43,0.76,10/09/2023,2023-09-10 10:43:00,Low,Low1
September,9,10,17:21,1.59,10/09/2023,2023-09-10 17:21:00,High,High2
September,9,11,00:16,0.53,11/09/2023,2023-09-11 00:16:00,Low,Low1
September,9,11,06:17,1.25,11/09/2023,2023-09-11 06:17:00,High,High1
September,9,11,11:39,0.7,11/09/2023,2023-09-11 11:39:00,Low,Low2
September,9,11,18:08,1.63,11/09/2023,2023-09-11 18:08:00,High,High2
September,9,12,00:52,0.48,12/09/2023,2023-09-12 00:52:00,Low,Low1
September,9,12,06:55,1.32,12/09/2023,2023-09-12 06:55:00,High,High1
September,9,12,12:24,0.63,12/09/2023,2023-09-12 12:24:00,Low,Low2
September,9,12,18:49,1.68,12/09/2023,2023-09-12 18:49:00,High,High2
September,9,13,01:24,0.43,13/09/2023,2023-09-13 01:24:00,Low,Low1
September,9,13,07:29,1.38,13/09/2023,2023-09-13 07:29:00,High,High1
September,9,13,13:03,0.57,13/09/2023,2023-09-13 13:03:00,Low,Low2
September,9,13,19:25,1.71,13/09/2023,2023-09-13 19:25:00,High,High2
September,9,14,01:54,0.39,14/09/2023,2023-09-14 01:54:00,Low,Low1
September,9,14,08:00,1.44,14/09/2023,2023-09-14 08:00:00,High,High1
September,9,14,13:40,0.53,14/09/2023,2023-09-14 13:40:00,Low,Low2
September,9,14,19:59,1.72,14/09/2023,2023-09-14 19:59:00,High,High2
September,9,15,02:21,0.37,15/09/2023,2023-09-15 02:21:00,Low,Low1
September,9,15,08:31,1.49,15/09/2023,2023-09-15 08:31:00,High,High1
September,9,15,14:15,0.5,15/09/2023,2023-09-15 14:15:00,Low,Low2
September,9,15,20:31,1.7,15/09/2023,2023-09-15 20:31:00,High,High2
September,9,16,02:48,0.37,16/09/2023,2023-09-16 02:48:00,Low,Low1
September,9,16,09:02,1.54,16/09/2023,2023-09-16 09:02:00,High,High1
September,9,16,14:52,0.49,16/09/2023,2023-09-16 14:52:00,Low,Low2
September,9,16,21:03,1.66,16/09/2023,2023-09-16 21:03:00,High,High2
September,9,17,03:15,0.38,17/09/2023,2023-09-17 03:15:00,Low,Low1
September,9,17,09:34,1.59,17/09/2023,2023-09-17 09:34:00,High,High1
September,9,17,15:30,0.49,17/09/2023,2023-09-17 15:30:00,Low,Low2
September,9,17,21:38,1.6,17/09/2023,2023-09-17 21:38:00,High,High2
September,9,18,03:44,0.41,18/09/2023,2023-09-18 03:44:00,Low,Low1
September,9,18,10:07,1.62,18/09/2023,2023-09-18 10:07:00,High,High1
September,9,18,16:11,0.51,18/09/2023,2023-09-18 16:11:00,Low,Low2
September,9,18,22:14,1.51,18/09/2023,2023-09-18 22:14:00,High,High2
September,9,19,04:14,0.46,19/09/2023,2023-09-19 04:14:00,Low,Low1
September,9,19,10:42,1.63,19/09/2023,2023-09-19 10:42:00,High,High1
September,9,19,16:55,0.54,19/09/2023,2023-09-19 16:55:00,Low,Low2
September,9,19,22:53,1.41,19/09/2023,2023-09-19 22:53:00,High,High2
September,9,20,04:45,0.52,20/09/2023,2023-09-20 04:45:00,Low,Low1
September,9,20,11:20,1.63,20/09/2023,2023-09-20 11:20:00,High,High1
September,9,20,17:45,0.58,20/09/2023,2023-09-20 17:45:00,Low,Low2
September,9,20,23:39,1.31,20/09/2023,2023-09-20 23:39:00,High,High2
September,9,21,05:23,0.6,21/09/2023,2023-09-21 05:23:00,Low,Low1
September,9,21,12:05,1.61,21/09/2023,2023-09-21 12:05:00,High,High1
September,9,21,18:45,0.62,21/09/2023,2023-09-21 18:45:00,Low,Low2
September,9,22,00:36,1.21,22/09/2023,2023-09-22 00:36:00,High,High1
September,9,22,06:10,0.67,22/09/2023,2023-09-22 06:10:00,Low,Low1
September,9,22,13:00,1.59,22/09/2023,2023-09-22 13:00:00,High,High2
September,9,22,20:00,0.62,22/09/2023,2023-09-22 20:00:00,Low,Low2
September,9,23,01:52,1.15,23/09/2023,2023-09-23 01:52:00,High,High1
September,9,23,07:16,0.73,23/09/2023,2023-09-23 07:16:00,Low,Low1
September,9,23,14:11,1.59,23/09/2023,2023-09-23 14:11:00,High,High2
September,9,23,21:22,0.58,23/09/2023,2023-09-23 21:22:00,Low,Low2
September,9,24,03:22,1.16,24/09/2023,2023-09-24 03:22:00,High,High1
September,9,24,08:40,0.74,24/09/2023,2023-09-24 08:40:00,Low,Low1
September,9,24,15:30,1.64,24/09/2023,2023-09-24 15:30:00,High,High2
September,9,24,22:33,0.48,24/09/2023,2023-09-24 22:33:00,Low,Low2
September,9,25,04:38,1.24,25/09/2023,2023-09-25 04:38:00,High,High1
September,9,25,10:00,0.68,25/09/2023,2023-09-25 10:00:00,Low,Low1
September,9,25,16:40,1.73,25/09/2023,2023-09-25 16:40:00,High,High2
September,9,25,23:31,0.37,25/09/2023,2023-09-25 23:31:00,Low,Low2
September,9,26,05:37,1.36,26/09/2023,2023-09-26 05:37:00,High,High1
September,9,26,11:08,0.57,26/09/2023,2023-09-26 11:08:00,Low,Low1
September,9,26,17:39,1.83,26/09/2023,2023-09-26 17:39:00,High,High2
September,9,27,00:21,0.26,27/09/2023,2023-09-27 00:21:00,Low,Low1
September,9,27,06:28,1.48,27/09/2023,2023-09-27 06:28:00,High,High1
September,9,27,12:06,0.46,27/09/2023,2023-09-27 12:06:00,Low,Low2
September,9,27,18:32,1.91,27/09/2023,2023-09-27 18:32:00,High,High2
September,9,28,01:05,0.18,28/09/2023,2023-09-28 01:05:00,Low,Low1
September,9,28,07:15,1.6,28/09/2023,2023-09-28 07:15:00,High,High1
September,9,28,13:00,0.36,28/09/2023,2023-09-28 13:00:00,Low,Low2
September,9,28,19:22,1.93,28/09/2023,2023-09-28 19:22:00,High,High2
September,9,29,01:46,0.15,29/09/2023,2023-09-29 01:46:00,Low,Low1
September,9,29,08:00,1.71,29/09/2023,2023-09-29 08:00:00,High,High1
September,9,29,13:53,0.29,29/09/2023,2023-09-29 13:53:00,Low,Low2
September,9,29,20:11,1.89,29/09/2023,2023-09-29 20:11:00,High,High2
September,9,30,02:27,0.16,30/09/2023,2023-09-30 02:27:00,Low,Low1
September,9,30,08:44,1.79,30/09/2023,2023-09-30 08:44:00,High,High1
September,9,30,14:45,0.27,30/09/2023,2023-09-30 14:45:00,Low,Low2
September,9,30,20:59,1.79,30/09/2023,2023-09-30 20:59:00,High,High2
October,10,1,04:06,0.23,01/10/2023,2023-10-01 04:06:00,Low,Low1
October,10,1,10:28,1.84,01/10/2023,2023-10-01 10:28:00,High,High1
October,10,1,16:39,0.3,01/10/2023,2023-10-01 16:39:00,Low,Low2
October,10,1,22:46,1.65,01/10/2023,2023-10-01 22:46:00,High,High2
October,10,2,04:45,0.33,02/10/2023,2023-10-02 04:45:00,Low,Low1
October,10,2,11:12,1.84,02/10/2023,2023-10-02 11:12:00,High,High1
October,10,2,17:32,0.35,02/10/2023,2023-10-02 17:32:00,Low,Low2
October,10,2,23:35,1.49,02/10/2023,2023-10-02 23:35:00,High,High2
October,10,3,05:24,0.45,03/10/2023,2023-10-03 05:24:00,Low,Low1
October,10,3,11:56,1.81,03/10/2023,2023-10-03 11:56:00,High,High1
October,10,3,18:28,0.43,03/10/2023,2023-10-03 18:28:00,Low,Low2
October,10,4,00:26,1.33,04/10/2023,2023-10-04 00:26:00,High,High1
October,10,4,06:02,0.57,04/10/2023,2023-10-04 06:02:00,Low,Low1
October,10,4,12:40,1.74,04/10/2023,2023-10-04 12:40:00,High,High2
October,10,4,19:27,0.52,04/10/2023,2023-10-04 19:27:00,Low,Low2
October,10,5,01:20,1.2,05/10/2023,2023-10-05 01:20:00,High,High1
October,10,5,06:45,0.69,05/10/2023,2023-10-05 06:45:00,Low,Low1
October,10,5,13:28,1.65,05/10/2023,2023-10-05 13:28:00,High,High2
October,10,5,20:31,0.59,05/10/2023,2023-10-05 20:31:00,Low,Low2
October,10,6,02:26,1.12,06/10/2023,2023-10-06 02:26:00,High,High1
October,10,6,07:37,0.78,06/10/2023,2023-10-06 07:37:00,Low,Low1
October,10,6,14:23,1.56,06/10/2023,2023-10-06 14:23:00,High,High2
October,10,6,21:43,0.63,06/10/2023,2023-10-06 21:43:00,Low,Low2
October,10,7,03:47,1.1,07/10/2023,2023-10-07 03:47:00,High,High1
October,10,7,08:46,0.84,07/10/2023,2023-10-07 08:46:00,Low,Low1
October,10,7,15:30,1.5,07/10/2023,2023-10-07 15:30:00,High,High2
October,10,7,22:50,0.63,07/10/2023,2023-10-07 22:50:00,Low,Low2
October,10,8,05:06,1.14,08/10/2023,2023-10-08 05:06:00,High,High1
October,10,8,10:06,0.84,08/10/2023,2023-10-08 10:06:00,Low,Low1
October,10,8,16:42,1.48,08/10/2023,2023-10-08 16:42:00,High,High2
October,10,8,23:47,0.6,08/10/2023,2023-10-08 23:47:00,Low,Low2
October,10,9,06:01,1.22,09/10/2023,2023-10-09 06:01:00,High,High1
October,10,9,11:18,0.79,09/10/2023,2023-10-09 11:18:00,Low,Low1
October,10,9,17:44,1.51,09/10/2023,2023-10-09 17:44:00,High,High2
October,10,10,00:31,0.55,10/10/2023,2023-10-10 00:31:00,Low,Low1
October,10,10,06:45,1.3,10/10/2023,2023-10-10 06:45:00,High,High1
October,10,10,12:15,0.72,10/10/2023,2023-10-10 12:15:00,Low,Low2
October,10,10,18:33,1.55,10/10/2023,2023-10-10 18:33:00,High,High2
October,10,11,01:08,0.49,11/10/2023,2023-10-11 01:08:00,Low,Low1
October,10,11,07:21,1.39,11/10/2023,2023-10-11 07:21:00,High,High1
October,10,11,13:03,0.64,11/10/2023,2023-10-11 13:03:00,Low,Low2
October,10,11,19:15,1.59,11/10/2023,2023-10-11 19:15:00,High,High2
October,10,12,01:41,0.44,12/10/2023,2023-10-12 01:41:00,Low,Low1
October,10,12,07:54,1.47,12/10/2023,2023-10-12 07:54:00,High,High1
October,10,12,13:44,0.57,12/10/2023,2023-10-12 13:44:00,Low,Low2
October,10,12,19:52,1.61,12/10/2023,2023-10-12 19:52:00,High,High2
October,10,13,02:10,0.41,13/10/2023,2023-10-13 02:10:00,Low,Low1
October,10,13,08:26,1.55,13/10/2023,2023-10-13 08:26:00,High,High1
October,10,13,14:22,0.52,13/10/2023,2023-10-13 14:22:00,Low,Low2
October,10,13,20:27,1.61,13/10/2023,2023-10-13 20:27:00,High,High2
October,10,14,02:37,0.39,14/10/2023,2023-10-14 02:37:00,Low,Low1
October,10,14,08:57,1.62,14/10/2023,2023-10-14 08:57:00,High,High1
October,10,14,14:59,0.47,14/10/2023,2023-10-14 14:59:00,Low,Low2
October,10,14,21:01,1.59,14/10/2023,2023-10-14 21:01:00,High,High2
October,10,15,03:05,0.4,15/10/2023,2023-10-15 03:05:00,Low,Low1
October,10,15,09:28,1.68,15/10/2023,2023-10-15 09:28:00,High,High1
October,10,15,15:37,0.44,15/10/2023,2023-10-15 15:37:00,Low,Low2
October,10,15,21:38,1.55,15/10/2023,2023-10-15 21:38:00,High,High2
October,10,16,03:33,0.42,16/10/2023,2023-10-16 03:33:00,Low,Low1
October,10,16,10:00,1.74,16/10/2023,2023-10-16 10:00:00,High,High1
October,10,16,16:16,0.43,16/10/2023,2023-10-16 16:16:00,Low,Low2
October,10,16,22:16,1.49,16/10/2023,2023-10-16 22:16:00,High,High2
October,10,17,04:04,0.46,17/10/2023,2023-10-17 04:04:00,Low,Low1
October,10,17,10:35,1.77,17/10/2023,2023-10-17 10:35:00,High,High1
October,10,17,16:59,0.43,17/10/2023,2023-10-17 16:59:00,Low,Low2
October,10,17,22:58,1.42,17/10/2023,2023-10-17 22:58:00,High,High2
October,10,18,04:37,0.52,18/10/2023,2023-10-18 04:37:00,Low,Low1
October,10,18,11:13,1.77,18/10/2023,2023-10-18 11:13:00,High,High1
October,10,18,17:45,0.45,18/10/2023,2023-10-18 17:45:00,Low,Low2
October,10,18,23:44,1.34,18/10/2023,2023-10-18 23:44:00,High,High2
October,10,19,05:15,0.59,19/10/2023,2023-10-19 05:15:00,Low,Low1
October,10,19,11:54,1.75,19/10/2023,2023-10-19 11:54:00,High,High1
October,10,19,18:38,0.49,19/10/2023,2023-10-19 18:38:00,Low,Low2
October,10,20,00:36,1.26,20/10/2023,2023-10-20 00:36:00,High,High1
October,10,20,06:00,0.66,20/10/2023,2023-10-20 06:00:00,Low,Low1
October,10,20,12:42,1.7,20/10/2023,2023-10-20 12:42:00,High,High2
October,10,20,19:39,0.52,20/10/2023,2023-10-20 19:39:00,Low,Low2
October,10,21,01:39,1.21,21/10/2023,2023-10-21 01:39:00,High,High1
October,10,21,06:58,0.73,21/10/2023,2023-10-21 06:58:00,Low,Low1
October,10,21,13:41,1.66,21/10/2023,2023-10-21 13:41:00,High,High2
October,10,21,20:50,0.53,21/10/2023,2023-10-21 20:50:00,Low,Low2
October,10,22,02:56,1.19,22/10/2023,2023-10-22 02:56:00,High,High1
October,10,22,08:11,0.77,22/10/2023,2023-10-22 08:11:00,Low,Low1
October,10,22,14:52,1.63,22/10/2023,2023-10-22 14:52:00,High,High2
October,10,22,22:03,0.49,22/10/2023,2023-10-22 22:03:00,Low,Low2
October,10,23,04:16,1.24,23/10/2023,2023-10-23 04:16:00,High,High1
October,10,23,09:33,0.75,23/10/2023,2023-10-23 09:33:00,Low,Low1
October,10,23,16:09,1.65,23/10/2023,2023-10-23 16:09:00,High,High2
October,10,23,23:07,0.42,23/10/2023,2023-10-23 23:07:00,Low,Low2
October,10,24,05:22,1.34,24/10/2023,2023-10-24 05:22:00,High,High1
October,10,24,10:50,0.68,24/10/2023,2023-10-24 10:50:00,Low,Low1
October,10,24,17:18,1.7,24/10/2023,2023-10-24 17:18:00,High,High2
October,10,25,00:00,0.35,25/10/2023,2023-10-25 00:00:00,Low,Low1
October,10,25,06:16,1.47,25/10/2023,2023-10-25 06:16:00,High,High1
October,10,25,11:58,0.58,25/10/2023,2023-10-25 11:58:00,Low,Low2
October,10,25,18:17,1.75,25/10/2023,2023-10-25 18:17:00,High,High2
October,10,26,00:48,0.28,26/10/2023,2023-10-26 00:48:00,Low,Low1
October,10,26,07:04,1.61,26/10/2023,2023-10-26 07:04:00,High,High1
October,10,26,12:58,0.47,26/10/2023,2023-10-26 12:58:00,Low,Low2
October,10,26,19:11,1.76,26/10/2023,2023-10-26 19:11:00,High,High2
October,10,27,01:30,0.25,27/10/2023,2023-10-27 01:30:00,Low,Low1
October,10,27,07:50,1.73,27/10/2023,2023-10-27 07:50:00,High,High1
October,10,27,13:54,0.38,27/10/2023,2023-10-27 13:54:00,Low,Low2
October,10,27,20:01,1.73,27/10/2023,2023-10-27 20:01:00,High,High2
October,10,28,02:11,0.25,28/10/2023,2023-10-28 02:11:00,Low,Low1
October,10,28,08:34,1.84,28/10/2023,2023-10-28 08:34:00,High,High1
October,10,28,14:46,0.32,28/10/2023,2023-10-28 14:46:00,Low,Low2
October,10,28,20:51,1.66,28/10/2023,2023-10-28 20:51:00,High,High2
October,10,29,02:50,0.29,29/10/2023,2023-10-29 02:50:00,Low,Low1
October,10,29,09:17,1.9,29/10/2023,2023-10-29 09:17:00,High,High1
October,10,29,15:38,0.29,29/10/2023,2023-10-29 15:38:00,Low,Low2
October,10,29,21:40,1.57,29/10/2023,2023-10-29 21:40:00,High,High2
October,10,30,03:29,0.37,30/10/2023,2023-10-30 03:29:00,Low,Low1
October,10,30,10:00,1.93,30/10/2023,2023-10-30 10:00:00,High,High1
October,10,30,16:29,0.3,30/10/2023,2023-10-30 16:29:00,Low,Low2
October,10,30,22:30,1.46,30/10/2023,2023-10-30 22:30:00,High,High2
October,10,31,04:07,0.46,31/10/2023,2023-10-31 04:07:00,Low,Low1
October,10,31,10:42,1.92,31/10/2023,2023-10-31 10:42:00,High,High1
October,10,31,17:19,0.35,31/10/2023,2023-10-31 17:19:00,Low,Low2
October,10,31,23:18,1.35,31/10/2023,2023-10-31 23:18:00,High,High2
November,11,1,04:45,0.57,01/11/2023,2023-11-01 04:45:00,Low,Low1
November,11,1,11:23,1.86,01/11/2023,2023-11-01 11:23:00,High,High1
November,11,1,18:09,0.41,01/11/2023,2023-11-01 18:09:00,Low,Low2
November,11,2,00:08,1.26,02/11/2023,2023-11-02 00:08:00,High,High1
November,11,2,05:26,0.67,02/11/2023,2023-11-02 05:26:00,Low,Low1
November,11,2,12:05,1.77,02/11/2023,2023-11-02 12:05:00,High,High2
November,11,2,19:00,0.49,02/11/2023,2023-11-02 19:00:00,Low,Low2
November,11,3,01:00,1.2,03/11/2023,2023-11-03 01:00:00,High,High1
November,11,3,06:10,0.75,03/11/2023,2023-11-03 06:10:00,Low,Low1
November,11,3,12:49,1.67,03/11/2023,2023-11-03 12:49:00,High,High2
November,11,3,19:55,0.56,03/11/2023,2023-11-03 19:55:00,Low,Low2
November,11,4,01:59,1.16,04/11/2023,2023-11-04 01:59:00,High,High1
November,11,4,07:02,0.82,04/11/2023,2023-11-04 07:02:00,Low,Low1
November,11,4,13:39,1.58,04/11/2023,2023-11-04 13:39:00,High,High2
November,11,4,20:53,0.6,04/11/2023,2023-11-04 20:53:00,Low,Low2
November,11,5,03:05,1.16,05/11/2023,2023-11-05 03:05:00,High,High1
November,11,5,08:08,0.87,05/11/2023,2023-11-05 08:08:00,Low,Low1
November,11,5,14:37,1.5,05/11/2023,2023-11-05 14:37:00,High,High2
November,11,5,21:51,0.62,05/11/2023,2023-11-05 21:51:00,Low,Low2
November,11,6,04:15,1.2,06/11/2023,2023-11-06 04:15:00,High,High1
November,11,6,09:23,0.87,06/11/2023,2023-11-06 09:23:00,Low,Low1
November,11,6,15:44,1.46,06/11/2023,2023-11-06 15:44:00,High,High2
November,11,6,22:45,0.6,06/11/2023,2023-11-06 22:45:00,Low,Low2
November,11,7,05:13,1.27,07/11/2023,2023-11-07 05:13:00,High,High1
November,11,7,10:36,0.84,07/11/2023,2023-11-07 10:36:00,Low,Low1
November,11,7,16:48,1.45,07/11/2023,2023-11-07 16:48:00,High,High2
November,11,7,23:32,0.56,07/11/2023,2023-11-07 23:32:00,Low,Low2
November,11,8,06:00,1.36,08/11/2023,2023-11-08 06:00:00,High,High1
November,11,8,11:39,0.77,08/11/2023,2023-11-08 11:39:00,Low,Low1
November,11,8,17:44,1.47,08/11/2023,2023-11-08 17:44:00,High,High2
November,11,9,00:13,0.52,09/11/2023,2023-11-09 00:13:00,Low,Low1
November,11,9,06:39,1.45,09/11/2023,2023-11-09 06:39:00,High,High1
November,11,9,12:32,0.7,09/11/2023,2023-11-09 12:32:00,Low,Low2
November,11,9,18:30,1.48,09/11/2023,2023-11-09 18:30:00,High,High2
November,11,10,00:48,0.49,10/11/2023,2023-11-10 00:48:00,Low,Low1
November,11,10,07:15,1.55,10/11/2023,2023-11-10 07:15:00,High,High1
November,11,10,13:19,0.62,10/11/2023,2023-11-10 13:19:00,Low,Low2
November,11,10,19:14,1.49,10/11/2023,2023-11-10 19:14:00,High,High2
November,11,11,01:20,0.46,11/11/2023,2023-11-11 01:20:00,Low,Low1
November,11,11,07:47,1.64,11/11/2023,2023-11-11 07:47:00,High,High1
November,11,11,14:01,0.54,11/11/2023,2023-11-11 14:01:00,Low,Low2
November,11,11,19:54,1.48,11/11/2023,2023-11-11 19:54:00,High,High2
November,11,12,01:50,0.45,12/11/2023,2023-11-12 01:50:00,Low,Low1
November,11,12,08:21,1.73,12/11/2023,2023-11-12 08:21:00,High,High1
November,11,12,14:42,0.47,12/11/2023,2023-11-12 14:42:00,Low,Low2
November,11,12,20:34,1.47,12/11/2023,2023-11-12 20:34:00,High,High2
November,11,13,02:21,0.46,13/11/2023,2023-11-13 02:21:00,Low,Low1
November,11,13,08:55,1.81,13/11/2023,2023-11-13 08:55:00,High,High1
November,11,13,15:22,0.41,13/11/2023,2023-11-13 15:22:00,Low,Low2
November,11,13,21:16,1.44,13/11/2023,2023-11-13 21:16:00,High,High2
November,11,14,02:55,0.48,14/11/2023,2023-11-14 02:55:00,Low,Low1
November,11,14,09:31,1.86,14/11/2023,2023-11-14 09:31:00,High,High1
November,11,14,16:05,0.38,14/11/2023,2023-11-14 16:05:00,Low,Low2
November,11,14,22:01,1.41,14/11/2023,2023-11-14 22:01:00,High,High2
November,11,15,03:32,0.52,15/11/2023,2023-11-15 03:32:00,Low,Low1
November,11,15,10:10,1.89,15/11/2023,2023-11-15 10:10:00,High,High1
November,11,15,16:50,0.36,15/11/2023,2023-11-15 16:50:00,Low,Low2
November,11,15,22:48,1.36,15/11/2023,2023-11-15 22:48:00,High,High2
November,11,16,00:00,0.57,16/11/2023,2023-11-16 00:00:00,Low,Low1
November,11,16,10:53,1.89,16/11/2023,2023-11-16 10:53:00,High,High1
November,11,16,17:39,0.37,16/11/2023,2023-11-16 17:39:00,Low,Low2
November,11,16,23:40,1.32,16/11/2023,2023-11-16 23:40:00,High,High2
November,11,17,00:00,0.62,17/11/2023,2023-11-17 00:00:00,Low,Low1
November,11,17,11:39,1.86,17/11/2023,2023-11-17 11:39:00,High,High1
November,11,17,18:32,0.39,17/11/2023,2023-11-17 18:32:00,Low,Low2
November,11,18,00:00,1.29,18/11/2023,2023-11-18 00:00:00,High,High1
November,11,18,05:53,0.68,18/11/2023,2023-11-18 05:53:00,Low,Low1
November,11,18,12:30,1.81,18/11/2023,2023-11-18 12:30:00,High,High2
November,11,18,19:30,0.42,18/11/2023,2023-11-18 19:30:00,Low,Low2
November,11,19,00:00,1.27,19/11/2023,2023-11-19 00:00:00,High,High1
November,11,19,06:56,0.72,19/11/2023,2023-11-19 06:56:00,Low,Low1
November,11,19,13:29,1.75,19/11/2023,2023-11-19 13:29:00,High,High2
November,11,19,20:33,0.43,19/11/2023,2023-11-19 20:33:00,Low,Low2
November,11,20,00:00,1.29,20/11/2023,2023-11-20 00:00:00,High,High1
November,11,20,08:05,0.75,20/11/2023,2023-11-20 08:05:00,Low,Low1
November,11,20,14:34,1.69,20/11/2023,2023-11-20 14:34:00,High,High2
November,11,20,21:36,0.42,20/11/2023,2023-11-20 21:36:00,Low,Low2
November,11,21,00:00,1.35,21/11/2023,2023-11-21 00:00:00,High,High1
November,11,21,09:21,0.74,21/11/2023,2023-11-21 09:21:00,Low,Low1
November,11,21,15:45,1.65,21/11/2023,2023-11-21 15:45:00,High,High2
November,11,21,22:33,0.4,21/11/2023,2023-11-21 22:33:00,Low,Low2
November,11,22,00:00,1.45,22/11/2023,2023-11-22 00:00:00,High,High1
November,11,22,10:36,0.69,22/11/2023,2023-11-22 10:36:00,Low,Low1
November,11,22,16:52,1.62,22/11/2023,2023-11-22 16:52:00,High,High2
November,11,22,23:25,0.38,22/11/2023,2023-11-22 23:25:00,Low,Low2
November,11,23,00:00,1.58,23/11/2023,2023-11-23 00:00:00,High,High1
November,11,23,11:47,0.61,23/11/2023,2023-11-23 11:47:00,Low,Low1
November,11,23,17:53,1.59,23/11/2023,2023-11-23 17:53:00,High,High2
November,11,24,00:00,0.36,24/11/2023,2023-11-24 00:00:00,Low,Low1
November,11,24,06:39,1.7,24/11/2023,2023-11-24 06:39:00,High,High1
November,11,24,12:51,0.52,24/11/2023,2023-11-24 12:51:00,Low,Low2
November,11,24,18:50,1.55,24/11/2023,2023-11-24 18:50:00,High,High2
November,11,25,00:00,0.37,25/11/2023,2023-11-25 00:00:00,Low,Low1
November,11,25,07:26,1.81,25/11/2023,2023-11-25 07:26:00,High,High1
November,11,25,13:49,0.44,25/11/2023,2023-11-25 13:49:00,Low,Low2
November,11,25,19:44,1.5,25/11/2023,2023-11-25 19:44:00,High,High2
November,11,26,00:00,0.4,26/11/2023,2023-11-26 00:00:00,Low,Low1
November,11,26,08:10,1.9,26/11/2023,2023-11-26 08:10:00,High,High1
November,11,26,14:43,0.38,26/11/2023,2023-11-26 14:43:00,Low,Low2
November,11,26,20:36,1.44,26/11/2023,2023-11-26 20:36:00,High,High2
November,11,27,00:00,0.45,27/11/2023,2023-11-27 00:00:00,Low,Low1
November,11,27,08:53,1.94,27/11/2023,2023-11-27 08:53:00,High,High1
November,11,27,15:32,0.34,27/11/2023,2023-11-27 15:32:00,Low,Low2
November,11,27,21:27,1.39,27/11/2023,2023-11-27 21:27:00,High,High2
November,11,28,00:00,0.51,28/11/2023,2023-11-28 00:00:00,Low,Low1
November,11,28,09:35,1.95,28/11/2023,2023-11-28 09:35:00,High,High1
November,11,28,16:18,0.34,28/11/2023,2023-11-28 16:18:00,Low,Low2
November,11,28,22:15,1.34,28/11/2023,2023-11-28 22:15:00,High,High2
November,11,29,00:00,0.57,29/11/2023,2023-11-29 00:00:00,Low,Low1
November,11,29,10:15,1.93,29/11/2023,2023-11-29 10:15:00,High,High1
November,11,29,17:03,0.36,29/11/2023,2023-11-29 17:03:00,Low,Low2
November,11,29,23:02,1.3,29/11/2023,2023-11-29 23:02:00,High,High2
November,11,30,00:00,0.64,30/11/2023,2023-11-30 00:00:00,Low,Low1
November,11,30,10:56,1.87,30/11/2023,2023-11-30 10:56:00,High,High1
November,11,30,17:46,0.41,30/11/2023,2023-11-30 17:46:00,Low,Low2
November,11,30,23:48,1.26,30/11/2023,2023-11-30 23:48:00,High,High2
December,12,1,04:58,0.7,01/12/2023,2023-12-01 04:58:00,Low,Low1
December,12,1,11:36,1.8,01/12/2023,2023-12-01 11:36:00,High,High1
December,12,1,18:30,0.47,01/12/2023,2023-12-01 18:30:00,Low,Low2
December,12,2,00:33,1.24,02/12/2023,2023-12-02 00:33:00,High,High1
December,12,2,05:42,0.75,02/12/2023,2023-12-02 05:42:00,Low,Low1
December,12,2,12:16,1.71,02/12/2023,2023-12-02 12:16:00,High,High2
December,12,2,19:14,0.52,02/12/2023,2023-12-02 19:14:00,Low,Low2
December,12,3,01:21,1.22,03/12/2023,2023-12-03 01:21:00,High,High1
December,12,3,06:30,0.8,03/12/2023,2023-12-03 06:30:00,Low,Low1
December,12,3,13:00,1.63,03/12/2023,2023-12-03 13:00:00,High,High2
December,12,3,20:00,0.56,03/12/2023,2023-12-03 20:00:00,Low,Low2
December,12,4,02:15,1.23,04/12/2023,2023-12-04 02:15:00,High,High1
December,12,4,07:27,0.84,04/12/2023,2023-12-04 07:27:00,Low,Low1
December,12,4,13:47,1.55,04/12/2023,2023-12-04 13:47:00,High,High2
December,12,4,20:49,0.58,04/12/2023,2023-12-04 20:49:00,Low,Low2
December,12,5,03:12,1.25,05/12/2023,2023-12-05 03:12:00,High,High1
December,12,5,08:31,0.86,05/12/2023,2023-12-05 08:31:00,Low,Low1
December,12,5,14:42,1.47,05/12/2023,2023-12-05 14:42:00,High,High2
December,12,5,21:39,0.59,05/12/2023,2023-12-05 21:39:00,Low,Low2
December,12,6,04:10,1.31,06/12/2023,2023-12-06 04:10:00,High,High1
December,12,6,09:42,0.86,06/12/2023,2023-12-06 09:42:00,Low,Low1
December,12,6,15:42,1.42,06/12/2023,2023-12-06 15:42:00,High,High2
December,12,6,22:27,0.58,06/12/2023,2023-12-06 22:27:00,Low,Low2
December,12,7,05:02,1.39,07/12/2023,2023-12-07 05:02:00,High,High1
December,12,7,10:52,0.82,07/12/2023,2023-12-07 10:52:00,Low,Low1
December,12,7,16:44,1.38,07/12/2023,2023-12-07 16:44:00,High,High2
December,12,7,23:10,0.56,07/12/2023,2023-12-07 23:10:00,Low,Low2
December,12,8,05:48,1.49,08/12/2023,2023-12-08 05:48:00,High,High1
December,12,8,11:56,0.76,08/12/2023,2023-12-08 11:56:00,Low,Low1
December,12,8,17:41,1.36,08/12/2023,2023-12-08 17:41:00,High,High2
December,12,8,23:50,0.55,08/12/2023,2023-12-08 23:50:00,Low,Low2
December,12,9,06:30,1.59,09/12/2023,2023-12-09 06:30:00,High,High1
December,12,9,12:51,0.67,09/12/2023,2023-12-09 12:51:00,Low,Low1
December,12,9,18:33,1.36,09/12/2023,2023-12-09 18:33:00,High,High2
December,12,10,00:29,0.54,10/12/2023,2023-12-10 00:29:00,Low,Low1
December,12,10,07:08,1.69,10/12/2023,2023-12-10 07:08:00,High,High1
December,12,10,13:40,0.57,10/12/2023,2023-12-10 13:40:00,Low,Low2
December,12,10,19:23,1.35,10/12/2023,2023-12-10 19:23:00,High,High2
December,12,11,01:06,0.53,11/12/2023,2023-12-11 01:06:00,Low,Low1
December,12,11,07:46,1.79,11/12/2023,2023-12-11 07:46:00,High,High1
December,12,11,14:25,0.48,11/12/2023,2023-12-11 14:25:00,Low,Low2
December,12,11,20:12,1.36,11/12/2023,2023-12-11 20:12:00,High,High2
December,12,12,01:45,0.53,12/12/2023,2023-12-12 01:45:00,Low,Low1
December,12,12,08:27,1.88,12/12/2023,2023-12-12 08:27:00,High,High1
December,12,12,15:09,0.39,12/12/2023,2023-12-12 15:09:00,Low,Low2
December,12,12,21:00,1.36,12/12/2023,2023-12-12 21:00:00,High,High2
December,12,13,02:27,0.53,13/12/2023,2023-12-13 02:27:00,Low,Low1
December,12,13,09:09,1.94,13/12/2023,2023-12-13 09:09:00,High,High1
December,12,13,15:54,0.33,13/12/2023,2023-12-13 15:54:00,Low,Low2
December,12,13,21:50,1.37,13/12/2023,2023-12-13 21:50:00,High,High2
December,12,14,03:12,0.54,14/12/2023,2023-12-14 03:12:00,Low,Low1
December,12,14,09:54,1.98,14/12/2023,2023-12-14 09:54:00,High,High1
December,12,14,16:41,0.29,14/12/2023,2023-12-14 16:41:00,Low,Low2
December,12,14,22:41,1.37,14/12/2023,2023-12-14 22:41:00,High,High2
December,12,15,04:00,0.56,15/12/2023,2023-12-15 04:00:00,Low,Low1
December,12,15,10:42,2,15/12/2023,2023-12-15 10:42:00,High,High1
December,12,15,17:30,0.28,15/12/2023,2023-12-15 17:30:00,Low,Low2
December,12,15,23:33,1.36,15/12/2023,2023-12-15 23:33:00,High,High2
December,12,16,04:53,0.58,16/12/2023,2023-12-16 04:53:00,Low,Low1
December,12,16,11:30,1.97,16/12/2023,2023-12-16 11:30:00,High,High1
December,12,16,18:21,0.29,16/12/2023,2023-12-16 18:21:00,Low,Low2
December,12,17,00:28,1.36,17/12/2023,2023-12-17 00:28:00,High,High1
December,12,17,05:49,0.61,17/12/2023,2023-12-17 05:49:00,Low,Low1
December,12,17,12:22,1.91,17/12/2023,2023-12-17 12:22:00,High,High2
December,12,17,19:14,0.32,17/12/2023,2023-12-17 19:14:00,Low,Low2
December,12,18,01:24,1.38,18/12/2023,2023-12-18 01:24:00,High,High1
December,12,18,06:48,0.65,18/12/2023,2023-12-18 06:48:00,Low,Low1
December,12,18,13:15,1.82,18/12/2023,2023-12-18 13:15:00,High,High2
December,12,18,20:07,0.35,18/12/2023,2023-12-18 20:07:00,Low,Low2
December,12,19,02:24,1.41,19/12/2023,2023-12-19 02:24:00,High,High1
December,12,19,07:53,0.68,19/12/2023,2023-12-19 07:53:00,Low,Low1
December,12,19,14:13,1.71,19/12/2023,2023-12-19 14:13:00,High,High2
December,12,19,21:00,0.39,19/12/2023,2023-12-19 21:00:00,Low,Low2
December,12,20,03:25,1.46,20/12/2023,2023-12-20 03:25:00,High,High1
December,12,20,09:04,0.7,20/12/2023,2023-12-20 09:04:00,Low,Low1
December,12,20,15:15,1.59,20/12/2023,2023-12-20 15:15:00,High,High2
December,12,20,21:53,0.42,20/12/2023,2023-12-20 21:53:00,Low,Low2
December,12,21,04:25,1.55,21/12/2023,2023-12-21 04:25:00,High,High1
December,12,21,10:20,0.7,21/12/2023,2023-12-21 10:20:00,Low,Low1
December,12,21,16:23,1.48,21/12/2023,2023-12-21 16:23:00,High,High2
December,12,21,22:44,0.46,21/12/2023,2023-12-21 22:44:00,Low,Low2
December,12,22,05:21,1.64,22/12/2023,2023-12-22 05:21:00,High,High1
December,12,22,11:38,0.65,22/12/2023,2023-12-22 11:38:00,Low,Low1
December,12,22,17:30,1.4,22/12/2023,2023-12-22 17:30:00,High,High2
December,12,22,23:32,0.49,22/12/2023,2023-12-22 23:32:00,Low,Low2
December,12,23,06:14,1.73,23/12/2023,2023-12-23 06:14:00,High,High1
December,12,23,12:49,0.58,23/12/2023,2023-12-23 12:49:00,Low,Low1
December,12,23,18:34,1.34,23/12/2023,2023-12-23 18:34:00,High,High2
December,12,24,00:20,0.52,24/12/2023,2023-12-24 00:20:00,Low,Low1
December,12,24,07:03,1.81,24/12/2023,2023-12-24 07:03:00,High,High1
December,12,24,13:49,0.5,24/12/2023,2023-12-24 13:49:00,Low,Low2
December,12,24,19:34,1.31,24/12/2023,2023-12-24 19:34:00,High,High2
December,12,25,01:06,0.55,25/12/2023,2023-12-25 01:06:00,Low,Low1
December,12,25,07:50,1.87,25/12/2023,2023-12-25 07:50:00,High,High1
December,12,25,14:40,0.43,25/12/2023,2023-12-25 14:40:00,Low,Low2
December,12,25,20:29,1.3,25/12/2023,2023-12-25 20:29:00,High,High2
December,12,26,01:51,0.57,26/12/2023,2023-12-26 01:51:00,Low,Low1
December,12,26,08:34,1.9,26/12/2023,2023-12-26 08:34:00,High,High1
December,12,26,15:25,0.39,26/12/2023,2023-12-26 15:25:00,Low,Low2
December,12,26,21:17,1.3,26/12/2023,2023-12-26 21:17:00,High,High2
December,12,27,02:35,0.59,27/12/2023,2023-12-27 02:35:00,Low,Low1
December,12,27,09:17,1.91,27/12/2023,2023-12-27 09:17:00,High,High1
December,12,27,16:06,0.38,27/12/2023,2023-12-27 16:06:00,Low,Low2
December,12,27,22:02,1.3,27/12/2023,2023-12-27 22:02:00,High,High2
December,12,28,03:16,0.61,28/12/2023,2023-12-28 03:16:00,Low,Low1
December,12,28,09:57,1.89,28/12/2023,2023-12-28 09:57:00,High,High1
December,12,28,16:45,0.38,28/12/2023,2023-12-28 16:45:00,Low,Low2
December,12,28,22:44,1.3,28/12/2023,2023-12-28 22:44:00,High,High2
December,12,29,03:58,0.63,29/12/2023,2023-12-29 03:58:00,Low,Low1
December,12,29,10:35,1.86,29/12/2023,2023-12-29 10:35:00,High,High1
December,12,29,17:21,0.41,29/12/2023,2023-12-29 17:21:00,Low,Low2
December,12,29,23:22,1.3,29/12/2023,2023-12-29 23:22:00,High,High2
December,12,30,04:37,0.66,30/12/2023,2023-12-30 04:37:00,Low,Low1
December,12,30,11:13,1.81,30/12/2023,2023-12-30 11:13:00,High,High1
December,12,30,17:58,0.44,30/12/2023,2023-12-30 17:58:00,Low,Low2
December,12,31,00:01,1.3,31/12/2023,2023-12-31 00:01:00,High,High1
December,12,31,05:18,0.69,31/12/2023,2023-12-31 05:18:00,Low,Low1
December,12,31,11:48,1.75,31/12/2023,2023-12-31 11:48:00,High,High2
December,12,31,18:33,0.48,31/12/2023,2023-12-31 18:33:00,Low,Low2
,,,,,,,,High1
,,,,,,,,Low1
,,,,,,,,High2
,,,,,,,,Low2
,,,,,,,,High1
,,,,,,,,Low1
,,,,,,,,High2
,,,,,,,,Low2
,,,,,,,,High1
,,,,,,,,Low1
,,,,,,,,High2
,,,,,,,,Low2
,,,,,,,,High1
,,,,,,,,Low1
,,,,,,,,High2
,,,,,,,,Low2
,,,,,,,,High1
,,,,,,,,Low1
,,,,,,,,High2
,,,,,,,,Low2
,,,,,,,,High1
,,,,,,,,Low1
,,,,,,,,High2
,,,,,,,,Low2
,,,,,,,,High1
,,,,,,,,Low1
,,,,,,,,High2
,,,,,,,,Low2
,,,,,,,,High1
,,,,,,,,Low1
,,,,,,,,High2
,,,,,,,,Low2
,,,,,,,,High1
,,,,,,,,Low1
,,,,,,,,High2
,,,,,,,,Low2
,,,,,,,,High1
,,,,,,,,Low1
,,,,,,,,High2
,,,,,,,,Low2
,,,,,,,,High1
,,,,,,,,Low1
,,,,,,,,High2
,,,,,,,,Low2
,,,,,,,,High1
,,,,,,,,Low1
,,,,,,,,High2
,,,,,,,,Low2
,,,,,,,,High1
,,,,,,,,Low1
,,,,,,,,High2
,,,,,,,,Low2
,,,,,,,,High1
,,,,,,,,Low1
,,,,,,,,High2
,,,,,,,,Low2
,,,,,,,,High1
,,,,,,,,Low1
,,,,,,,,High2
,,,,,,,,Low2
,,,,,,,,High1
,,,,,,,,Low1
,,,,,,,,High2
,,,,,,,,Low2
,,,,,,,,High1
,,,,,,,,Low1
,,,,,,,,High2
,,,,,,,,Low2
,,,,,,,,High1
,,,,,,,,Low1
,,,,,,,,High2
,,,,,,,,Low2
,,,,,,,,High1
,,,,,,,,Low1
,,,,,,,,High2
,,,,,,,,Low2
,,,,,,,,High1
,,,,,,,,Low1
,,,,,,,,High2
,,,,,,,,Low2
,,,,,,,,High1
,,,,,,,,Low1
,,,,,,,,High2
,,,,,,,,Low2
,,,,,,,,High1
,,,,,,,,Low1
,,,,,,,,High2
,,,,,,,,Low2
,,,,,,,,High1
,,,,,,,,Low1
,,,,,,,,High2
,,,,,,,,Low2
,,,,,,,,High1
,,,,,,,,Low1
,,,,,,,,High2
,,,,,,,,Low2
,,,,,,,,High1
,,,,,,,,Low1
,,,,,,,,High2
,,,,,,,,Low2
,,,,,,,,High1
,,,,,,,,Low1
,,,,,,,,High2
,,,,,,,,Low2
,,,,,,,,High1
,,,,,,,,Low1
,,,,,,,,High2
,,,,,,,,Low2
,,,,,,,,High1
,,,,,,,,Low1
,,,,,,,,High2
,,,,,,,,Low2
,,,,,,,,High1
,,,,,,,,Low1
,,,,,,,,High2
,,,,,,,,Low2
,,,,,,,,High1
,,,,,,,,Low1
,,,,,,,,High2
,,,,,,,,Low2
,,,,,,,,High1
,,,,,,,,Low1
,,,,,,,,High2
,,,,,,,,Low2
,,,,,,,,High1
,,,,,,,,Low1
,,,,,,,,High2
,,,,,,,,Low2
,,,,,,,,High1
,,,,,,,,Low1
,,,,,,,,High2
,,,,,,,,Low2
,,,,,,,,High1
,,,,,,,,Low1
,,,,,,,,High2
,,,,,,,,Low2
,,,,,,,,High1
,,,,,,,,Low1
,,,,,,,,High2
,,,,,,,,Low2
,,,,,,,,High1
,,,,,,,,Low1
,,,,,,,,High2
,,,,,,,,Low2
,,,,,,,,High1
,,,,,,,,Low1
,,,,,,,,High2
,,,,,,,,Low2
,,,,,,,,High1
,,,,,,,,Low1
,,,,,,,,High2
,,,,,,,,Low2
,,,,,,,,High1
,,,,,,,,Low1
,,,,,,,,High2
,,,,,,,,Low2
,,,,,,,,High1
,,,,,,,,Low1
,,,,,,,,High2
,,,,,,,,Low2
,,,,,,,,High1
,,,,,,,,Low1
,,,,,,,,High2
,,,,,,,,Low2
,,,,,,,,High1
,,,,,,,,Low1
,,,,,,,,High2
,,,,,,,,Low2
,,,,,,,,High1
,,,,,,,,Low1
,,,,,,,,High2
,,,,,,,,Low2
,,,,,,,,High1
,,,,,,,,Low1
,,,,,,,,High2
,,,,,,,,Low2
,,,,,,,,High1
,,,,,,,,Low1
,,,,,,,,High2
,,,,,,,,Low2
,,,,,,,,High1
,,,,,,,,Low1
,,,,,,,,High2
,,,,,,,,Low2
,,,,,,,,High1
,,,,,,,,Low1
,,,,,,,,High2
,,,,,,,,Low2
,,,,,,,,High1
,,,,,,,,Low1
,,,,,,,,High2
,,,,,,,,Low2
,,,,,,,,High1
,,,,,,,,Low1
,,,,,,,,High2
,,,,,,,,Low2
,,,,,,,,High1
,,,,,,,,Low1
,,,,,,,,High2
,,,,,,,,Low2
,,,,,,,,High1
,,,,,,,,Low1
,,,,,,,,High2
,,,,,,,,Low2
,,,,,,,,High1
,,,,,,,,Low1
,,,,,,,,High2
,,,,,,,,Low2
,,,,,,,,High1
,,,,,,,,Low1
,,,,,,,,High2
,,,,,,,,Low2
,,,,,,,,High1
,,,,,,,,Low1
,,,,,,,,High2
,,,,,,,,Low2
,,,,,,,,High1
,,,,,,,,Low1
,,,,,,,,High2
,,,,,,,,Low2
,,,,,,,,High1
,,,,,,,,Low1
,,,,,,,,High2
,,,,,,,,Low2
,,,,,,,,High1
,,,,,,,,Low1
,,,,,,,,High2
,,,,,,,,Low2
,,,,,,,,High1
,,,,,,,,Low1
,,,,,,,,High2
,,,,,,,,Low2
,,,,,,,,High1
,,,,,,,,Low1
,,,,,,,,High2
,,,,,,,,Low2
,,,,,,,,High1
,,,,,,,,Low1
,,,,,,,,High2
,,,,,,,,Low2
,,,,,,,,High1
,,,,,,,,Low1
,,,,,,,,High2
,,,,,,,,Low2
,,,,,,,,High1
,,,,,,,,Low1
,,,,,,,,High2
,,,,,,,,Low2
,,,,,,,,High1
,,,,,,,,Low1
,,,,,,,,High2
,,,,,,,,Low2
,,,,,,,,High1
,,,,,,,,Low1
,,,,,,,,High2
,,,,,,,,Low2
,,,,,,,,High1
,,,,,,,,Low1
,,,,,,,,High2
,,,,,,,,Low2
,,,,,,,,High1
,,,,,,,,Low1
,,,,,,,,High2
,,,,,,,,Low2
,,,,,,,,High1
,,,,,,,,Low1
,,,,,,,,High2
,,,,,,,,Low2
,,,,,,,,High1
,,,,,,,,Low1
,,,,,,,,High2
,,,,,,,,Low2
,,,,,,,,High1
,,,,,,,,Low1
,,,,,,,,High2
,,,,,,,,Low2
,,,,,,,,High1
,,,,,,,,Low1
,,,,,,,,High2
,,,,,,,,Low2
,,,,,,,,High1
,,,,,,,,Low1
,,,,,,,,High2
,,,,,,,,Low2
,,,,,,,,High1
,,,,,,,,Low1
,,,,,,,,High2
,,,,,,,,Low2
,,,,,,,,High1
,,,,,,,,Low1
,,,,,,,,High2
,,,,,,,,Low2
,,,,,,,,High1
,,,,,,,,Low1
,,,,,,,,High2
,,,,,,,,Low2
,,,,,,,,High1
,,,,,,,,Low1
,,,,,,,,High2
,,,,,,,,Low2
,,,,,,,,High1
,,,,,,,,Low1
,,,,,,,,High2
,,,,,,,,Low2
,,,,,,,,High1
,,,,,,,,Low1
,,,,,,,,High2
,,,,,,,,Low2
,,,,,,,,High1
,,,,,,,,Low1
,,,,,,,,High2
,,,,,,,,Low2
,,,,,,,,High1
,,,,,,,,Low1
,,,,,,,,High2
,,,,,,,,Low2
,,,,,,,,High1
,,,,,,,,Low1
,,,,,,,,High2
,,,,,,,,Low2
,,,,,,,,High1
,,,,,,,,Low1
,,,,,,,,High2
,,,,,,,,Low2
,,,,,,,,High1
,,,,,,,,Low1
,,,,,,,,High2
,,,,,,,,Low2
,,,,,,,,High1
,,,,,,,,Low1
,,,,,,,,High2
,,,,,,,,Low2
,,,,,,,,High1
,,,,,,,,Low1
,,,,,,,,High2
,,,,,,,,Low2
,,,,,,,,High1
,,,,,,,,Low1
,,,,,,,,High2
,,,,,,,,Low2
,,,,,,,,High1
,,,,,,,,Low1
,,,,,,,,High2
,,,,,,,,Low2
,,,,,,,,High1
,,,,,,,,Low1
,,,,,,,,High2
,,,,,,,,Low2
,,,,,,,,High1
,,,,,,,,Low1
,,,,,,,,High2
,,,,,,,,Low2
,,,,,,,,High1
,,,,,,,,Low1
,,,,,,,,High2
,,,,,,,,Low2
,,,,,,,,High1
,,,,,,,,Low1
,,,,,,,,High2
,,,,,,,,Low2
,,,,,,,,High1
,,,,,,,,Low1
,,,,,,,,High2
,,,,,,,,Low2
,,,,,,,,High1
,,,,,,,,Low1
,,,,,,,,High2
,,,,,,,,Low2
,,,,,,,,High1
,,,,,,,,Low1
,,,,,,,,High2
,,,,,,,,Low2
,,,,,,,,High1
,,,,,,,,Low1
,,,,,,,,High2
,,,,,,,,Low2
,,,,,,,,High1
,,,,,,,,Low1
,,,,,,,,High2
,,,,,,,,Low2
,,,,,,,,High1
,,,,,,,,Low1
,,,,,,,,High2
,,,,,,,,Low2
,,,,,,,,High1
,,,,,,,,Low1
,,,,,,,,High2
,,,,,,,,Low2
,,,,,,,,High1
,,,,,,,,Low1
,,,,,,,,High2
,,,,,,,,Low2
,,,,,,,,High1
,,,,,,,,Low1
,,,,,,,,High2
,,,,,,,,Low2
,,,,,,,,High1
,,,,,,,,Low1
,,,,,,,,High2
,,,,,,,,Low2
,,,,,,,,High1
,,,,,,,,Low1
,,,,,,,,High2
,,,,,,,,Low2
,,,,,,,,High1
,,,,,,,,Low1
,,,,,,,,High2
,,,,,,,,Low2
,,,,,,,,High1
,,,,,,,,Low1
,,,,,,,,High2
,,,,,,,,Low2
,,,,,,,,High1
,,,,,,,,Low1
,,,,,,,,High2
,,,,,,,,Low2
,,,,,,,,High1
,,,,,,,,Low1
,,,,,,,,High2
,,,,,,,,Low2
,,,,,,,,High1
,,,,,,,,Low1
,,,,,,,,High2
,,,,,,,,Low2
,,,,,,,,High1
,,,,,,,,Low1
,,,,,,,,High2
,,,,,,,,Low2
,,,,,,,,High1
,,,,,,,,Low1
,,,,,,,,High2
,,,,,,,,Low2
,,,,,,,,High1
,,,,,,,,Low1
,,,,,,,,High2
,,,,,,,,Low2
,,,,,,,,High1
,,,,,,,,Low1
,,,,,,,,High2
,,,,,,,,Low2
,,,,,,,,High1
,,,,,,,,Low1
,,,,,,,,High2
,,,,,,,,Low2
,,,,,,,,High1
,,,,,,,,Low1
,,,,,,,,High2
,,,,,,,,Low2
,,,,,,,,High1
,,,,,,,,Low1
,,,,,,,,High2
,,,,,,,,Low2
,,,,,,,,High1
,,,,,,,,Low1
,,,,,,,,High2
,,,,,,,,Low2
,,,,,,,,High1
,,,,,,,,Low1
,,,,,,,,High2
,,,,,,,,Low2
,,,,,,,,High1
,,,,,,,,Low1
,,,,,,,,High2
,,,,,,,,Low2
,,,,,,,,High1
,,,,,,,,Low1
,,,,,,,,High2
,,,,,,,,Low2
,,,,,,,,High1
,,,,,,,,Low1
,,,,,,,,High2
,,,,,,,,Low2
,,,,,,,,High1
,,,,,,,,Low1
,,,,,,,,High2
,,,,,,,,Low2
,,,,,,,,High1
,,,,,,,,Low1
,,,,,,,,High2
,,,,,,,,Low2
,,,,,,,,High1
,,,,,,,,Low1
,,,,,,,,High2
,,,,,,,,Low2
,,,,,,,,High1
,,,,,,,,Low1
,,,,,,,,High2
,,,,,,,,Low2
,,,,,,,,High1
,,,,,,,,Low1
,,,,,,,,High2
,,,,,,,,Low2
,,,,,,,,High1
,,,,,,,,Low1
,,,,,,,,High2
,,,,,,,,Low2
,,,,,,,,High1
,,,,,,,,Low1
,,,,,,,,High2
,,,,,,,,Low2
,,,,,,,,High1
,,,,,,,,Low1
,,,,,,,,High2
,,,,,,,,Low2
,,,,,,,,High1
,,,,,,,,Low1
,,,,,,,,High2
,,,,,,,,Low2
,,,,,,,,High1
,,,,,,,,Low1
,,,,,,,,High2
,,,,,,,,Low2
,,,,,,,,High1
,,,,,,,,Low1
,,,,,,,,High2
,,,,,,,,Low2
,,,,,,,,High1
,,,,,,,,Low1
,,,,,,,,High2
,,,,,,,,Low2
,,,,,,,,High1
,,,,,,,,Low1
,,,,,,,,High2
,,,,,,,,Low2
,,,,,,,,High1
,,,,,,,,Low1
,,,,,,,,High2
,,,,,,,,Low2
,,,,,,,,High1
,,,,,,,,Low1
,,,,,,,,High2
,,,,,,,,Low2
,,,,,,,,High1
,,,,,,,,Low1
,,,,,,,,High2
,,,,,,,,Low2
,,,,,,,,High1
,,,,,,,,Low1
,,,,,,,,High2
,,,,,,,,Low2
,,,,,,,,High1
,,,,,,,,Low1
,,,,,,,,High2
,,,,,,,,Low2
,,,,,,,,High1
,,,,,,,,Low1
,,,,,,,,High2
,,,,,,,,Low2
,,,,,,,,High1
,,,,,,,,Low1
,,,,,,,,High2
,,,,,,,,Low2
,,,,,,,,High1
,,,,,,,,Low1
,,,,,,,,High2
,,,,,,,,Low2
,,,,,,,,High1
,,,,,,,,Low1
,,,,,,,,High2
,,,,,,,,Low2
,,,,,,,,High1
,,,,,,,,Low1
,,,,,,,,High2
,,,,,,,,Low2
,,,,,,,,High1
,,,,,,,,Low1
,,,,,,,,High2
,,,,,,,,Low2
,,,,,,,,High1
,,,,,,,,Low1
,,,,,,,,High2
,,,,,,,,Low2
,,,,,,,,High1
,,,,,,,,Low1
,,,,,,,,High2
,,,,,,,,Low2
,,,,,,,,High1
,,,,,,,,Low1
,,,,,,,,High2
,,,,,,,,Low2
,,,,,,,,High1
,,,,,,,,Low1
,,,,,,,,High2
,,,,,,,,Low2
,,,,,,,,High1
,,,,,,,,Low1
,,,,,,,,High2
,,,,,,,,Low2
,,,,,,,,High1
,,,,,,,,Low1
,,,,,,,,High2
,,,,,,,,Low2
,,,,,,,,High1
,,,,,,,,Low1
,,,,,,,,High2
,,,,,,,,Low2
,,,,,,,,High1
,,,,,,,,Low1
,,,,,,,,High2
,,,,,,,,Low2
,,,,,,,,High1
,,,,,,,,Low1
,,,,,,,,High2
,,,,,,,,Low2
,,,,,,,,High1
,,,,,,,,Low1
,,,,,,,,High2
,,,,,,,,Low2
,,,,,,,,High1
,,,,,,,,Low1
,,,,,,,,High2
,,,,,,,,Low2
,,,,,,,,High1
,,,,,,,,Low1
,,,,,,,,High2
,,,,,,,,Low2
,,,,,,,,High1
,,,,,,,,Low1
,,,,,,,,High2
,,,,,,,,Low2
,,,,,,,,High1
,,,,,,,,Low1
,,,,,,,,High2
,,,,,,,,Low2
,,,,,,,,High1
,,,,,,,,Low1
,,,,,,,,High2
,,,,,,,,Low2
,,,,,,,,High1
,,,,,,,,Low1
,,,,,,,,High2
,,,,,,,,Low2
,,,,,,,,High1
,,,,,,,,Low1
,,,,,,,,High2
,,,,,,,,Low2
,,,,,,,,High1
,,,,,,,,Low1
,,,,,,,,High2
,,,,,,,,Low2
,,,,,,,,High1
,,,,,,,,Low1
,,,,,,,,High2
,,,,,,,,Low2
,,,,,,,,High1
,,,,,,,,Low1
,,,,,,,,High2
,,,,,,,,Low2
,,,,,,,,High1
,,,,,,,,Low1
,,,,,,,,High2
,,,,,,,,Low2
,,,,,,,,High1
,,,,,,,,Low1
,,,,,,,,High2
,,,,,,,,Low2
,,,,,,,,High1
,,,,,,,,Low1
,,,,,,,,High2
,,,,,,,,Low2
,,,,,,,,High1
,,,,,,,,Low1
,,,,,,,,High2
,,,,,,,,Low2
,,,,,,,,High1
,,,,,,,,Low1
,,,,,,,,High2
,,,,,,,,Low2
,,,,,,,,High1
,,,,,,,,Low1
,,,,,,,,High2
,,,,,,,,Low2
,,,,,,,,High1
,,,,,,,,Low1
,,,,,,,,High2
,,,,,,,,Low2
,,,,,,,,High1
,,,,,,,,Low1
,,,,,,,,High2
,,,,,,,,Low2
,,,,,,,,High1
,,,,,,,,Low1
,,,,,,,,High2
,,,,,,,,Low2
,,,,,,,,High1
,,,,,,,,Low1
,,,,,,,,High2
,,,,,,,,Low2
,,,,,,,,High1
,,,,,,,,Low1
,,,,,,,,High2
,,,,,,,,Low2
,,,,,,,,High1
,,,,,,,,Low1
,,,,,,,,High2
,,,,,,,,Low2
,,,,,,,,High1
,,,,,,,,Low1
,,,,,,,,High2
,,,,,,,,Low2
,,,,,,,,High1
,,,,,,,,Low1
,,,,,,,,High2
,,,,,,,,Low2
,,,,,,,,High1
,,,,,,,,Low1
,,,,,,,,High2
,,,,,,,,Low2
,,,,,,,,High1
,,,,,,,,Low1
,,,,,,,,High2
,,,,,,,,Low2
,,,,,,,,High1
,,,,,,,,Low1
,,,,,,,,High2
,,,,,,,,Low2
,,,,,,,,High1
,,,,,,,,Low1
,,,,,,,,High2
,,,,,,,,Low2
,,,,,,,,High1
,,,,,,,,Low1
,,,,,,,,High2
,,,,,,,,Low2
,,,,,,,,High1
,,,,,,,,Low1
,,,,,,,,High2
,,,,,,,,Low2
,,,,,,,,High1
,,,,,,,,Low1
,,,,,,,,High2
,,,,,,,,Low2
,,,,,,,,High1
,,,,,,,,Low1
,,,,,,,,High2
,,,,,,,,Low2
,,,,,,,,High1
,,,,,,,,Low1
,,,,,,,,High2
,,,,,,,,Low2
,,,,,,,,High1
,,,,,,,,Low1
,,,,,,,,High2
,,,,,,,,Low2
,,,,,,,,High1
,,,,,,,,Low1
,,,,,,,,High2
,,,,,,,,Low2
,,,,,,,,High1
,,,,,,,,Low1
,,,,,,,,High2
,,,,,,,,Low2
,,,,,,,,High1
,,,,,,,,Low1
,,,,,,,,High2
,,,,,,,,Low2
,,,,,,,,High1
,,,,,,,,Low1
,,,,,,,,High2
,,,,,,,,Low2
,,,,,,,,High1
,,,,,,,,Low1
,,,,,,,,High2
,,,,,,,,Low2
,,,,,,,,High1
,,,,,,,,Low1
,,,,,,,,High2
,,,,,,,,Low2
,,,,,,,,High1
,,,,,,,,Low1
,,,,,,,,High2
,,,,,,,,Low2
,,,,,,,,High1
,,,,,,,,Low1
,,,,,,,,High2
,,,,,,,,Low2
,,,,,,,,High1
,,,,,,,,Low1
,,,,,,,,High2
,,,,,,,,Low2
,,,,,,,,High1
,,,,,,,,Low1
,,,,,,,,High2
,,,,,,,,Low2
,,,,,,,,High1
,,,,,,,,Low1
,,,,,,,,High2
,,,,,,,,Low2
,,,,,,,,High1
,,,,,,,,Low1
,,,,,,,,High2
,,,,,,,,Low2
,,,,,,,,High1
,,,,,,,,Low1
,,,,,,,,High2
,,,,,,,,Low2
,,,,,,,,High1
,,,,,,,,Low1
,,,,,,,,High2
,,,,,,,,Low2
,,,,,,,,High1
,,,,,,,,Low1
,,,,,,,,High2
,,,,,,,,Low2
,,,,,,,,High1
,,,,,,,,Low1
,,,,,,,,High2
,,,,,,,,Low2
,,,,,,,,High1
,,,,,,,,Low1
,,,,,,,,High2
,,,,,,,,Low2
,,,,,,,,High1
,,,,,,,,Low1
,,,,,,,,High2
,,,,,,,,Low2
,,,,,,,,High1
,,,,,,,,Low1
,,,,,,,,High2
,,,,,,,,Low2
,,,,,,,,High1
,,,,,,,,Low1
,,,,,,,,High2
,,,,,,,,Low2
,,,,,,,,High1
,,,,,,,,Low1
,,,,,,,,High2
,,,,,,,,Low2
,,,,,,,,High1
,,,,,,,,Low1
,,,,,,,,High2
,,,,,,,,Low2
,,,,,,,,High1
,,,,,,,,Low1
,,,,,,,,High2
,,,,,,,,Low2
,,,,,,,,High1
,,,,,,,,Low1
,,,,,,,,High2
,,,,,,,,Low2
,,,,,,,,High1
,,,,,,,,Low1
,,,,,,,,High2
,,,,,,,,Low2
,,,,,,,,High1
,,,,,,,,Low1
,,,,,,,,High2
,,,,,,,,Low2
,,,,,,,,High1
,,,,,,,,Low1
,,,,,,,,High2
,,,,,,,,Low2
,,,,,,,,High1
,,,,,,,,Low1
,,,,,,,,High2
,,,,,,,,Low2
,,,,,,,,High1
,,,,,,,,Low1
,,,,,,,,High2
,,,,,,,,Low2
,,,,,,,,High1
,,,,,,,,Low1
,,,,,,,,High2
,,,,,,,,Low2
,,,,,,,,High1
,,,,,,,,Low1
,,,,,,,,High2
,,,,,,,,Low2
,,,,,,,,High1
,,,,,,,,Low1
,,,,,,,,High2
,,,,,,,,Low2
,,,,,,,,High1
,,,,,,,,Low1
,,,,,,,,High2
,,,,,,,,Low2
,,,,,,,,High1
,,,,,,,,Low1
,,,,,,,,High2
,,,,,,,,Low2
,,,,,,,,High1
,,,,,,,,Low1
,,,,,,,,High2
,,,,,,,,Low2
,,,,,,,,High1
,,,,,,,,Low1
,,,,,,,,High2
,,,,,,,,Low2
,,,,,,,,High1
,,,,,,,,Low1
,,,,,,,,High2
,,,,,,,,Low2
,,,,,,,,High1
,,,,,,,,Low1
,,,,,,,,High2
,,,,,,,,Low2
,,,,,,,,High1
,,,,,,,,Low1
,,,,,,,,High2
,,,,,,,,Low2
,,,,,,,,High1
,,,,,,,,Low1
,,,,,,,,High2
,,,,,,,,Low2
,,,,,,,,High1
,,,,,,,,Low1
,,,,,,,,High2
,,,,,,,,Low2
,,,,,,,,High1
,,,,,,,,Low1
,,,,,,,,High2
,,,,,,,,Low2
,,,,,,,,High1
,,,,,,,,Low1
,,,,,,,,High2
,,,,,,,,Low2
,,,,,,,,High1
,,,,,,,,Low1
,,,,,,,,High2
,,,,,,,,Low2
,,,,,,,,High1
,,,,,,,,Low1
,,,,,,,,High2
,,,,,,,,Low2
,,,,,,,,High1
,,,,,,,,Low1
,,,,,,,,High2
,,,,,,,,Low2
,,,,,,,,High1
,,,,,,,,Low1
,,,,,,,,High2
,,,,,,,,Low2
,,,,,,,,High1
,,,,,,,,Low1
,,,,,,,,High2
,,,,,,,,Low2
,,,,,,,,High1
,,,,,,,,Low1
,,,,,,,,High2
,,,,,,,,Low2
,,,,,,,,High1
,,,,,,,,Low1
,,,,,,,,High2
,,,,,,,,Low2
,,,,,,,,High1
,,,,,,,,Low1
,,,,,,,,High2
,,,,,,,,Low2
,,,,,,,,High1
,,,,,,,,Low1
,,,,,,,,High2
,,,,,,,,Low2
,,,,,,,,High1
,,,,,,,,Low1
,,,,,,,,High2
,,,,,,,,Low2
,,,,,,,,High1
,,,,,,,,Low1
,,,,,,,,High2
,,,,,,,,Low2
,,,,,,,,High1
,,,,,,,,Low1
,,,,,,,,High2
,,,,,,,,Low2
,,,,,,,,High1
,,,,,,,,Low1
,,,,,,,,High2
,,,,,,,,Low2
,,,,,,,,High1
,,,,,,,,Low1
,,,,,,,,High2
,,,,,,,,Low2
,,,,,,,,High1
,,,,,,,,Low1
,,,,,,,,High2
,,,,,,,,Low2
,,,,,,,,High1
,,,,,,,,Low1
,,,,,,,,High2
,,,,,,,,Low2
,,,,,,,,High1
,,,,,,,,Low1
,,,,,,,,High2
,,,,,,,,Low2
,,,,,,,,High1
,,,,,,,,Low1
,,,,,,,,High2
,,,,,,,,Low2
,,,,,,,,High1
,,,,,,,,Low1
,,,,,,,,High2
,,,,,,,,Low2
,,,,,,,,High1
,,,,,,,,Low1
,,,,,,,,High2
,,,,,,,,Low2
,,,,,,,,High1
,,,,,,,,Low1
,,,,,,,,High2
,,,,,,,,Low2
,,,,,,,,High1
,,,,,,,,Low1
,,,,,,,,High2
,,,,,,,,Low2
,,,,,,,,High1
,,,,,,,,Low1
,,,,,,,,High2
,,,,,,,,Low2
,,,,,,,,High1
,,,,,,,,Low1
,,,,,,,,High2
,,,,,,,,Low2
,,,,,,,,High1
,,,,,,,,Low1
,,,,,,,,High2
,,,,,,,,Low2
,,,,,,,,High1
,,,,,,,,Low1
,,,,,,,,High2
,,,,,,,,Low2
,,,,,,,,High1
,,,,,,,,Low1
,,,,,,,,High2
,,,,,,,,Low2
,,,,,,,,High1
,,,,,,,,Low1
,,,,,,,,High2
,,,,,,,,Low2
,,,,,,,,High1
,,,,,,,,Low1
,,,,,,,,High2
,,,,,,,,Low2
,,,,,,,,High1
,,,,,,,,Low1
,,,,,,,,High2
,,,,,,,,Low2
,,,,,,,,High1
,,,,,,,,Low1
,,,,,,,,High2
,,,,,,,,Low2
,,,,,,,,High1
,,,,,,,,Low1
,,,,,,,,High2
,,,,,,,,Low2
,,,,,,,,High1
,,,,,,,,Low1
,,,,,,,,High2
,,,,,,,,Low2
,,,,,,,,High1
,,,,,,,,Low1
,,,,,,,,High2
,,,,,,,,Low2
,,,,,,,,High1
,,,,,,,,Low1
,,,,,,,,High2
,,,,,,,,Low2
,,,,,,,,High1
,,,,,,,,Low1
,,,,,,,,High2
,,,,,,,,Low2
,,,,,,,,High1
,,,,,,,,Low1
,,,,,,,,High2
,,,,,,,,Low2
,,,,,,,,High1
,,,,,,,,Low1
,,,,,,,,High2
,,,,,,,,Low2
,,,,,,,,High1
,,,,,,,,Low1
,,,,,,,,High2
,,,,,,,,Low2
,,,,,,,,High1
,,,,,,,,Low1
,,,,,,,,High2
,,,,,,,,Low2
,,,,,,,,High1
,,,,,,,,Low1
,,,,,,,,High2
,,,,,,,,Low2
,,,,,,,,High1
,,,,,,,,Low1
,,,,,,,,High2
,,,,,,,,Low2
,,,,,,,,High1
,,,,,,,,Low1
,,,,,,,,High2
,,,,,,,,Low2
,,,,,,,,High1
,,,,,,,,Low1
,,,,,,,,High2
,,,,,,,,Low2
,,,,,,,,High1
,,,,,,,,Low1
,,,,,,,,High2
,,,,,,,,Low2
,,,,,,,,High1
,,,,,,,,Low1
,,,,,,,,High2
,,,,,,,,Low2
,,,,,,,,High1
,,,,,,,,Low1
,,,,,,,,High2
,,,,,,,,Low2
,,,,,,,,High1
,,,,,,,,Low1
,,,,,,,,High2
,,,,,,,,Low2
,,,,,,,,High1
,,,,,,,,Low1
,,,,,,,,High2
,,,,,,,,Low2
,,,,,,,,High1
,,,,,,,,Low1
,,,,,,,,High2
,,,,,,,,Low2
,,,,,,,,High1
,,,,,,,,Low1
,,,,,,,,High2
,,,,,,,,Low2
,,,,,,,,High1
,,,,,,,,Low1
,,,,,,,,High2
,,,,,,,,Low2
,,,,,,,,High1
,,,,,,,,Low1