month,monthNum,dayOfMonth,tideTime,tideHeight,date,tideDateTimeAus,high_low
January,1,1,05:06,1.58,01/01/2023,2023-01-01 05:06:00,High
January,1,1,11:28,0.72,01/01/2023,2023-01-01 11:28:00,Low
January,1,1,17:13,1.3,01/01/2023,2023-01-01 17:13:00,High
January,1,1,23:12,0.57,01/01/2023,2023-01-01 23:12:00,Low
January,1,2,05:58,1.64,02/01/2023,2023-01-02 05:58:00,High
January,1,2,12:39,0.67,02/01/2023,2023-01-02 12:39:00,Low
January,1,2,18:16,1.25,02/01/2023,2023-01-02 18:16:00,High
January,1,2,23:58,0.6,02/01/2023,2023-01-02 23:58:00,Low
January,1,3,06:45,1.7,03/01/2023,2023-01-03 06:45:00,High
January,1,3,13:35,0.61,03/01/2023,2023-01-03 13:35:00,Low
January,1,3,19:14,1.23,03/01/2023,2023-01-03 19:14:00,High
January,1,4,00:42,0.62,04/01/2023,2023-01-04 00:42:00,Low
January,1,4,07:29,1.75,04/01/2023,2023-01-04 07:29:00,High
January,1,4,14:21,0.54,04/01/2023,2023-01-04 14:21:00,Low
January,1,4,20:04,1.24,04/01/2023,2023-01-04 20:04:00,High
January,1,5,01:25,0.63,05/01/2023,2023-01-05 01:25:00,Low
January,1,5,08:09,1.78,05/01/2023,2023-01-05 08:09:00,High
January,1,5,15:00,0.49,05/01/2023,2023-01-05 15:00:00,Low
January,1,5,20:48,1.26,05/01/2023,2023-01-05 20:48:00,High
January,1,6,02:05,0.63,06/01/2023,2023-01-06 02:05:00,Low
January,1,6,08:47,1.81,06/01/2023,2023-01-06 08:47:00,High
January,1,6,15:35,0.45,06/01/2023,2023-01-06 15:35:00,Low
January,1,6,21:29,1.29,06/01/2023,2023-01-06 21:29:00,High
January,1,7,02:45,0.63,07/01/2023,2023-01-07 02:45:00,Low
January,1,7,09:25,1.83,07/01/2023,2023-01-07 09:25:00,High
January,1,7,16:10,0.43,07/01/2023,2023-01-07 16:10:00,Low
January,1,7,22:06,1.31,07/01/2023,2023-01-07 22:06:00,High
January,1,8,03:24,0.63,08/01/2023,2023-01-08 03:24:00,Low
January,1,8,10:01,1.83,08/01/2023,2023-01-08 10:01:00,High
January,1,8,16:44,0.42,08/01/2023,2023-01-08 16:44:00,Low
January,1,8,22:43,1.32,08/01/2023,2023-01-08 22:43:00,High
January,1,9,04:02,0.63,09/01/2023,2023-01-09 04:02:00,Low
January,1,9,10:37,1.82,09/01/2023,2023-01-09 10:37:00,High
January,1,9,17:17,0.43,09/01/2023,2023-01-09 17:17:00,Low
January,1,9,23:19,1.33,09/01/2023,2023-01-09 23:19:00,High
January,1,10,04:41,0.64,10/01/2023,2023-01-10 04:41:00,Low
January,1,10,11:13,1.79,10/01/2023,2023-01-10 11:13:00,High
January,1,10,17:53,0.44,10/01/2023,2023-01-10 17:53:00,Low
January,1,10,23:58,1.33,10/01/2023,2023-01-10 23:58:00,High
January,1,11,05:21,0.66,11/01/2023,2023-01-11 05:21:00,Low
January,1,11,11:48,1.74,11/01/2023,2023-01-11 11:48:00,High
January,1,11,18:28,0.46,11/01/2023,2023-01-11 18:28:00,Low
January,1,12,00:38,1.34,12/01/2023,2023-01-12 00:38:00,High
January,1,12,06:04,0.7,12/01/2023,2023-01-12 06:04:00,Low
January,1,12,12:25,1.67,12/01/2023,2023-01-12 12:25:00,High
January,1,12,19:04,0.48,12/01/2023,2023-01-12 19:04:00,Low
January,1,13,01:21,1.35,13/01/2023,2023-01-13 01:21:00,High
January,1,13,06:51,0.74,13/01/2023,2023-01-13 06:51:00,Low
January,1,13,13:03,1.59,13/01/2023,2023-01-13 13:03:00,High
January,1,13,19:42,0.51,13/01/2023,2023-01-13 19:42:00,Low
January,1,14,02:08,1.38,14/01/2023,2023-01-14 02:08:00,High
January,1,14,07:45,0.77,14/01/2023,2023-01-14 07:45:00,Low
January,1,14,13:48,1.5,14/01/2023,2023-01-14 13:48:00,High
January,1,14,20:23,0.53,14/01/2023,2023-01-14 20:23:00,Low
January,1,15,03:00,1.43,15/01/2023,2023-01-15 03:00:00,High
January,1,15,08:48,0.79,15/01/2023,2023-01-15 08:48:00,Low
January,1,15,14:42,1.4,15/01/2023,2023-01-15 14:42:00,High
January,1,15,21:08,0.56,15/01/2023,2023-01-15 21:08:00,Low
January,1,16,03:55,1.5,16/01/2023,2023-01-16 03:55:00,High
January,1,16,10:03,0.77,16/01/2023,2023-01-16 10:03:00,Low
January,1,16,15:49,1.32,16/01/2023,2023-01-16 15:49:00,High
January,1,16,22:00,0.58,16/01/2023,2023-01-16 22:00:00,Low
January,1,17,04:52,1.59,17/01/2023,2023-01-17 04:52:00,High
January,1,17,11:22,0.7,17/01/2023,2023-01-17 11:22:00,Low
January,1,17,17:06,1.28,17/01/2023,2023-01-17 17:06:00,High
January,1,17,22:57,0.58,17/01/2023,2023-01-17 22:57:00,Low
January,1,18,05:49,1.7,18/01/2023,2023-01-18 05:49:00,High
January,1,18,12:34,0.58,18/01/2023,2023-01-18 12:34:00,Low
January,1,18,18:20,1.28,18/01/2023,2023-01-18 18:20:00,High
January,1,18,23:57,0.57,18/01/2023,2023-01-18 23:57:00,Low
January,1,19,06:45,1.83,19/01/2023,2023-01-19 06:45:00,High
January,1,19,13:36,0.45,19/01/2023,2023-01-19 13:36:00,Low
January,1,19,19:27,1.32,19/01/2023,2023-01-19 19:27:00,High
January,1,20,00:55,0.54,20/01/2023,2023-01-20 00:55:00,Low
January,1,20,07:40,1.95,20/01/2023,2023-01-20 07:40:00,High
January,1,20,14:31,0.31,20/01/2023,2023-01-20 14:31:00,Low
January,1,20,20:26,1.38,20/01/2023,2023-01-20 20:26:00,High
January,1,21,01:52,0.49,21/01/2023,2023-01-21 01:52:00,Low
January,1,21,08:34,2.05,21/01/2023,2023-01-21 08:34:00,High
January,1,21,15:23,0.21,21/01/2023,2023-01-21 15:23:00,Low
January,1,21,21:21,1.43,21/01/2023,2023-01-21 21:21:00,High
January,1,22,02:47,0.45,22/01/2023,2023-01-22 02:47:00,Low
January,1,22,09:28,2.12,22/01/2023,2023-01-22 09:28:00,High
January,1,22,16:12,0.15,22/01/2023,2023-01-22 16:12:00,Low
January,1,22,22:15,1.48,22/01/2023,2023-01-22 22:15:00,High
January,1,23,03:42,0.43,23/01/2023,2023-01-23 03:42:00,Low
January,1,23,10:19,2.13,23/01/2023,2023-01-23 10:19:00,High
January,1,23,17:00,0.14,23/01/2023,2023-01-23 17:00:00,Low
January,1,23,23:04,1.51,23/01/2023,2023-01-23 23:04:00,High
January,1,24,04:36,0.43,24/01/2023,2023-01-24 04:36:00,Low
January,1,24,11:09,2.08,24/01/2023,2023-01-24 11:09:00,High
January,1,24,17:46,0.18,24/01/2023,2023-01-24 17:46:00,Low
January,1,24,23:55,1.54,24/01/2023,2023-01-24 23:55:00,High
January,1,25,05:30,0.46,25/01/2023,2023-01-25 05:30:00,Low
January,1,25,11:58,1.97,25/01/2023,2023-01-25 11:58:00,High
January,1,25,18:32,0.25,25/01/2023,2023-01-25 18:32:00,Low
January,1,26,00:45,1.55,26/01/2023,2023-01-26 00:45:00,High
January,1,26,06:27,0.53,26/01/2023,2023-01-26 06:27:00,Low
January,1,26,12:45,1.8,26/01/2023,2023-01-26 12:45:00,High
January,1,26,19:16,0.34,26/01/2023,2023-01-26 19:16:00,Low
January,1,27,01:35,1.55,27/01/2023,2023-01-27 01:35:00,High
January,1,27,07:26,0.61,27/01/2023,2023-01-27 07:26:00,Low
January,1,27,13:34,1.61,27/01/2023,2023-01-27 13:34:00,High
January,1,27,20:00,0.45,27/01/2023,2023-01-27 20:00:00,Low
January,1,28,02:28,1.55,28/01/2023,2023-01-28 02:28:00,High
January,1,28,08:30,0.69,28/01/2023,2023-01-28 08:30:00,Low
January,1,28,14:27,1.42,28/01/2023,2023-01-28 14:27:00,High
January,1,28,20:45,0.55,28/01/2023,2023-01-28 20:45:00,Low
January,1,29,03:24,1.55,29/01/2023,2023-01-29 03:24:00,High
January,1,29,09:44,0.74,29/01/2023,2023-01-29 09:44:00,Low
January,1,29,15:29,1.27,29/01/2023,2023-01-29 15:29:00,High
January,1,29,21:31,0.64,29/01/2023,2023-01-29 21:31:00,Low
January,1,30,04:23,1.57,30/01/2023,2023-01-30 04:23:00,High
January,1,30,11:06,0.75,30/01/2023,2023-01-30 11:06:00,Low
January,1,30,16:43,1.17,30/01/2023,2023-01-30 16:43:00,High
January,1,30,22:25,0.7,30/01/2023,2023-01-30 22:25:00,Low
January,1,31,05:21,1.59,31/01/2023,2023-01-31 05:21:00,High
January,1,31,12:23,0.71,31/01/2023,2023-01-31 12:23:00,Low
January,1,31,18:00,1.14,31/01/2023,2023-01-31 18:00:00,High
January,1,31,23:23,0.73,31/01/2023,2023-01-31 23:23:00,Low
February,2,1,06:16,1.63,01/02/2023,2023-02-01 06:16:00,High
February,2,1,13:21,0.64,01/02/2023,2023-02-01 13:21:00,Low
February,2,1,19:05,1.17,01/02/2023,2023-02-01 19:05:00,High
February,2,2,00:19,0.72,02/02/2023,2023-02-02 00:19:00,Low
February,2,2,07:05,1.67,02/02/2023,2023-02-02 07:05:00,High
February,2,2,14:05,0.57,02/02/2023,2023-02-02 14:05:00,Low
February,2,2,19:55,1.22,02/02/2023,2023-02-02 19:55:00,High
February,2,3,01:10,0.7,03/02/2023,2023-02-03 01:10:00,Low
February,2,3,07:50,1.72,03/02/2023,2023-02-03 07:50:00,High
February,2,3,14:42,0.51,03/02/2023,2023-02-03 14:42:00,Low
February,2,3,20:35,1.28,03/02/2023,2023-02-03 20:35:00,High
February,2,4,01:55,0.66,04/02/2023,2023-02-04 01:55:00,Low
February,2,4,08:30,1.76,04/02/2023,2023-02-04 08:30:00,High
February,2,4,15:15,0.46,04/02/2023,2023-02-04 15:15:00,Low
February,2,4,21:12,1.33,04/02/2023,2023-02-04 21:12:00,High
February,2,5,02:34,0.62,05/02/2023,2023-02-05 02:34:00,Low
February,2,5,09:08,1.79,05/02/2023,2023-02-05 09:08:00,High
February,2,5,15:47,0.43,05/02/2023,2023-02-05 15:47:00,Low
February,2,5,21:45,1.36,05/02/2023,2023-02-05 21:45:00,High
February,2,6,03:12,0.59,06/02/2023,2023-02-06 03:12:00,Low
February,2,6,09:44,1.81,06/02/2023,2023-02-06 09:44:00,High
February,2,6,16:18,0.41,06/02/2023,2023-02-06 16:18:00,Low
February,2,6,22:19,1.39,06/02/2023,2023-02-06 22:19:00,High
February,2,7,03:48,0.57,07/02/2023,2023-02-07 03:48:00,Low
February,2,7,10:17,1.81,07/02/2023,2023-02-07 10:17:00,High
February,2,7,16:49,0.4,07/02/2023,2023-02-07 16:49:00,Low
February,2,7,22:52,1.42,07/02/2023,2023-02-07 22:52:00,High
February,2,8,04:25,0.57,08/02/2023,2023-02-08 04:25:00,Low
February,2,8,10:50,1.79,08/02/2023,2023-02-08 10:50:00,High
February,2,8,17:18,0.41,08/02/2023,2023-02-08 17:18:00,Low
February,2,8,23:26,1.45,08/02/2023,2023-02-08 23:26:00,High
February,2,9,05:03,0.59,09/02/2023,2023-02-09 05:03:00,Low
February,2,9,11:24,1.74,09/02/2023,2023-02-09 11:24:00,High
February,2,9,17:49,0.43,09/02/2023,2023-02-09 17:49:00,Low
February,2,10,00:01,1.47,10/02/2023,2023-02-10 00:01:00,High
February,2,10,05:44,0.62,10/02/2023,2023-02-10 05:44:00,Low
February,2,10,11:58,1.66,10/02/2023,2023-02-10 11:58:00,High
February,2,10,18:20,0.46,10/02/2023,2023-02-10 18:20:00,Low
February,2,11,00:39,1.49,11/02/2023,2023-02-11 00:39:00,High
February,2,11,06:29,0.66,11/02/2023,2023-02-11 06:29:00,Low
February,2,11,12:34,1.56,11/02/2023,2023-02-11 12:34:00,High
February,2,11,18:52,0.5,11/02/2023,2023-02-11 18:52:00,Low
February,2,12,01:21,1.51,12/02/2023,2023-02-12 01:21:00,High
February,2,12,07:19,0.7,12/02/2023,2023-02-12 07:19:00,Low
February,2,12,13:16,1.45,12/02/2023,2023-02-12 13:16:00,High
February,2,12,19:29,0.56,12/02/2023,2023-02-12 19:29:00,Low
February,2,13,02:08,1.53,13/02/2023,2023-02-13 02:08:00,High
February,2,13,08:20,0.73,13/02/2023,2023-02-13 08:20:00,Low
February,2,13,14:10,1.34,13/02/2023,2023-02-13 14:10:00,High
February,2,13,20:13,0.62,13/02/2023,2023-02-13 20:13:00,Low
February,2,14,03:04,1.56,14/02/2023,2023-02-14 03:04:00,High
February,2,14,09:36,0.72,14/02/2023,2023-02-14 09:36:00,Low
February,2,14,15:21,1.25,14/02/2023,2023-02-14 15:21:00,High
February,2,14,21:12,0.67,14/02/2023,2023-02-14 21:12:00,Low
February,2,15,04:11,1.61,15/02/2023,2023-02-15 04:11:00,High
February,2,15,11:02,0.67,15/02/2023,2023-02-15 11:02:00,Low
February,2,15,16:51,1.21,15/02/2023,2023-02-15 16:51:00,High
February,2,15,22:26,0.69,15/02/2023,2023-02-15 22:26:00,Low
February,2,16,05:21,1.69,16/02/2023,2023-02-16 05:21:00,High
February,2,16,12:19,0.56,16/02/2023,2023-02-16 12:19:00,Low
February,2,16,18:14,1.25,16/02/2023,2023-02-16 18:14:00,High
February,2,16,23:41,0.66,16/02/2023,2023-02-16 23:41:00,Low
February,2,17,06:27,1.81,17/02/2023,2023-02-17 06:27:00,High
February,2,17,13:23,0.43,17/02/2023,2023-02-17 13:23:00,Low
February,2,17,19:21,1.33,17/02/2023,2023-02-17 19:21:00,High
February,2,18,00:46,0.59,18/02/2023,2023-02-18 00:46:00,Low
February,2,18,07:27,1.93,18/02/2023,2023-02-18 07:27:00,High
February,2,18,14:16,0.3,18/02/2023,2023-02-18 14:16:00,Low
February,2,18,20:17,1.43,18/02/2023,2023-02-18 20:17:00,High
February,2,19,01:45,0.5,19/02/2023,2023-02-19 01:45:00,Low
February,2,19,08:22,2.03,19/02/2023,2023-02-19 08:22:00,High
February,2,19,15:05,0.21,19/02/2023,2023-02-19 15:05:00,Low
February,2,19,21:08,1.52,19/02/2023,2023-02-19 21:08:00,High
February,2,20,02:40,0.42,20/02/2023,2023-02-20 02:40:00,Low
February,2,20,09:14,2.08,20/02/2023,2023-02-20 09:14:00,High
February,2,20,15:50,0.16,20/02/2023,2023-02-20 15:50:00,Low
February,2,20,21:55,1.59,20/02/2023,2023-02-20 21:55:00,High
February,2,21,03:33,0.38,21/02/2023,2023-02-21 03:33:00,Low
February,2,21,10:03,2.07,21/02/2023,2023-02-21 10:03:00,High
February,2,21,16:33,0.17,21/02/2023,2023-02-21 16:33:00,Low
February,2,21,22:41,1.65,21/02/2023,2023-02-21 22:41:00,High
February,2,22,04:25,0.37,22/02/2023,2023-02-22 04:25:00,Low
February,2,22,10:50,1.99,22/02/2023,2023-02-22 10:50:00,High
February,2,22,17:15,0.22,22/02/2023,2023-02-22 17:15:00,Low
February,2,22,23:27,1.68,22/02/2023,2023-02-22 23:27:00,High
February,2,23,05:17,0.41,23/02/2023,2023-02-23 05:17:00,Low
February,2,23,11:36,1.85,23/02/2023,2023-02-23 11:36:00,High
February,2,23,17:55,0.31,23/02/2023,2023-02-23 17:55:00,Low
February,2,24,00:11,1.69,24/02/2023,2023-02-24 00:11:00,High
February,2,24,06:12,0.48,24/02/2023,2023-02-24 06:12:00,Low
February,2,24,12:21,1.67,24/02/2023,2023-02-24 12:21:00,High
February,2,24,18:33,0.42,24/02/2023,2023-02-24 18:33:00,Low
February,2,25,00:56,1.67,25/02/2023,2023-02-25 00:56:00,High
February,2,25,07:07,0.57,25/02/2023,2023-02-25 07:07:00,Low
February,2,25,13:07,1.48,25/02/2023,2023-02-25 13:07:00,High
February,2,25,19:11,0.54,25/02/2023,2023-02-25 19:11:00,Low
February,2,26,01:43,1.64,26/02/2023,2023-02-26 01:43:00,High
February,2,26,08:08,0.66,26/02/2023,2023-02-26 08:08:00,Low
February,2,26,13:57,1.31,26/02/2023,2023-02-26 13:57:00,High
February,2,26,19:49,0.66,26/02/2023,2023-02-26 19:49:00,Low
February,2,27,02:33,1.59,27/02/2023,2023-02-27 02:33:00,High
February,2,27,09:16,0.73,27/02/2023,2023-02-27 09:16:00,Low
February,2,27,14:57,1.18,27/02/2023,2023-02-27 14:57:00,High
February,2,27,20:35,0.76,27/02/2023,2023-02-27 20:35:00,Low
February,2,28,03:31,1.55,28/02/2023,2023-02-28 03:31:00,High
February,2,28,10:34,0.75,28/02/2023,2023-02-28 10:34:00,Low
February,2,28,16:19,1.12,28/02/2023,2023-02-28 16:19:00,High
February,2,28,21:38,0.82,28/02/2023,2023-02-28 21:38:00,Low
March,3,1,04:36,1.54,01/03/2023,2023-03-01 04:36:00,High
March,3,1,11:52,0.72,01/03/2023,2023-03-01 11:52:00,Low
March,3,1,17:48,1.13,01/03/2023,2023-03-01 17:48:00,High
March,3,1,22:53,0.84,01/03/2023,2023-03-01 22:53:00,Low
March,3,2,05:42,1.55,02/03/2023,2023-03-02 05:42:00,High
March,3,2,12:51,0.67,02/03/2023,2023-03-02 12:51:00,Low
March,3,2,18:51,1.2,02/03/2023,2023-03-02 18:51:00,High
March,3,3,00:02,0.81,03/03/2023,2023-03-03 00:02:00,Low
March,3,3,06:39,1.6,03/03/2023,2023-03-03 06:39:00,High
March,3,3,13:36,0.6,03/03/2023,2023-03-03 13:36:00,Low
March,3,3,19:37,1.27,03/03/2023,2023-03-03 19:37:00,High
March,3,4,00:58,0.75,04/03/2023,2023-03-04 00:58:00,Low
March,3,4,07:26,1.66,04/03/2023,2023-03-04 07:26:00,High
March,3,4,14:13,0.54,04/03/2023,2023-03-04 14:13:00,Low
March,3,4,20:14,1.34,04/03/2023,2023-03-04 20:14:00,High
March,3,5,01:42,0.68,05/03/2023,2023-03-05 01:42:00,Low
March,3,5,08:07,1.71,05/03/2023,2023-03-05 08:07:00,High
March,3,5,14:45,0.49,05/03/2023,2023-03-05 14:45:00,Low
March,3,5,20:47,1.41,05/03/2023,2023-03-05 20:47:00,High
March,3,6,02:21,0.62,06/03/2023,2023-03-06 02:21:00,Low
March,3,6,08:45,1.75,06/03/2023,2023-03-06 08:45:00,High
March,3,6,15:15,0.45,06/03/2023,2023-03-06 15:15:00,Low
March,3,6,21:19,1.46,06/03/2023,2023-03-06 21:19:00,High
March,3,7,02:57,0.57,07/03/2023,2023-03-07 02:57:00,Low
March,3,7,09:18,1.77,07/03/2023,2023-03-07 09:18:00,High
March,3,7,15:44,0.42,07/03/2023,2023-03-07 15:44:00,Low
March,3,7,21:50,1.51,07/03/2023,2023-03-07 21:50:00,High
March,3,8,03:32,0.54,08/03/2023,2023-03-08 03:32:00,Low
March,3,8,09:52,1.77,08/03/2023,2023-03-08 09:52:00,High
March,3,8,16:12,0.41,08/03/2023,2023-03-08 16:12:00,Low
March,3,8,22:21,1.57,08/03/2023,2023-03-08 22:21:00,High
March,3,9,04:09,0.53,09/03/2023,2023-03-09 04:09:00,Low
March,3,9,10:25,1.74,09/03/2023,2023-03-09 10:25:00,High
March,3,9,16:40,0.42,09/03/2023,2023-03-09 16:40:00,Low
March,3,9,22:54,1.61,09/03/2023,2023-03-09 22:54:00,High
March,3,10,04:47,0.53,10/03/2023,2023-03-10 04:47:00,Low
March,3,10,11:00,1.68,10/03/2023,2023-03-10 11:00:00,High
March,3,10,17:08,0.45,10/03/2023,2023-03-10 17:08:00,Low
March,3,10,23:28,1.65,10/03/2023,2023-03-10 23:28:00,High
March,3,11,05:29,0.55,11/03/2023,2023-03-11 05:29:00,Low
March,3,11,11:36,1.6,11/03/2023,2023-03-11 11:36:00,High
March,3,11,17:38,0.49,11/03/2023,2023-03-11 17:38:00,Low
March,3,12,00:03,1.67,12/03/2023,2023-03-12 00:03:00,High
March,3,12,06:15,0.58,12/03/2023,2023-03-12 06:15:00,Low
March,3,12,12:15,1.5,12/03/2023,2023-03-12 12:15:00,High
March,3,12,18:11,0.56,12/03/2023,2023-03-12 18:11:00,Low
March,3,13,00:44,1.67,13/03/2023,2023-03-13 00:44:00,High
March,3,13,07:07,0.62,13/03/2023,2023-03-13 07:07:00,Low
March,3,13,13:02,1.39,13/03/2023,2023-03-13 13:02:00,High
March,3,13,18:49,0.64,13/03/2023,2023-03-13 18:49:00,Low
March,3,14,01:30,1.65,14/03/2023,2023-03-14 01:30:00,High
March,3,14,08:10,0.66,14/03/2023,2023-03-14 08:10:00,Low
March,3,14,14:01,1.29,14/03/2023,2023-03-14 14:01:00,High
March,3,14,19:38,0.72,14/03/2023,2023-03-14 19:38:00,Low
March,3,15,02:30,1.64,15/03/2023,2023-03-15 02:30:00,High
March,3,15,09:27,0.66,15/03/2023,2023-03-15 09:27:00,Low
March,3,15,15:20,1.22,15/03/2023,2023-03-15 15:20:00,High
March,3,15,20:47,0.78,15/03/2023,2023-03-15 20:47:00,Low
March,3,16,03:45,1.65,16/03/2023,2023-03-16 03:45:00,High
March,3,16,10:51,0.62,16/03/2023,2023-03-16 10:51:00,Low
March,3,16,16:53,1.23,16/03/2023,2023-03-16 16:53:00,High
March,3,16,22:15,0.78,16/03/2023,2023-03-16 22:15:00,Low
March,3,17,05:03,1.7,17/03/2023,2023-03-17 05:03:00,High
March,3,17,12:04,0.52,17/03/2023,2023-03-17 12:04:00,Low
March,3,17,18:11,1.31,17/03/2023,2023-03-17 18:11:00,High
March,3,17,23:35,0.72,17/03/2023,2023-03-17 23:35:00,Low
March,3,18,06:13,1.8,18/03/2023,2023-03-18 06:13:00,High
March,3,18,13:03,0.41,18/03/2023,2023-03-18 13:03:00,Low
March,3,18,19:11,1.42,18/03/2023,2023-03-18 19:11:00,High
March,3,19,00:41,0.61,19/03/2023,2023-03-19 00:41:00,Low
March,3,19,07:12,1.9,19/03/2023,2023-03-19 07:12:00,High
March,3,19,13:54,0.32,19/03/2023,2023-03-19 13:54:00,Low
March,3,19,20:00,1.54,19/03/2023,2023-03-19 20:00:00,High
March,3,20,01:39,0.51,20/03/2023,2023-03-20 01:39:00,Low
March,3,20,08:05,1.96,20/03/2023,2023-03-20 08:05:00,High
March,3,20,14:39,0.26,20/03/2023,2023-03-20 14:39:00,Low
March,3,20,20:47,1.65,20/03/2023,2023-03-20 20:47:00,High
March,3,21,02:32,0.42,21/03/2023,2023-03-21 02:32:00,Low
March,3,21,08:55,1.97,21/03/2023,2023-03-21 08:55:00,High
March,3,21,15:20,0.24,21/03/2023,2023-03-21 15:20:00,Low
March,3,21,21:31,1.73,21/03/2023,2023-03-21 21:31:00,High
March,3,22,03:23,0.38,22/03/2023,2023-03-22 03:23:00,Low
March,3,22,09:43,1.92,22/03/2023,2023-03-22 09:43:00,High
March,3,22,16:00,0.27,22/03/2023,2023-03-22 16:00:00,Low
March,3,22,22:14,1.8,22/03/2023,2023-03-22 22:14:00,High
March,3,23,04:15,0.38,23/03/2023,2023-03-23 04:15:00,Low
March,3,23,10:29,1.82,23/03/2023,2023-03-23 10:29:00,High
March,3,23,16:38,0.34,23/03/2023,2023-03-23 16:38:00,Low
March,3,23,22:56,1.83,23/03/2023,2023-03-23 22:56:00,High
March,3,24,05:05,0.41,24/03/2023,2023-03-24 05:05:00,Low
March,3,24,11:14,1.68,24/03/2023,2023-03-24 11:14:00,High
March,3,24,17:14,0.44,24/03/2023,2023-03-24 17:14:00,Low
March,3,24,23:37,1.82,24/03/2023,2023-03-24 23:37:00,High
March,3,25,05:56,0.48,25/03/2023,2023-03-25 05:56:00,Low
March,3,25,11:59,1.53,25/03/2023,2023-03-25 11:59:00,High
March,3,25,17:48,0.55,25/03/2023,2023-03-25 17:48:00,Low
March,3,26,00:17,1.78,26/03/2023,2023-03-26 00:17:00,High
March,3,26,06:48,0.56,26/03/2023,2023-03-26 06:48:00,Low
March,3,26,12:45,1.38,26/03/2023,2023-03-26 12:45:00,High
March,3,26,18:22,0.67,26/03/2023,2023-03-26 18:22:00,Low
March,3,27,00:59,1.72,27/03/2023,2023-03-27 00:59:00,High
March,3,27,07:43,0.64,27/03/2023,2023-03-27 07:43:00,Low
March,3,27,13:33,1.26,27/03/2023,2023-03-27 13:33:00,High
March,3,27,18:59,0.78,27/03/2023,2023-03-27 18:59:00,Low
March,3,28,01:44,1.64,28/03/2023,2023-03-28 01:44:00,High
March,3,28,08:44,0.7,28/03/2023,2023-03-28 08:44:00,Low
March,3,28,14:33,1.18,28/03/2023,2023-03-28 14:33:00,High
March,3,28,19:46,0.86,28/03/2023,2023-03-28 19:46:00,Low
March,3,29,02:37,1.57,29/03/2023,2023-03-29 02:37:00,High
March,3,29,09:52,0.74,29/03/2023,2023-03-29 09:52:00,Low
March,3,29,15:54,1.15,29/03/2023,2023-03-29 15:54:00,High
March,3,29,20:57,0.92,29/03/2023,2023-03-29 20:57:00,Low
March,3,30,03:45,1.52,30/03/2023,2023-03-30 03:45:00,High
March,3,30,11:02,0.73,30/03/2023,2023-03-30 11:02:00,Low
March,3,30,17:20,1.19,30/03/2023,2023-03-30 17:20:00,High
March,3,30,22:22,0.92,30/03/2023,2023-03-30 22:22:00,Low
March,3,31,04:58,1.52,31/03/2023,2023-03-31 04:58:00,High
March,3,31,12:02,0.69,31/03/2023,2023-03-31 12:02:00,Low
March,3,31,18:20,1.26,31/03/2023,2023-03-31 18:20:00,High
March,3,31,23:37,0.87,31/03/2023,2023-03-31 23:37:00,Low
April,4,1,06:00,1.56,01/04/2023,2023-04-01 06:00:00,High
April,4,1,12:50,0.64,01/04/2023,2023-04-01 12:50:00,Low
April,4,1,19:04,1.35,01/04/2023,2023-04-01 19:04:00,High
April,4,2,00:34,0.8,02/04/2023,2023-04-02 00:34:00,Low
April,4,2,05:50,1.61,02/04/2023,2023-04-02 05:50:00,High
April,4,2,12:29,0.58,02/04/2023,2023-04-02 12:29:00,Low
April,4,2,18:41,1.43,02/04/2023,2023-04-02 18:41:00,High
April,4,3,00:19,0.72,03/04/2023,2023-04-03 00:19:00,Low
April,4,3,06:32,1.66,03/04/2023,2023-04-03 06:32:00,High
April,4,3,13:02,0.53,03/04/2023,2023-04-03 13:02:00,Low
April,4,3,19:14,1.51,03/04/2023,2023-04-03 19:14:00,High
April,4,4,01:00,0.64,04/04/2023,2023-04-04 01:00:00,Low
April,4,4,07:10,1.7,04/04/2023,2023-04-04 07:10:00,High
April,4,4,13:31,0.49,04/04/2023,2023-04-04 13:31:00,Low
April,4,4,19:45,1.59,04/04/2023,2023-04-04 19:45:00,High
April,4,5,01:36,0.58,05/04/2023,2023-04-05 01:36:00,Low
April,4,5,07:45,1.71,05/04/2023,2023-04-05 07:45:00,High
April,4,5,14:00,0.47,05/04/2023,2023-04-05 14:00:00,Low
April,4,5,20:15,1.66,05/04/2023,2023-04-05 20:15:00,High
April,4,6,02:14,0.54,06/04/2023,2023-04-06 02:14:00,Low
April,4,6,08:22,1.69,06/04/2023,2023-04-06 08:22:00,High
April,4,6,14:29,0.46,06/04/2023,2023-04-06 14:29:00,Low
April,4,6,20:47,1.74,06/04/2023,2023-04-06 20:47:00,High
April,4,7,02:52,0.51,07/04/2023,2023-04-07 02:52:00,Low
April,4,7,08:59,1.66,07/04/2023,2023-04-07 08:59:00,High
April,4,7,14:58,0.48,07/04/2023,2023-04-07 14:58:00,Low
April,4,7,21:21,1.79,07/04/2023,2023-04-07 21:21:00,High
April,4,8,03:33,0.49,08/04/2023,2023-04-08 03:33:00,Low
April,4,8,09:38,1.6,08/04/2023,2023-04-08 09:38:00,High
April,4,8,15:30,0.52,08/04/2023,2023-04-08 15:30:00,Low
April,4,8,21:57,1.83,08/04/2023,2023-04-08 21:57:00,High
April,4,9,04:18,0.5,09/04/2023,2023-04-09 04:18:00,Low
April,4,9,10:21,1.52,09/04/2023,2023-04-09 10:21:00,High
April,4,9,16:04,0.58,09/04/2023,2023-04-09 16:04:00,Low
April,4,9,22:35,1.83,09/04/2023,2023-04-09 22:35:00,High
April,4,10,05:08,0.52,10/04/2023,2023-04-10 05:08:00,Low
April,4,10,11:09,1.44,10/04/2023,2023-04-10 11:09:00,High
April,4,10,16:43,0.65,10/04/2023,2023-04-10 16:43:00,Low
April,4,10,23:18,1.81,10/04/2023,2023-04-10 23:18:00,High
April,4,11,06:03,0.56,11/04/2023,2023-04-11 06:03:00,Low
April,4,11,12:03,1.35,11/04/2023,2023-04-11 12:03:00,High
April,4,11,17:29,0.74,11/04/2023,2023-04-11 17:29:00,Low
April,4,12,00:10,1.76,12/04/2023,2023-04-12 00:10:00,High
April,4,12,07:09,0.59,12/04/2023,2023-04-12 07:09:00,Low
April,4,12,13:09,1.29,12/04/2023,2023-04-12 13:09:00,High
April,4,12,18:29,0.81,12/04/2023,2023-04-12 18:29:00,Low
April,4,13,01:14,1.72,13/04/2023,2023-04-13 01:14:00,High
April,4,13,08:23,0.6,13/04/2023,2023-04-13 08:23:00,Low
April,4,13,14:30,1.27,13/04/2023,2023-04-13 14:30:00,High
April,4,13,19:46,0.85,13/04/2023,2023-04-13 19:46:00,Low
April,4,14,02:30,1.7,14/04/2023,2023-04-14 02:30:00,High
April,4,14,09:37,0.56,14/04/2023,2023-04-14 09:37:00,Low
April,4,14,15:51,1.33,14/04/2023,2023-04-14 15:51:00,High
April,4,14,21:13,0.82,14/04/2023,2023-04-14 21:13:00,Low
April,4,15,03:48,1.73,15/04/2023,2023-04-15 03:48:00,High
April,4,15,10:41,0.5,15/04/2023,2023-04-15 10:41:00,Low
April,4,15,16:57,1.43,15/04/2023,2023-04-15 16:57:00,High
April,4,15,22:29,0.74,15/04/2023,2023-04-15 22:29:00,Low
April,4,16,04:55,1.78,16/04/2023,2023-04-16 04:55:00,High
April,4,16,11:35,0.43,16/04/2023,2023-04-16 11:35:00,Low
April,4,16,17:50,1.55,16/04/2023,2023-04-16 17:50:00,High
April,4,16,23:33,0.64,16/04/2023,2023-04-16 23:33:00,Low
April,4,17,05:52,1.83,17/04/2023,2023-04-17 05:52:00,High
April,4,17,12:22,0.38,17/04/2023,2023-04-17 12:22:00,Low
April,4,17,18:38,1.67,17/04/2023,2023-04-17 18:38:00,High
April,4,18,00:30,0.54,18/04/2023,2023-04-18 00:30:00,Low
April,4,18,06:45,1.83,18/04/2023,2023-04-18 06:45:00,High
April,4,18,13:04,0.36,18/04/2023,2023-04-18 13:04:00,Low
April,4,18,19:22,1.78,18/04/2023,2023-04-18 19:22:00,High
April,4,19,01:23,0.47,19/04/2023,2023-04-19 01:23:00,Low
April,4,19,07:33,1.8,19/04/2023,2023-04-19 07:33:00,High
April,4,19,13:44,0.38,19/04/2023,2023-04-19 13:44:00,Low
April,4,19,20:04,1.86,19/04/2023,2023-04-19 20:04:00,High
April,4,20,02:14,0.43,20/04/2023,2023-04-20 02:14:00,Low
April,4,20,08:21,1.72,20/04/2023,2023-04-20 08:21:00,High
April,4,20,14:21,0.42,20/04/2023,2023-04-20 14:21:00,Low
April,4,20,20:45,1.91,20/04/2023,2023-04-20 20:45:00,High
April,4,21,03:02,0.42,21/04/2023,2023-04-21 03:02:00,Low
April,4,21,09:07,1.62,21/04/2023,2023-04-21 09:07:00,High
April,4,21,14:57,0.5,21/04/2023,2023-04-21 14:57:00,Low
April,4,21,21:24,1.93,21/04/2023,2023-04-21 21:24:00,High
April,4,22,03:51,0.45,22/04/2023,2023-04-22 03:51:00,Low
April,4,22,09:53,1.52,22/04/2023,2023-04-22 09:53:00,High
April,4,22,15:32,0.59,22/04/2023,2023-04-22 15:32:00,Low
April,4,22,22:02,1.91,22/04/2023,2023-04-22 22:02:00,High
April,4,23,04:38,0.5,23/04/2023,2023-04-23 04:38:00,Low
April,4,23,10:38,1.42,23/04/2023,2023-04-23 10:38:00,High
April,4,23,16:06,0.69,23/04/2023,2023-04-23 16:06:00,Low
April,4,23,22:40,1.85,23/04/2023,2023-04-23 22:40:00,High
April,4,24,05:26,0.56,24/04/2023,2023-04-24 05:26:00,Low
April,4,24,11:24,1.33,24/04/2023,2023-04-24 11:24:00,High
April,4,24,16:41,0.78,24/04/2023,2023-04-24 16:41:00,Low
April,4,24,23:18,1.78,24/04/2023,2023-04-24 23:18:00,High
April,4,25,06:15,0.62,25/04/2023,2023-04-25 06:15:00,Low
April,4,25,12:13,1.27,25/04/2023,2023-04-25 12:13:00,High
April,4,25,17:21,0.86,25/04/2023,2023-04-25 17:21:00,Low
April,4,26,00:00,1.69,26/04/2023,2023-04-26 00:00:00,High
April,4,26,07:07,0.68,26/04/2023,2023-04-26 07:07:00,Low
April,4,26,13:08,1.23,26/04/2023,2023-04-26 13:08:00,High
April,4,26,18:13,0.92,26/04/2023,2023-04-26 18:13:00,Low
April,4,27,00:51,1.61,27/04/2023,2023-04-27 00:51:00,High
April,4,27,08:05,0.72,27/04/2023,2023-04-27 08:05:00,Low
April,4,27,14:15,1.23,27/04/2023,2023-04-27 14:15:00,High
April,4,27,19:20,0.96,27/04/2023,2023-04-27 19:20:00,Low
April,4,28,01:53,1.55,28/04/2023,2023-04-28 01:53:00,High
April,4,28,09:07,0.73,28/04/2023,2023-04-28 09:07:00,Low
April,4,28,15:30,1.26,28/04/2023,2023-04-28 15:30:00,High
April,4,28,20:41,0.96,28/04/2023,2023-04-28 20:41:00,Low
April,4,29,03:04,1.52,29/04/2023,2023-04-29 03:04:00,High
April,4,29,10:03,0.7,29/04/2023,2023-04-29 10:03:00,Low
April,4,29,16:30,1.33,29/04/2023,2023-04-29 16:30:00,High
April,4,29,21:56,0.92,29/04/2023,2023-04-29 21:56:00,Low
April,4,30,04:09,1.54,30/04/2023,2023-04-30 04:09:00,High
April,4,30,10:52,0.66,30/04/2023,2023-04-30 10:52:00,Low
April,4,30,17:17,1.42,30/04/2023,2023-04-30 17:17:00,High
April,4,30,22:57,0.85,30/04/2023,2023-04-30 22:57:00,Low
May,5,1,05:02,1.57,01/05/2023,2023-05-01 05:02:00,High
May,5,1,11:32,0.61,01/05/2023,2023-05-01 11:32:00,Low
May,5,1,17:56,1.51,01/05/2023,2023-05-01 17:56:00,High
May,5,1,23:47,0.77,01/05/2023,2023-05-01 23:47:00,Low
May,5,2,05:48,1.6,02/05/2023,2023-05-02 05:48:00,High
May,5,2,12:08,0.57,02/05/2023,2023-05-02 12:08:00,Low
May,5,2,18:30,1.61,02/05/2023,2023-05-02 18:30:00,High
May,5,3,00:31,0.68,03/05/2023,2023-05-03 00:31:00,Low
May,5,3,06:30,1.61,03/05/2023,2023-05-03 06:30:00,High
May,5,3,12:40,0.54,03/05/2023,2023-05-03 12:40:00,Low
May,5,3,19:04,1.71,03/05/2023,2023-05-03 19:04:00,High
May,5,4,01:12,0.61,04/05/2023,2023-05-04 01:12:00,Low
May,5,4,07:10,1.61,04/05/2023,2023-05-04 07:10:00,High
May,5,4,13:11,0.53,04/05/2023,2023-05-04 13:11:00,Low
May,5,4,19:38,1.8,04/05/2023,2023-05-04 19:38:00,High
May,5,5,01:53,0.54,05/05/2023,2023-05-05 01:53:00,Low
May,5,5,07:51,1.6,05/05/2023,2023-05-05 07:51:00,High
May,5,5,13:44,0.53,05/05/2023,2023-05-05 13:44:00,Low
May,5,5,20:13,1.89,05/05/2023,2023-05-05 20:13:00,High
May,5,6,02:36,0.48,06/05/2023,2023-05-06 02:36:00,Low
May,5,6,08:35,1.57,06/05/2023,2023-05-06 08:35:00,High
May,5,6,14:18,0.55,06/05/2023,2023-05-06 14:18:00,Low
May,5,6,20:51,1.95,06/05/2023,2023-05-06 20:51:00,High
May,5,7,03:21,0.44,07/05/2023,2023-05-07 03:21:00,Low
May,5,7,09:22,1.52,07/05/2023,2023-05-07 09:22:00,High
May,5,7,14:57,0.59,07/05/2023,2023-05-07 14:57:00,Low
May,5,7,21:31,1.97,07/05/2023,2023-05-07 21:31:00,High
May,5,8,04:10,0.44,08/05/2023,2023-05-08 04:10:00,Low
May,5,8,10:13,1.47,08/05/2023,2023-05-08 10:13:00,High
May,5,8,15:40,0.65,08/05/2023,2023-05-08 15:40:00,Low
May,5,8,22:16,1.96,08/05/2023,2023-05-08 22:16:00,High
May,5,9,05:03,0.45,09/05/2023,2023-05-09 05:03:00,Low
May,5,9,11:07,1.42,09/05/2023,2023-05-09 11:07:00,High
May,5,9,16:29,0.72,09/05/2023,2023-05-09 16:29:00,Low
May,5,9,23:05,1.92,09/05/2023,2023-05-09 23:05:00,High
May,5,10,06:01,0.48,10/05/2023,2023-05-10 06:01:00,Low
May,5,10,12:07,1.37,10/05/2023,2023-05-10 12:07:00,High
May,5,10,17:25,0.78,10/05/2023,2023-05-10 17:25:00,Low
May,5,11,00:01,1.86,11/05/2023,2023-05-11 00:01:00,High
May,5,11,07:05,0.51,11/05/2023,2023-05-11 07:05:00,Low
May,5,11,13:14,1.35,11/05/2023,2023-05-11 13:14:00,High
May,5,11,18:30,0.83,11/05/2023,2023-05-11 18:30:00,Low
May,5,12,01:05,1.8,12/05/2023,2023-05-12 01:05:00,High
May,5,12,08:11,0.53,12/05/2023,2023-05-12 08:11:00,Low
May,5,12,14:25,1.38,12/05/2023,2023-05-12 14:25:00,High
May,5,12,19:45,0.84,12/05/2023,2023-05-12 19:45:00,Low
May,5,13,02:17,1.75,13/05/2023,2023-05-13 02:17:00,High
May,5,13,09:14,0.52,13/05/2023,2023-05-13 09:14:00,Low
May,5,13,15:32,1.45,13/05/2023,2023-05-13 15:32:00,High
May,5,13,21:03,0.81,13/05/2023,2023-05-13 21:03:00,Low
May,5,14,03:29,1.73,14/05/2023,2023-05-14 03:29:00,High
May,5,14,10:10,0.5,14/05/2023,2023-05-14 10:10:00,Low
May,5,14,16:31,1.55,14/05/2023,2023-05-14 16:31:00,High
May,5,14,22:17,0.75,14/05/2023,2023-05-14 22:17:00,Low
May,5,15,04:32,1.71,15/05/2023,2023-05-15 04:32:00,High
May,5,15,11:00,0.48,15/05/2023,2023-05-15 11:00:00,Low
May,5,15,17:24,1.66,15/05/2023,2023-05-15 17:24:00,High
May,5,15,23:23,0.67,15/05/2023,2023-05-15 23:23:00,Low
May,5,16,05:29,1.69,16/05/2023,2023-05-16 05:29:00,High
May,5,16,11:45,0.47,16/05/2023,2023-05-16 11:45:00,Low
May,5,16,18:11,1.77,16/05/2023,2023-05-16 18:11:00,High
May,5,17,00:22,0.59,17/05/2023,2023-05-17 00:22:00,Low
May,5,17,06:22,1.64,17/05/2023,2023-05-17 06:22:00,High
May,5,17,12:25,0.49,17/05/2023,2023-05-17 12:25:00,Low
May,5,17,18:54,1.86,17/05/2023,2023-05-17 18:54:00,High
May,5,18,01:15,0.53,18/05/2023,2023-05-18 01:15:00,Low
May,5,18,07:12,1.59,18/05/2023,2023-05-18 07:12:00,High
May,5,18,13:04,0.52,18/05/2023,2023-05-18 13:04:00,Low
May,5,18,19:35,1.92,18/05/2023,2023-05-18 19:35:00,High
May,5,19,02:04,0.49,19/05/2023,2023-05-19 02:04:00,Low
May,5,19,08:00,1.52,19/05/2023,2023-05-19 08:00:00,High
May,5,19,13:42,0.57,19/05/2023,2023-05-19 13:42:00,Low
May,5,19,20:15,1.95,19/05/2023,2023-05-19 20:15:00,High
May,5,20,02:50,0.47,20/05/2023,2023-05-20 02:50:00,Low
May,5,20,08:47,1.46,20/05/2023,2023-05-20 08:47:00,High
May,5,20,14:18,0.63,20/05/2023,2023-05-20 14:18:00,Low
May,5,20,20:54,1.95,20/05/2023,2023-05-20 20:54:00,High
May,5,21,03:34,0.48,21/05/2023,2023-05-21 03:34:00,Low
May,5,21,09:33,1.41,21/05/2023,2023-05-21 09:33:00,High
May,5,21,14:55,0.7,21/05/2023,2023-05-21 14:55:00,Low
May,5,21,21:30,1.93,21/05/2023,2023-05-21 21:30:00,High
May,5,22,04:16,0.51,22/05/2023,2023-05-22 04:16:00,Low
May,5,22,10:17,1.36,22/05/2023,2023-05-22 10:17:00,High
May,5,22,15:32,0.76,22/05/2023,2023-05-22 15:32:00,Low
May,5,22,22:08,1.87,22/05/2023,2023-05-22 22:08:00,High
May,5,23,04:59,0.55,23/05/2023,2023-05-23 04:59:00,Low
May,5,23,11:01,1.33,23/05/2023,2023-05-23 11:01:00,High
May,5,23,16:12,0.81,23/05/2023,2023-05-23 16:12:00,Low
May,5,23,22:46,1.81,23/05/2023,2023-05-23 22:46:00,High
May,5,24,05:42,0.6,24/05/2023,2023-05-24 05:42:00,Low
May,5,24,11:46,1.31,24/05/2023,2023-05-24 11:46:00,High
May,5,24,16:55,0.86,24/05/2023,2023-05-24 16:55:00,Low
May,5,24,23:28,1.73,24/05/2023,2023-05-24 23:28:00,High
May,5,25,06:28,0.65,25/05/2023,2023-05-25 06:28:00,Low
May,5,25,12:35,1.29,25/05/2023,2023-05-25 12:35:00,High
May,5,25,17:45,0.9,25/05/2023,2023-05-25 17:45:00,Low
May,5,26,00:14,1.66,26/05/2023,2023-05-26 00:14:00,High
May,5,26,07:18,0.68,26/05/2023,2023-05-26 07:18:00,Low
May,5,26,13:30,1.3,26/05/2023,2023-05-26 13:30:00,High
May,5,26,18:44,0.93,26/05/2023,2023-05-26 18:44:00,Low
May,5,27,01:07,1.59,27/05/2023,2023-05-27 01:07:00,High
May,5,27,08:11,0.69,27/05/2023,2023-05-27 08:11:00,Low
May,5,27,14:30,1.33,27/05/2023,2023-05-27 14:30:00,High
May,5,27,19:52,0.94,27/05/2023,2023-05-27 19:52:00,Low
May,5,28,02:07,1.54,28/05/2023,2023-05-28 02:07:00,High
May,5,28,09:02,0.68,28/05/2023,2023-05-28 09:02:00,Low
May,5,28,15:29,1.38,28/05/2023,2023-05-28 15:29:00,High
May,5,28,21:04,0.93,28/05/2023,2023-05-28 21:04:00,Low
May,5,29,03:10,1.52,29/05/2023,2023-05-29 03:10:00,High
May,5,29,09:49,0.66,29/05/2023,2023-05-29 09:49:00,Low
May,5,29,16:20,1.47,29/05/2023,2023-05-29 16:20:00,High
May,5,29,22:11,0.87,29/05/2023,2023-05-29 22:11:00,Low
May,5,30,04:07,1.51,30/05/2023,2023-05-30 04:07:00,High
May,5,30,10:30,0.63,30/05/2023,2023-05-30 10:30:00,Low
May,5,30,17:04,1.57,30/05/2023,2023-05-30 17:04:00,High
May,5,30,23:09,0.8,30/05/2023,2023-05-30 23:09:00,Low
May,5,31,05:00,1.5,31/05/2023,2023-05-31 05:00:00,High
May,5,31,11:09,0.6,31/05/2023,2023-05-31 11:09:00,Low
May,5,31,17:44,1.67,31/05/2023,2023-05-31 17:44:00,High
June,6,1,00:00,0.7,01/06/2023,2023-06-01 00:00:00,Low
June,6,1,05:49,1.5,01/06/2023,2023-06-01 05:49:00,High
June,6,1,11:45,0.59,01/06/2023,2023-06-01 11:45:00,Low
June,6,1,18:22,1.79,01/06/2023,2023-06-01 18:22:00,High
June,6,2,00:47,0.61,02/06/2023,2023-06-02 00:47:00,Low
June,6,2,06:37,1.5,02/06/2023,2023-06-02 06:37:00,High
June,6,2,12:24,0.58,02/06/2023,2023-06-02 12:24:00,Low
June,6,2,19:01,1.89,02/06/2023,2023-06-02 19:01:00,High
June,6,3,01:33,0.51,03/06/2023,2023-06-03 01:33:00,Low
June,6,3,07:26,1.5,03/06/2023,2023-06-03 07:26:00,High
June,6,3,13:03,0.58,03/06/2023,2023-06-03 13:03:00,Low
June,6,3,19:43,1.98,03/06/2023,2023-06-03 19:43:00,High
June,6,4,02:21,0.43,04/06/2023,2023-06-04 02:21:00,Low
June,6,4,08:17,1.49,04/06/2023,2023-06-04 08:17:00,High
June,6,4,13:47,0.59,04/06/2023,2023-06-04 13:47:00,Low
June,6,4,20:27,2.04,04/06/2023,2023-06-04 20:27:00,High
June,6,5,03:10,0.38,05/06/2023,2023-06-05 03:10:00,Low
June,6,5,09:11,1.47,05/06/2023,2023-06-05 09:11:00,High
June,6,5,14:35,0.61,05/06/2023,2023-06-05 14:35:00,Low
June,6,5,21:15,2.06,05/06/2023,2023-06-05 21:15:00,High
June,6,6,04:01,0.36,06/06/2023,2023-06-06 04:01:00,Low
June,6,6,10:05,1.46,06/06/2023,2023-06-06 10:05:00,High
June,6,6,15:27,0.65,06/06/2023,2023-06-06 15:27:00,Low
June,6,6,22:04,2.05,06/06/2023,2023-06-06 22:04:00,High
June,6,7,04:56,0.36,07/06/2023,2023-06-07 04:56:00,Low
June,6,7,11:02,1.44,07/06/2023,2023-06-07 11:02:00,High
June,6,7,16:23,0.68,07/06/2023,2023-06-07 16:23:00,Low
June,6,7,22:58,2.01,07/06/2023,2023-06-07 22:58:00,High
June,6,8,05:52,0.39,08/06/2023,2023-06-08 05:52:00,Low
June,6,8,12:00,1.43,08/06/2023,2023-06-08 12:00:00,High
June,6,8,17:22,0.72,08/06/2023,2023-06-08 17:22:00,Low
June,6,8,23:53,1.93,08/06/2023,2023-06-08 23:53:00,High
June,6,9,06:49,0.43,09/06/2023,2023-06-09 06:49:00,Low
June,6,9,13:01,1.44,09/06/2023,2023-06-09 13:01:00,High
June,6,9,18:26,0.76,09/06/2023,2023-06-09 18:26:00,Low
June,6,10,00:53,1.84,10/06/2023,2023-06-10 00:53:00,High
June,6,10,07:46,0.46,10/06/2023,2023-06-10 07:46:00,Low
June,6,10,14:03,1.48,10/06/2023,2023-06-10 14:03:00,High
June,6,10,19:35,0.78,10/06/2023,2023-06-10 19:35:00,Low
June,6,11,01:57,1.74,11/06/2023,2023-06-11 01:57:00,High
June,6,11,08:41,0.49,11/06/2023,2023-06-11 08:41:00,Low
June,6,11,15:04,1.54,11/06/2023,2023-06-11 15:04:00,High
June,6,11,20:49,0.78,11/06/2023,2023-06-11 20:49:00,Low
June,6,12,03:02,1.64,12/06/2023,2023-06-12 03:02:00,High
June,6,12,09:32,0.52,12/06/2023,2023-06-12 09:32:00,Low
June,6,12,16:01,1.62,12/06/2023,2023-06-12 16:01:00,High
June,6,12,22:03,0.75,12/06/2023,2023-06-12 22:03:00,Low
June,6,13,04:06,1.56,13/06/2023,2023-06-13 04:06:00,High
June,6,13,10:20,0.54,13/06/2023,2023-06-13 10:20:00,Low
June,6,13,16:55,1.71,13/06/2023,2023-06-13 16:55:00,High
June,6,13,23:15,0.69,13/06/2023,2023-06-13 23:15:00,Low
June,6,14,05:06,1.49,14/06/2023,2023-06-14 05:06:00,High
June,6,14,11:04,0.57,14/06/2023,2023-06-14 11:04:00,Low
June,6,14,17:43,1.8,14/06/2023,2023-06-14 17:43:00,High
June,6,15,00:15,0.62,15/06/2023,2023-06-15 00:15:00,Low
June,6,15,06:02,1.43,15/06/2023,2023-06-15 06:02:00,High
June,6,15,11:46,0.6,15/06/2023,2023-06-15 11:46:00,Low
June,6,15,18:28,1.86,15/06/2023,2023-06-15 18:28:00,High
June,6,16,01:08,0.56,16/06/2023,2023-06-16 01:08:00,Low
June,6,16,06:55,1.4,16/06/2023,2023-06-16 06:55:00,High
June,6,16,12:28,0.63,16/06/2023,2023-06-16 12:28:00,Low
June,6,16,19:10,1.9,16/06/2023,2023-06-16 19:10:00,High
June,6,17,01:54,0.52,17/06/2023,2023-06-17 01:54:00,Low
June,6,17,07:45,1.37,17/06/2023,2023-06-17 07:45:00,High
June,6,17,13:09,0.66,17/06/2023,2023-06-17 13:09:00,Low
June,6,17,19:50,1.92,17/06/2023,2023-06-17 19:50:00,High
June,6,18,02:36,0.49,18/06/2023,2023-06-18 02:36:00,Low
June,6,18,08:30,1.36,18/06/2023,2023-06-18 08:30:00,High
June,6,18,13:48,0.69,18/06/2023,2023-06-18 13:48:00,Low
June,6,18,20:29,1.92,18/06/2023,2023-06-18 20:29:00,High
June,6,19,03:15,0.49,19/06/2023,2023-06-19 03:15:00,Low
June,6,19,09:14,1.35,19/06/2023,2023-06-19 09:14:00,High
June,6,19,14:28,0.72,19/06/2023,2023-06-19 14:28:00,Low
June,6,19,21:06,1.9,19/06/2023,2023-06-19 21:06:00,High
June,6,20,03:53,0.5,20/06/2023,2023-06-20 03:53:00,Low
June,6,20,09:55,1.35,20/06/2023,2023-06-20 09:55:00,High
June,6,20,15:08,0.74,20/06/2023,2023-06-20 15:08:00,Low
June,6,20,21:44,1.86,20/06/2023,2023-06-20 21:44:00,High
June,6,21,04:30,0.52,21/06/2023,2023-06-21 04:30:00,Low
June,6,21,10:34,1.34,21/06/2023,2023-06-21 10:34:00,High
June,6,21,15:48,0.76,21/06/2023,2023-06-21 15:48:00,Low
June,6,21,22:21,1.81,21/06/2023,2023-06-21 22:21:00,High
June,6,22,05:09,0.55,22/06/2023,2023-06-22 05:09:00,Low
June,6,22,11:15,1.34,22/06/2023,2023-06-22 11:15:00,High
June,6,22,16:31,0.79,22/06/2023,2023-06-22 16:31:00,Low
June,6,22,23:00,1.76,22/06/2023,2023-06-22 23:00:00,High
June,6,23,05:49,0.58,23/06/2023,2023-06-23 05:49:00,Low
June,6,23,11:59,1.34,23/06/2023,2023-06-23 11:59:00,High
June,6,23,17:16,0.82,23/06/2023,2023-06-23 17:16:00,Low
June,6,23,23:40,1.69,23/06/2023,2023-06-23 23:40:00,High
June,6,24,06:30,0.61,24/06/2023,2023-06-24 06:30:00,Low
June,6,24,12:45,1.35,24/06/2023,2023-06-24 12:45:00,High
June,6,24,18:08,0.85,24/06/2023,2023-06-24 18:08:00,Low
June,6,25,00:25,1.61,25/06/2023,2023-06-25 00:25:00,High
June,6,25,07:15,0.62,25/06/2023,2023-06-25 07:15:00,Low
June,6,25,13:35,1.38,25/06/2023,2023-06-25 13:35:00,High
June,6,25,19:05,0.88,25/06/2023,2023-06-25 19:05:00,Low
June,6,26,01:14,1.54,26/06/2023,2023-06-26 01:14:00,High
June,6,26,07:59,0.63,26/06/2023,2023-06-26 07:59:00,Low
June,6,26,14:29,1.42,26/06/2023,2023-06-26 14:29:00,High
June,6,26,20:12,0.89,26/06/2023,2023-06-26 20:12:00,Low
June,6,27,02:10,1.47,27/06/2023,2023-06-27 02:10:00,High
June,6,27,08:43,0.63,27/06/2023,2023-06-27 08:43:00,Low
June,6,27,15:21,1.5,27/06/2023,2023-06-27 15:21:00,High
June,6,27,21:23,0.86,27/06/2023,2023-06-27 21:23:00,Low
June,6,28,03:12,1.41,28/06/2023,2023-06-28 03:12:00,High
June,6,28,09:28,0.63,28/06/2023,2023-06-28 09:28:00,Low
June,6,28,16:11,1.59,28/06/2023,2023-06-28 16:11:00,High
June,6,28,22:30,0.79,28/06/2023,2023-06-28 22:30:00,Low
June,6,29,04:15,1.38,29/06/2023,2023-06-29 04:15:00,High
June,6,29,10:13,0.63,29/06/2023,2023-06-29 10:13:00,Low
June,6,29,16:59,1.69,29/06/2023,2023-06-29 16:59:00,High
June,6,29,23:31,0.69,29/06/2023,2023-06-29 23:31:00,Low
June,6,30,05:15,1.38,30/06/2023,2023-06-30 05:15:00,High
June,6,30,10:59,0.62,30/06/2023,2023-06-30 10:59:00,Low
June,6,30,17:45,1.81,30/06/2023,2023-06-30 17:45:00,High
July,7,1,00:26,0.57,01/07/2023,2023-07-01 00:26:00,Low
July,7,1,06:13,1.39,01/07/2023,2023-07-01 06:13:00,High
July,7,1,11:47,0.6,01/07/2023,2023-07-01 11:47:00,Low
July,7,1,18:32,1.91,01/07/2023,2023-07-01 18:32:00,High
July,7,2,01:17,0.45,02/07/2023,2023-07-02 01:17:00,Low
July,7,2,07:09,1.41,02/07/2023,2023-07-02 07:09:00,High
July,7,2,12:37,0.58,02/07/2023,2023-07-02 12:37:00,Low
July,7,2,19:21,2.01,02/07/2023,2023-07-02 19:21:00,High
July,7,3,02:08,0.36,03/07/2023,2023-07-03 02:08:00,Low
July,7,3,08:04,1.43,03/07/2023,2023-07-03 08:04:00,High
July,7,3,13:30,0.57,03/07/2023,2023-07-03 13:30:00,Low
July,7,3,20:11,2.08,03/07/2023,2023-07-03 20:11:00,High
July,7,4,02:58,0.29,04/07/2023,2023-07-04 02:58:00,Low
July,7,4,09:00,1.46,04/07/2023,2023-07-04 09:00:00,High
July,7,4,14:23,0.55,04/07/2023,2023-07-04 14:23:00,Low
July,7,4,21:02,2.12,04/07/2023,2023-07-04 21:02:00,High
July,7,5,03:48,0.25,05/07/2023,2023-07-05 03:48:00,Low
July,7,5,09:54,1.48,05/07/2023,2023-07-05 09:54:00,High
July,7,5,15:17,0.55,05/07/2023,2023-07-05 15:17:00,Low
July,7,5,21:54,2.11,05/07/2023,2023-07-05 21:54:00,High
July,7,6,04:40,0.25,06/07/2023,2023-07-06 04:40:00,Low
July,7,6,10:47,1.49,06/07/2023,2023-07-06 10:47:00,High
July,7,6,16:14,0.56,06/07/2023,2023-07-06 16:14:00,Low
July,7,6,22:45,2.05,06/07/2023,2023-07-06 22:45:00,High
July,7,7,05:30,0.29,07/07/2023,2023-07-07 05:30:00,Low
July,7,7,11:41,1.51,07/07/2023,2023-07-07 11:41:00,High
July,7,7,17:12,0.6,07/07/2023,2023-07-07 17:12:00,Low
July,7,7,23:38,1.94,07/07/2023,2023-07-07 23:38:00,High
July,7,8,06:21,0.34,08/07/2023,2023-07-08 06:21:00,Low
July,7,8,12:36,1.53,08/07/2023,2023-07-08 12:36:00,High
July,7,8,18:14,0.65,08/07/2023,2023-07-08 18:14:00,Low
July,7,9,00:32,1.79,09/07/2023,2023-07-09 00:32:00,High
July,7,9,07:12,0.41,09/07/2023,2023-07-09 07:12:00,Low
July,7,9,13:32,1.56,09/07/2023,2023-07-09 13:32:00,High
July,7,9,19:19,0.7,09/07/2023,2023-07-09 19:19:00,Low
July,7,10,01:30,1.63,10/07/2023,2023-07-10 01:30:00,High
July,7,10,08:00,0.49,10/07/2023,2023-07-10 08:00:00,Low
July,7,10,14:30,1.6,10/07/2023,2023-07-10 14:30:00,High
July,7,10,20:32,0.73,10/07/2023,2023-07-10 20:32:00,Low
July,7,11,02:32,1.47,11/07/2023,2023-07-11 02:32:00,High
July,7,11,08:49,0.55,11/07/2023,2023-07-11 08:49:00,Low
July,7,11,15:28,1.65,11/07/2023,2023-07-11 15:28:00,High
July,7,11,21:52,0.73,11/07/2023,2023-07-11 21:52:00,Low
July,7,12,03:41,1.36,12/07/2023,2023-07-12 03:41:00,High
July,7,12,09:38,0.61,12/07/2023,2023-07-12 09:38:00,Low
July,7,12,16:24,1.7,12/07/2023,2023-07-12 16:24:00,High
July,7,12,23:08,0.69,12/07/2023,2023-07-12 23:08:00,Low
July,7,13,04:48,1.29,13/07/2023,2023-07-13 04:48:00,High
July,7,13,10:28,0.65,13/07/2023,2023-07-13 10:28:00,Low
July,7,13,17:16,1.75,13/07/2023,2023-07-13 17:16:00,High
July,7,14,00:10,0.62,14/07/2023,2023-07-14 00:10:00,Low
July,7,14,05:51,1.26,14/07/2023,2023-07-14 05:51:00,High
July,7,14,11:16,0.68,14/07/2023,2023-07-14 11:16:00,Low
July,7,14,18:05,1.79,14/07/2023,2023-07-14 18:05:00,High
July,7,15,01:00,0.56,15/07/2023,2023-07-15 01:00:00,Low
July,7,15,06:45,1.27,15/07/2023,2023-07-15 06:45:00,High
July,7,15,12:04,0.69,15/07/2023,2023-07-15 12:04:00,Low
July,7,15,18:49,1.82,15/07/2023,2023-07-15 18:49:00,High
July,7,16,01:42,0.51,16/07/2023,2023-07-16 01:42:00,Low
July,7,16,07:32,1.29,16/07/2023,2023-07-16 07:32:00,High
July,7,16,12:49,0.68,16/07/2023,2023-07-16 12:49:00,Low
July,7,16,19:30,1.84,16/07/2023,2023-07-16 19:30:00,High
July,7,17,02:19,0.48,17/07/2023,2023-07-17 02:19:00,Low
July,7,17,08:15,1.32,17/07/2023,2023-07-17 08:15:00,High
July,7,17,13:31,0.67,17/07/2023,2023-07-17 13:31:00,Low
July,7,17,20:10,1.85,17/07/2023,2023-07-17 20:10:00,High
July,7,18,02:54,0.46,18/07/2023,2023-07-18 02:54:00,Low
July,7,18,08:53,1.34,18/07/2023,2023-07-18 08:53:00,High
July,7,18,14:11,0.66,18/07/2023,2023-07-18 14:11:00,Low
July,7,18,20:46,1.85,18/07/2023,2023-07-18 20:46:00,High
July,7,19,03:28,0.46,19/07/2023,2023-07-19 03:28:00,Low
July,7,19,09:30,1.36,19/07/2023,2023-07-19 09:30:00,High
July,7,19,14:49,0.66,19/07/2023,2023-07-19 14:49:00,Low
July,7,19,21:22,1.83,19/07/2023,2023-07-19 21:22:00,High
July,7,20,04:01,0.46,20/07/2023,2023-07-20 04:01:00,Low
July,7,20,10:05,1.37,20/07/2023,2023-07-20 10:05:00,High
July,7,20,15:28,0.66,20/07/2023,2023-07-20 15:28:00,Low
July,7,20,21:57,1.8,20/07/2023,2023-07-20 21:57:00,High
July,7,21,04:34,0.48,21/07/2023,2023-07-21 04:34:00,Low
July,7,21,10:42,1.38,21/07/2023,2023-07-21 10:42:00,High
July,7,21,16:08,0.68,21/07/2023,2023-07-21 16:08:00,Low
July,7,21,22:31,1.75,21/07/2023,2023-07-21 22:31:00,High
July,7,22,05:09,0.49,22/07/2023,2023-07-22 05:09:00,Low
July,7,22,11:20,1.39,22/07/2023,2023-07-22 11:20:00,High
July,7,22,16:50,0.71,22/07/2023,2023-07-22 16:50:00,Low
July,7,22,23:08,1.67,22/07/2023,2023-07-22 23:08:00,High
July,7,23,05:44,0.52,23/07/2023,2023-07-23 05:44:00,Low
July,7,23,12:01,1.41,23/07/2023,2023-07-23 12:01:00,High
July,7,23,17:36,0.75,23/07/2023,2023-07-23 17:36:00,Low
July,7,23,23:45,1.58,23/07/2023,2023-07-23 23:45:00,High
July,7,24,06:19,0.55,24/07/2023,2023-07-24 06:19:00,Low
July,7,24,12:45,1.43,24/07/2023,2023-07-24 12:45:00,High
July,7,24,18:28,0.79,24/07/2023,2023-07-24 18:28:00,Low
July,7,25,00:29,1.48,25/07/2023,2023-07-25 00:29:00,High
July,7,25,06:57,0.58,25/07/2023,2023-07-25 06:57:00,Low
July,7,25,13:32,1.47,25/07/2023,2023-07-25 13:32:00,High
July,7,25,19:29,0.81,25/07/2023,2023-07-25 19:29:00,Low
July,7,26,01:19,1.38,26/07/2023,2023-07-26 01:19:00,High
July,7,26,07:39,0.61,26/07/2023,2023-07-26 07:39:00,Low
July,7,26,14:25,1.51,26/07/2023,2023-07-26 14:25:00,High
July,7,26,20:41,0.8,26/07/2023,2023-07-26 20:41:00,Low
July,7,27,02:24,1.3,27/07/2023,2023-07-27 02:24:00,High
July,7,27,08:28,0.64,27/07/2023,2023-07-27 08:28:00,Low
July,7,27,15:21,1.58,27/07/2023,2023-07-27 15:21:00,High
July,7,27,21:59,0.74,27/07/2023,2023-07-27 21:59:00,Low
July,7,28,03:39,1.25,28/07/2023,2023-07-28 03:39:00,High
July,7,28,09:24,0.65,28/07/2023,2023-07-28 09:24:00,Low
July,7,28,16:19,1.67,28/07/2023,2023-07-28 16:19:00,High
July,7,28,23:10,0.64,28/07/2023,2023-07-28 23:10:00,Low
July,7,29,04:53,1.26,29/07/2023,2023-07-29 04:53:00,High
July,7,29,10:25,0.64,29/07/2023,2023-07-29 10:25:00,Low
July,7,29,17:16,1.78,29/07/2023,2023-07-29 17:16:00,High
July,7,30,00:10,0.51,30/07/2023,2023-07-30 00:10:00,Low
July,7,30,05:59,1.3,30/07/2023,2023-07-30 05:59:00,High
July,7,30,11:25,0.6,30/07/2023,2023-07-30 11:25:00,Low
July,7,30,18:12,1.9,30/07/2023,2023-07-30 18:12:00,High
July,7,31,01:03,0.37,31/07/2023,2023-07-31 01:03:00,Low
July,7,31,06:58,1.36,31/07/2023,2023-07-31 06:58:00,High
July,7,31,12:23,0.55,31/07/2023,2023-07-31 12:23:00,Low
July,7,31,19:05,2.01,31/07/2023,2023-07-31 19:05:00,High
August,8,1,01:53,0.26,01/08/2023,2023-08-01 01:53:00,Low
August,8,1,07:52,1.43,01/08/2023,2023-08-01 07:52:00,High
August,8,1,13:18,0.48,01/08/2023,2023-08-01 13:18:00,Low
August,8,1,19:58,2.09,01/08/2023,2023-08-01 19:58:00,High
August,8,2,02:42,0.19,02/08/2023,2023-08-02 02:42:00,Low
August,8,2,08:44,1.49,02/08/2023,2023-08-02 08:44:00,High
August,8,2,14:13,0.43,02/08/2023,2023-08-02 14:13:00,Low
August,8,2,20:49,2.13,02/08/2023,2023-08-02 20:49:00,High
August,8,3,03:29,0.15,03/08/2023,2023-08-03 03:29:00,Low
August,8,3,09:34,1.54,03/08/2023,2023-08-03 09:34:00,High
August,8,3,15:07,0.41,03/08/2023,2023-08-03 15:07:00,Low
August,8,3,21:39,2.1,03/08/2023,2023-08-03 21:39:00,High
August,8,4,04:15,0.16,04/08/2023,2023-08-04 04:15:00,Low
August,8,4,10:24,1.58,04/08/2023,2023-08-04 10:24:00,High
August,8,4,16:01,0.43,04/08/2023,2023-08-04 16:01:00,Low
August,8,4,22:28,2,04/08/2023,2023-08-04 22:28:00,High
August,8,5,05:00,0.22,05/08/2023,2023-08-05 05:00:00,Low
August,8,5,11:14,1.61,05/08/2023,2023-08-05 11:14:00,High
August,8,5,16:59,0.48,05/08/2023,2023-08-05 16:59:00,Low
August,8,5,23:17,1.85,05/08/2023,2023-08-05 23:17:00,High
August,8,6,05:45,0.3,06/08/2023,2023-08-06 05:45:00,Low
August,8,6,12:04,1.62,06/08/2023,2023-08-06 12:04:00,High
August,8,6,17:58,0.55,06/08/2023,2023-08-06 17:58:00,Low
August,8,7,00:07,1.65,07/08/2023,2023-08-07 00:07:00,High
August,8,7,06:30,0.41,07/08/2023,2023-08-07 06:30:00,Low
August,8,7,12:57,1.63,07/08/2023,2023-08-07 12:57:00,High
August,8,7,19:03,0.63,07/08/2023,2023-08-07 19:03:00,Low
August,8,8,01:01,1.46,08/08/2023,2023-08-08 01:01:00,High
August,8,8,07:15,0.52,08/08/2023,2023-08-08 07:15:00,Low
August,8,8,13:52,1.62,08/08/2023,2023-08-08 13:52:00,High
August,8,8,20:17,0.69,08/08/2023,2023-08-08 20:17:00,Low
August,8,9,02:05,1.29,09/08/2023,2023-08-09 02:05:00,High
August,8,9,08:03,0.62,09/08/2023,2023-08-09 08:03:00,Low
August,8,9,14:51,1.62,09/08/2023,2023-08-09 14:51:00,High
August,8,9,21:40,0.7,09/08/2023,2023-08-09 21:40:00,Low
August,8,10,03:21,1.18,10/08/2023,2023-08-10 03:21:00,High
August,8,10,08:58,0.69,10/08/2023,2023-08-10 08:58:00,Low
August,8,10,15:53,1.63,10/08/2023,2023-08-10 15:53:00,High
August,8,10,22:59,0.66,10/08/2023,2023-08-10 22:59:00,Low
August,8,11,04:40,1.15,11/08/2023,2023-08-11 04:40:00,High
August,8,11,09:58,0.73,11/08/2023,2023-08-11 09:58:00,Low
August,8,11,16:52,1.65,11/08/2023,2023-08-11 16:52:00,High
August,8,12,00:00,0.6,12/08/2023,2023-08-12 00:00:00,Low
August,8,12,05:46,1.17,12/08/2023,2023-08-12 05:46:00,High
August,8,12,10:58,0.73,12/08/2023,2023-08-12 10:58:00,Low
August,8,12,17:45,1.68,12/08/2023,2023-08-12 17:45:00,High
August,8,13,00:45,0.54,13/08/2023,2023-08-13 00:45:00,Low
August,8,13,06:37,1.23,13/08/2023,2023-08-13 06:37:00,High
August,8,13,11:51,0.7,13/08/2023,2023-08-13 11:51:00,Low
August,8,13,18:31,1.72,13/08/2023,2023-08-13 18:31:00,High
August,8,14,01:23,0.49,14/08/2023,2023-08-14 01:23:00,Low
August,8,14,07:18,1.28,14/08/2023,2023-08-14 07:18:00,High
August,8,14,12:38,0.65,14/08/2023,2023-08-14 12:38:00,Low
August,8,14,19:13,1.76,14/08/2023,2023-08-14 19:13:00,High
August,8,15,01:57,0.45,15/08/2023,2023-08-15 01:57:00,Low
August,8,15,07:55,1.33,15/08/2023,2023-08-15 07:55:00,High
August,8,15,13:19,0.61,15/08/2023,2023-08-15 13:19:00,Low
August,8,15,19:50,1.78,15/08/2023,2023-08-15 19:50:00,High
August,8,16,02:28,0.42,16/08/2023,2023-08-16 02:28:00,Low
August,8,16,08:29,1.37,16/08/2023,2023-08-16 08:29:00,High
August,8,16,13:56,0.58,16/08/2023,2023-08-16 13:56:00,Low
August,8,16,20:25,1.79,16/08/2023,2023-08-16 20:25:00,High
August,8,17,02:59,0.4,17/08/2023,2023-08-17 02:59:00,Low
August,8,17,09:01,1.4,17/08/2023,2023-08-17 09:01:00,High
August,8,17,14:32,0.56,17/08/2023,2023-08-17 14:32:00,Low
August,8,17,20:59,1.79,17/08/2023,2023-08-17 20:59:00,High
August,8,18,03:28,0.39,18/08/2023,2023-08-18 03:28:00,Low
August,8,18,09:35,1.43,18/08/2023,2023-08-18 09:35:00,High
August,8,18,15:09,0.56,18/08/2023,2023-08-18 15:09:00,Low
August,8,18,21:31,1.75,18/08/2023,2023-08-18 21:31:00,High
August,8,19,03:57,0.4,19/08/2023,2023-08-19 03:57:00,Low
August,8,19,10:08,1.46,19/08/2023,2023-08-19 10:08:00,High
August,8,19,15:47,0.57,19/08/2023,2023-08-19 15:47:00,Low
August,8,19,22:03,1.69,19/08/2023,2023-08-19 22:03:00,High
August,8,20,04:27,0.42,20/08/2023,2023-08-20 04:27:00,Low
August,8,20,10:43,1.48,20/08/2023,2023-08-20 10:43:00,High
August,8,20,16:28,0.6,20/08/2023,2023-08-20 16:28:00,Low
August,8,20,22:38,1.61,20/08/2023,2023-08-20 22:38:00,High
August,8,21,04:57,0.46,21/08/2023,2023-08-21 04:57:00,Low
August,8,21,11:19,1.5,21/08/2023,2023-08-21 11:19:00,High
August,8,21,17:12,0.64,21/08/2023,2023-08-21 17:12:00,Low
August,8,21,23:14,1.51,21/08/2023,2023-08-21 23:14:00,High
August,8,22,05:29,0.5,22/08/2023,2023-08-22 05:29:00,Low
August,8,22,11:59,1.52,22/08/2023,2023-08-22 11:59:00,High
August,8,22,18:00,0.68,22/08/2023,2023-08-22 18:00:00,Low
August,8,22,23:56,1.4,22/08/2023,2023-08-22 23:56:00,High
August,8,23,06:03,0.56,23/08/2023,2023-08-23 06:03:00,Low
August,8,23,12:44,1.53,23/08/2023,2023-08-23 12:44:00,High
August,8,23,19:00,0.71,23/08/2023,2023-08-23 19:00:00,Low
August,8,24,00:47,1.29,24/08/2023,2023-08-24 00:47:00,High
August,8,24,06:45,0.62,24/08/2023,2023-08-24 06:45:00,Low
August,8,24,13:36,1.54,24/08/2023,2023-08-24 13:36:00,High
August,8,24,20:14,0.72,24/08/2023,2023-08-24 20:14:00,Low
August,8,25,01:56,1.2,25/08/2023,2023-08-25 01:56:00,High
August,8,25,07:41,0.67,25/08/2023,2023-08-25 07:41:00,Low
August,8,25,14:40,1.57,25/08/2023,2023-08-25 14:40:00,High
August,8,25,21:37,0.67,25/08/2023,2023-08-25 21:37:00,Low
August,8,26,03:23,1.17,26/08/2023,2023-08-26 03:23:00,High
August,8,26,08:52,0.7,26/08/2023,2023-08-26 08:52:00,Low
August,8,26,15:50,1.64,26/08/2023,2023-08-26 15:50:00,High
August,8,26,22:53,0.56,26/08/2023,2023-08-26 22:53:00,Low
August,8,27,04:45,1.2,27/08/2023,2023-08-27 04:45:00,High
August,8,27,10:08,0.67,27/08/2023,2023-08-27 10:08:00,Low
August,8,27,16:57,1.75,27/08/2023,2023-08-27 16:57:00,High
August,8,27,23:54,0.43,27/08/2023,2023-08-27 23:54:00,Low
August,8,28,05:50,1.29,28/08/2023,2023-08-28 05:50:00,High
August,8,28,11:15,0.59,28/08/2023,2023-08-28 11:15:00,Low
August,8,28,17:57,1.87,28/08/2023,2023-08-28 17:57:00,High
August,8,29,00:45,0.3,29/08/2023,2023-08-29 00:45:00,Low
August,8,29,06:45,1.39,29/08/2023,2023-08-29 06:45:00,High
August,8,29,12:15,0.49,29/08/2023,2023-08-29 12:15:00,Low
August,8,29,18:51,1.98,29/08/2023,2023-08-29 18:51:00,High
August,8,30,01:33,0.19,30/08/2023,2023-08-30 01:33:00,Low
August,8,30,07:36,1.49,30/08/2023,2023-08-30 07:36:00,High
August,8,30,13:10,0.4,30/08/2023,2023-08-30 13:10:00,Low
August,8,30,19:42,2.05,30/08/2023,2023-08-30 19:42:00,High
August,8,31,02:17,0.12,31/08/2023,2023-08-31 02:17:00,Low
August,8,31,08:24,1.58,31/08/2023,2023-08-31 08:24:00,High
August,8,31,14:02,0.33,31/08/2023,2023-08-31 14:02:00,Low
August,8,31,20:31,2.06,31/08/2023,2023-08-31 20:31:00,High
September,9,1,03:00,0.11,01/09/2023,2023-09-01 03:00:00,Low
September,9,1,09:11,1.65,01/09/2023,2023-09-01 09:11:00,High
September,9,1,14:56,0.31,01/09/2023,2023-09-01 14:56:00,Low
September,9,1,21:19,1.99,01/09/2023,2023-09-01 21:19:00,High
September,9,2,03:43,0.15,02/09/2023,2023-09-02 03:43:00,Low
September,9,2,09:57,1.71,02/09/2023,2023-09-02 09:57:00,High
September,9,2,15:49,0.33,02/09/2023,2023-09-02 15:49:00,Low
September,9,2,22:07,1.85,02/09/2023,2023-09-02 22:07:00,High
September,9,3,04:25,0.23,03/09/2023,2023-09-03 04:25:00,Low
September,9,3,10:44,1.73,03/09/2023,2023-09-03 10:44:00,High
September,9,3,16:45,0.39,03/09/2023,2023-09-03 16:45:00,Low
September,9,3,22:55,1.67,03/09/2023,2023-09-03 22:55:00,High
September,9,4,05:05,0.34,04/09/2023,2023-09-04 05:05:00,Low
September,9,4,11:30,1.72,04/09/2023,2023-09-04 11:30:00,High
September,9,4,17:44,0.48,04/09/2023,2023-09-04 17:44:00,Low
September,9,4,23:45,1.48,04/09/2023,2023-09-04 23:45:00,High
September,9,5,05:45,0.47,05/09/2023,2023-09-05 05:45:00,Low
September,9,5,12:18,1.69,05/09/2023,2023-09-05 12:18:00,High
September,9,5,18:46,0.57,05/09/2023,2023-09-05 18:46:00,Low
September,9,6,00:39,1.29,06/09/2023,2023-09-06 00:39:00,High
September,9,6,06:29,0.6,06/09/2023,2023-09-06 06:29:00,Low
September,9,6,13:11,1.64,06/09/2023,2023-09-06 13:11:00,High
September,9,6,19:59,0.63,06/09/2023,2023-09-06 19:59:00,Low
September,9,7,01:44,1.16,07/09/2023,2023-09-07 01:44:00,High
September,9,7,07:17,0.7,07/09/2023,2023-09-07 07:17:00,Low
September,9,7,14:09,1.58,07/09/2023,2023-09-07 14:09:00,High
September,9,7,21:19,0.66,07/09/2023,2023-09-07 21:19:00,Low
September,9,8,03:08,1.09,08/09/2023,2023-09-08 03:08:00,High
September,9,8,08:21,0.77,08/09/2023,2023-09-08 08:21:00,Low
September,9,8,15:16,1.55,08/09/2023,2023-09-08 15:16:00,High
September,9,8,22:35,0.64,08/09/2023,2023-09-08 22:35:00,Low
September,9,9,04:32,1.11,09/09/2023,2023-09-09 04:32:00,High
September,9,9,09:34,0.79,09/09/2023,2023-09-09 09:34:00,Low
September,9,9,16:23,1.55,09/09/2023,2023-09-09 16:23:00,High
September,9,9,23:33,0.59,09/09/2023,2023-09-09 23:33:00,Low
September,9,10,05:33,1.17,10/09/2023,2023-09-10 05:33:00,High
September,9,10,10:43,0.76,10/09/2023,2023-09-10 10:43:00,Low
September,9,10,17:21,1.59,10/09/2023,2023-09-10 17:21:00,High
September,9,11,00:16,0.53,11/09/2023,2023-09-11 00:16:00,Low
September,9,11,06:17,1.25,11/09/2023,2023-09-11 06:17:00,High
September,9,11,11:39,0.7,11/09/2023,2023-09-11 11:39:00,Low
September,9,11,18:08,1.63,11/09/2023,2023-09-11 18:08:00,High
September,9,12,00:52,0.48,12/09/2023,2023-09-12 00:52:00,Low
September,9,12,06:55,1.32,12/09/2023,2023-09-12 06:55:00,High
September,9,12,12:24,0.63,12/09/2023,2023-09-12 12:24:00,Low
September,9,12,18:49,1.68,12/09/2023,2023-09-12 18:49:00,High
September,9,13,01:24,0.43,13/09/2023,2023-09-13 01:24:00,Low
September,9,13,07:29,1.38,13/09/2023,2023-09-13 07:29:00,High
September,9,13,13:03,0.57,13/09/2023,2023-09-13 13:03:00,Low
September,9,13,19:25,1.71,13/09/2023,2023-09-13 19:25:00,High
September,9,14,01:54,0.39,14/09/2023,2023-09-14 01:54:00,Low
September,9,14,08:00,1.44,14/09/2023,2023-09-14 08:00:00,High
September,9,14,13:40,0.53,14/09/2023,2023-09-14 13:40:00,Low
September,9,14,19:59,1.72,14/09/2023,2023-09-14 19:59:00,High
September,9,15,02:21,0.37,15/09/2023,2023-09-15 02:21:00,Low
September,9,15,08:31,1.49,15/09/2023,2023-09-15 08:31:00,High
September,9,15,14:15,0.5,15/09/2023,2023-09-15 14:15:00,Low
September,9,15,20:31,1.7,15/09/2023,2023-09-15 20:31:00,High
September,9,16,02:48,0.37,16/09/2023,2023-09-16 02:48:00,Low
September,9,16,09:02,1.54,16/09/2023,2023-09-16 09:02:00,High
September,9,16,14:52,0.49,16/09/2023,2023-09-16 14:52:00,Low
September,9,16,21:03,1.66,16/09/2023,2023-09-16 21:03:00,High
September,9,17,03:15,0.38,17/09/2023,2023-09-17 03:15:00,Low
September,9,17,09:34,1.59,17/09/2023,2023-09-17 09:34:00,High
September,9,17,15:30,0.49,17/09/2023,2023-09-17 15:30:00,Low
September,9,17,21:38,1.6,17/09/2023,2023-09-17 21:38:00,High
September,9,18,03:44,0.41,18/09/2023,2023-09-18 03:44:00,Low
September,9,18,10:07,1.62,18/09/2023,2023-09-18 10:07:00,High
September,9,18,16:11,0.51,18/09/2023,2023-09-18 16:11:00,Low
September,9,18,22:14,1.51,18/09/2023,2023-09-18 22:14:00,High
September,9,19,04:14,0.46,19/09/2023,2023-09-19 04:14:00,Low
September,9,19,10:42,1.63,19/09/2023,2023-09-19 10:42:00,High
September,9,19,16:55,0.54,19/09/2023,2023-09-19 16:55:00,Low
September,9,19,22:53,1.41,19/09/2023,2023-09-19 22:53:00,High
September,9,20,04:45,0.52,20/09/2023,2023-09-20 04:45:00,Low
September,9,20,11:20,1.63,20/09/2023,2023-09-20 11:20:00,High
September,9,20,17:45,0.58,20/09/2023,2023-09-20 17:45:00,Low
September,9,20,23:39,1.31,20/09/2023,2023-09-20 23:39:00,High
September,9,21,05:23,0.6,21/09/2023,2023-09-21 05:23:00,Low
September,9,21,12:05,1.61,21/09/2023,2023-09-21 12:05:00,High
September,9,21,18:45,0.62,21/09/2023,2023-09-21 18:45:00,Low
September,9,22,00:36,1.21,22/09/2023,2023-09-22 00:36:00,High
September,9,22,06:10,0.67,22/09/2023,2023-09-22 06:10:00,Low
September,9,22,13:00,1.59,22/09/2023,2023-09-22 13:00:00,High
September,9,22,20:00,0.62,22/09/2023,2023-09-22 20:00:00,Low
September,9,23,01:52,1.15,23/09/2023,2023-09-23 01:52:00,High
September,9,23,07:16,0.73,23/09/2023,2023-09-23 07:16:00,Low
September,9,23,14:11,1.59,23/09/2023,2023-09-23 14:11:00,High
September,9,23,21:22,0.58,23/09/2023,2023-09-23 21:22:00,Low
September,9,24,03:22,1.16,24/09/2023,2023-09-24 03:22:00,High
September,9,24,08:40,0.74,24/09/2023,2023-09-24 08:40:00,Low
September,9,24,15:30,1.64,24/09/2023,2023-09-24 15:30:00,High
September,9,24,22:33,0.48,24/09/2023,2023-09-24 22:33:00,Low
September,9,25,04:38,1.24,25/09/2023,2023-09-25 04:38:00,High
September,9,25,10:00,0.68,25/09/2023,2023-09-25 10:00:00,Low
September,9,25,16:40,1.73,25/09/2023,2023-09-25 16:40:00,High
September,9,25,23:31,0.37,25/09/2023,2023-09-25 23:31:00,Low
September,9,26,05:37,1.36,26/09/2023,2023-09-26 05:37:00,High
September,9,26,11:08,0.57,26/09/2023,2023-09-26 11:08:00,Low
September,9,26,17:39,1.83,26/09/2023,2023-09-26 17:39:00,High
September,9,27,00:21,0.26,27/09/2023,2023-09-27 00:21:00,Low
September,9,27,06:28,1.48,27/09/2023,2023-09-27 06:28:00,High
September,9,27,12:06,0.46,27/09/2023,2023-09-27 12:06:00,Low
September,9,27,18:32,1.91,27/09/2023,2023-09-27 18:32:00,High
September,9,28,01:05,0.18,28/09/2023,2023-09-28 01:05:00,Low
September,9,28,07:15,1.6,28/09/2023,2023-09-28 07:15:00,High
September,9,28,13:00,0.36,28/09/2023,2023-09-28 13:00:00,Low
September,9,28,19:22,1.93,28/09/2023,2023-09-28 19:22:00,High
September,9,29,01:46,0.15,29/09/2023,2023-09-29 01:46:00,Low
September,9,29,08:00,1.71,29/09/2023,2023-09-29 08:00:00,High
September,9,29,13:53,0.29,29/09/2023,2023-09-29 13:53:00,Low
September,9,29,20:11,1.89,29/09/2023,2023-09-29 20:11:00,High
September,9,30,02:27,0.16,30/09/2023,2023-09-30 02:27:00,Low
September,9,30,08:44,1.79,30/09/2023,2023-09-30 08:44:00,High
September,9,30,14:45,0.27,30/09/2023,2023-09-30 14:45:00,Low
September,9,30,20:59,1.79,30/09/2023,2023-09-30 20:59:00,High
October,10,1,04:06,0.23,01/10/2023,2023-10-01 04:06:00,Low
October,10,1,10:28,1.84,01/10/2023,2023-10-01 10:28:00,High
October,10,1,16:39,0.3,01/10/2023,2023-10-01 16:39:00,Low
October,10,1,22:46,1.65,01/10/2023,2023-10-01 22:46:00,High
October,10,2,04:45,0.33,02/10/2023,2023-10-02 04:45:00,Low
October,10,2,11:12,1.84,02/10/2023,2023-10-02 11:12:00,High
October,10,2,17:32,0.35,02/10/2023,2023-10-02 17:32:00,Low
October,10,2,23:35,1.49,02/10/2023,2023-10-02 23:35:00,High
October,10,3,05:24,0.45,03/10/2023,2023-10-03 05:24:00,Low
October,10,3,11:56,1.81,03/10/2023,2023-10-03 11:56:00,High
October,10,3,18:28,0.43,03/10/2023,2023-10-03 18:28:00,Low
October,10,4,00:26,1.33,04/10/2023,2023-10-04 00:26:00,High
October,10,4,06:02,0.57,04/10/2023,2023-10-04 06:02:00,Low
October,10,4,12:40,1.74,04/10/2023,2023-10-04 12:40:00,High
October,10,4,19:27,0.52,04/10/2023,2023-10-04 19:27:00,Low
October,10,5,01:20,1.2,05/10/2023,2023-10-05 01:20:00,High
October,10,5,06:45,0.69,05/10/2023,2023-10-05 06:45:00,Low
October,10,5,13:28,1.65,05/10/2023,2023-10-05 13:28:00,High
October,10,5,20:31,0.59,05/10/2023,2023-10-05 20:31:00,Low
October,10,6,02:26,1.12,06/10/2023,2023-10-06 02:26:00,High
October,10,6,07:37,0.78,06/10/2023,2023-10-06 07:37:00,Low
October,10,6,14:23,1.56,06/10/2023,2023-10-06 14:23:00,High
October,10,6,21:43,0.63,06/10/2023,2023-10-06 21:43:00,Low
October,10,7,03:47,1.1,07/10/2023,2023-10-07 03:47:00,High
October,10,7,08:46,0.84,07/10/2023,2023-10-07 08:46:00,Low
October,10,7,15:30,1.5,07/10/2023,2023-10-07 15:30:00,High
October,10,7,22:50,0.63,07/10/2023,2023-10-07 22:50:00,Low
October,10,8,05:06,1.14,08/10/2023,2023-10-08 05:06:00,High
October,10,8,10:06,0.84,08/10/2023,2023-10-08 10:06:00,Low
October,10,8,16:42,1.48,08/10/2023,2023-10-08 16:42:00,High
October,10,8,23:47,0.6,08/10/2023,2023-10-08 23:47:00,Low
October,10,9,06:01,1.22,09/10/2023,2023-10-09 06:01:00,High
October,10,9,11:18,0.79,09/10/2023,2023-10-09 11:18:00,Low
October,10,9,17:44,1.51,09/10/2023,2023-10-09 17:44:00,High
October,10,10,00:31,0.55,10/10/2023,2023-10-10 00:31:00,Low
October,10,10,06:45,1.3,10/10/2023,2023-10-10 06:45:00,High
October,10,10,12:15,0.72,10/10/2023,2023-10-10 12:15:00,Low
October,10,10,18:33,1.55,10/10/2023,2023-10-10 18:33:00,High
October,10,11,01:08,0.49,11/10/2023,2023-10-11 01:08:00,Low
October,10,11,07:21,1.39,11/10/2023,2023-10-11 07:21:00,High
October,10,11,13:03,0.64,11/10/2023,2023-10-11 13:03:00,Low
October,10,11,19:15,1.59,11/10/2023,2023-10-11 19:15:00,High
October,10,12,01:41,0.44,12/10/2023,2023-10-12 01:41:00,Low
October,10,12,07:54,1.47,12/10/2023,2023-10-12 07:54:00,High
October,10,12,13:44,0.57,12/10/2023,2023-10-12 13:44:00,Low
October,10,12,19:52,1.61,12/10/2023,2023-10-12 19:52:00,High
October,10,13,02:10,0.41,13/10/2023,2023-10-13 02:10:00,Low
October,10,13,08:26,1.55,13/10/2023,2023-10-13 08:26:00,High
October,10,13,14:22,0.52,13/10/2023,2023-10-13 14:22:00,Low
October,10,13,20:27,1.61,13/10/2023,2023-10-13 20:27:00,High
October,10,14,02:37,0.39,14/10/2023,2023-10-14 02:37:00,Low
October,10,14,08:57,1.62,14/10/2023,2023-10-14 08:57:00,High
October,10,14,14:59,0.47,14/10/2023,2023-10-14 14:59:00,Low
October,10,14,21:01,1.59,14/10/2023,2023-10-14 21:01:00,High
October,10,15,03:05,0.4,15/10/2023,2023-10-15 03:05:00,Low
October,10,15,09:28,1.68,15/10/2023,2023-10-15 09:28:00,High
October,10,15,15:37,0.44,15/10/2023,2023-10-15 15:37:00,Low
October,10,15,21:38,1.55,15/10/2023,2023-10-15 21:38:00,High
October,10,16,03:33,0.42,16/10/2023,2023-10-16 03:33:00,Low
October,10,16,10:00,1.74,16/10/2023,2023-10-16 10:00:00,High
October,10,16,16:16,0.43,16/10/2023,2023-10-16 16:16:00,Low
October,10,16,22:16,1.49,16/10/2023,2023-10-16 22:16:00,High
October,10,17,04:04,0.46,17/10/2023,2023-10-17 04:04:00,Low
October,10,17,10:35,1.77,17/10/2023,2023-10-17 10:35:00,High
October,10,17,16:59,0.43,17/10/2023,2023-10-17 16:59:00,Low
October,10,17,22:58,1.42,17/10/2023,2023-10-17 22:58:00,High
October,10,18,04:37,0.52,18/10/2023,2023-10-18 04:37:00,Low
October,10,18,11:13,1.77,18/10/2023,2023-10-18 11:13:00,High
October,10,18,17:45,0.45,18/10/2023,2023-10-18 17:45:00,Low
October,10,18,23:44,1.34,18/10/2023,2023-10-18 23:44:00,High
October,10,19,05:15,0.59,19/10/2023,2023-10-19 05:15:00,Low
October,10,19,11:54,1.75,19/10/2023,2023-10-19 11:54:00,High
October,10,19,18:38,0.49,19/10/2023,2023-10-19 18:38:00,Low
October,10,20,00:36,1.26,20/10/2023,2023-10-20 00:36:00,High
October,10,20,06:00,0.66,20/10/2023,2023-10-20 06:00:00,Low
October,10,20,12:42,1.7,20/10/2023,2023-10-20 12:42:00,High
October,10,20,19:39,0.52,20/10/2023,2023-10-20 19:39:00,Low
October,10,21,01:39,1.21,21/10/2023,2023-10-21 01:39:00,High
October,10,21,06:58,0.73,21/10/2023,2023-10-21 06:58:00,Low
October,10,21,13:41,1.66,21/10/2023,2023-10-21 13:41:00,High
October,10,21,20:50,0.53,21/10/2023,2023-10-21 20:50:00,Low
October,10,22,02:56,1.19,22/10/2023,2023-10-22 02:56:00,High
October,10,22,08:11,0.77,22/10/2023,2023-10-22 08:11:00,Low
October,10,22,14:52,1.63,22/10/2023,2023-10-22 14:52:00,High
October,10,22,22:03,0.49,22/10/2023,2023-10-22 22:03:00,Low
October,10,23,04:16,1.24,23/10/2023,2023-10-23 04:16:00,High
October,10,23,09:33,0.75,23/10/2023,2023-10-23 09:33:00,Low
October,10,23,16:09,1.65,23/10/2023,2023-10-23 16:09:00,High
October,10,23,23:07,0.42,23/10/2023,2023-10-23 23:07:00,Low
October,10,24,05:22,1.34,24/10/2023,2023-10-24 05:22:00,High
October,10,24,10:50,0.68,24/10/2023,2023-10-24 10:50:00,Low
October,10,24,17:18,1.7,24/10/2023,2023-10-24 17:18:00,High
October,10,25,00:00,0.35,25/10/2023,2023-10-25 00:00:00,Low
October,10,25,06:16,1.47,25/10/2023,2023-10-25 06:16:00,High
October,10,25,11:58,0.58,25/10/2023,2023-10-25 11:58:00,Low
October,10,25,18:17,1.75,25/10/2023,2023-10-25 18:17:00,High
October,10,26,00:48,0.28,26/10/2023,2023-10-26 00:48:00,Low
October,10,26,07:04,1.61,26/10/2023,2023-10-26 07:04:00,High
October,10,26,12:58,0.47,26/10/2023,2023-10-26 12:58:00,Low
October,10,26,19:11,1.76,26/10/2023,2023-10-26 19:11:00,High
October,10,27,01:30,0.25,27/10/2023,2023-10-27 01:30:00,Low
October,10,27,07:50,1.73,27/10/2023,2023-10-27 07:50:00,High
October,10,27,13:54,0.38,27/10/2023,2023-10-27 13:54:00,Low
October,10,27,20:01,1.73,27/10/2023,2023-10-27 20:01:00,High
October,10,28,02:11,0.25,28/10/2023,2023-10-28 02:11:00,Low
October,10,28,08:34,1.84,28/10/2023,2023-10-28 08:34:00,High
October,10,28,14:46,0.32,28/10/2023,2023-10-28 14:46:00,Low
October,10,28,20:51,1.66,28/10/2023,2023-10-28 20:51:00,High
October,10,29,02:50,0.29,29/10/2023,2023-10-29 02:50:00,Low
October,10,29,09:17,1.9,29/10/2023,2023-10-29 09:17:00,High
October,10,29,15:38,0.29,29/10/2023,2023-10-29 15:38:00,Low
October,10,29,21:40,1.57,29/10/2023,2023-10-29 21:40:00,High
October,10,30,03:29,0.37,30/10/2023,2023-10-30 03:29:00,Low
October,10,30,10:00,1.93,30/10/2023,2023-10-30 10:00:00,High
October,10,30,16:29,0.3,30/10/2023,2023-10-30 16:29:00,Low
October,10,30,22:30,1.46,30/10/2023,2023-10-30 22:30:00,High
October,10,31,04:07,0.46,31/10/2023,2023-10-31 04:07:00,Low
October,10,31,10:42,1.92,31/10/2023,2023-10-31 10:42:00,High
October,10,31,17:19,0.35,31/10/2023,2023-10-31 17:19:00,Low
October,10,31,23:18,1.35,31/10/2023,2023-10-31 23:18:00,High
November,11,1,04:45,0.57,01/11/2023,2023-11-01 04:45:00,Low
November,11,1,11:23,1.86,01/11/2023,2023-11-01 11:23:00,High
November,11,1,18:09,0.41,01/11/2023,2023-11-01 18:09:00,Low
November,11,2,00:08,1.26,02/11/2023,2023-11-02 00:08:00,High
November,11,2,05:26,0.67,02/11/2023,2023-11-02 05:26:00,Low
November,11,2,12:05,1.77,02/11/2023,2023-11-02 12:05:00,High
November,11,2,19:00,0.49,02/11/2023,2023-11-02 19:00:00,Low
November,11,3,01:00,1.2,03/11/2023,2023-11-03 01:00:00,High
November,11,3,06:10,0.75,03/11/2023,2023-11-03 06:10:00,Low
November,11,3,12:49,1.67,03/11/2023,2023-11-03 12:49:00,High
November,11,3,19:55,0.56,03/11/2023,2023-11-03 19:55:00,Low
November,11,4,01:59,1.16,04/11/2023,2023-11-04 01:59:00,High
November,11,4,07:02,0.82,04/11/2023,2023-11-04 07:02:00,Low
November,11,4,13:39,1.58,04/11/2023,2023-11-04 13:39:00,High
November,11,4,20:53,0.6,04/11/2023,2023-11-04 20:53:00,Low
November,11,5,03:05,1.16,05/11/2023,2023-11-05 03:05:00,High
November,11,5,08:08,0.87,05/11/2023,2023-11-05 08:08:00,Low
November,11,5,14:37,1.5,05/11/2023,2023-11-05 14:37:00,High
November,11,5,21:51,0.62,05/11/2023,2023-11-05 21:51:00,Low
November,11,6,04:15,1.2,06/11/2023,2023-11-06 04:15:00,High
November,11,6,09:23,0.87,06/11/2023,2023-11-06 09:23:00,Low
November,11,6,15:44,1.46,06/11/2023,2023-11-06 15:44:00,High
November,11,6,22:45,0.6,06/11/2023,2023-11-06 22:45:00,Low
November,11,7,05:13,1.27,07/11/2023,2023-11-07 05:13:00,High
November,11,7,10:36,0.84,07/11/2023,2023-11-07 10:36:00,Low
November,11,7,16:48,1.45,07/11/2023,2023-11-07 16:48:00,High
November,11,7,23:32,0.56,07/11/2023,2023-11-07 23:32:00,Low
November,11,8,06:00,1.36,08/11/2023,2023-11-08 06:00:00,High
November,11,8,11:39,0.77,08/11/2023,2023-11-08 11:39:00,Low
November,11,8,17:44,1.47,08/11/2023,2023-11-08 17:44:00,High
November,11,9,00:13,0.52,09/11/2023,2023-11-09 00:13:00,Low
November,11,9,06:39,1.45,09/11/2023,2023-11-09 06:39:00,High
November,11,9,12:32,0.7,09/11/2023,2023-11-09 12:32:00,Low
November,11,9,18:30,1.48,09/11/2023,2023-11-09 18:30:00,High
November,11,10,00:48,0.49,10/11/2023,2023-11-10 00:48:00,Low
November,11,10,07:15,1.55,10/11/2023,2023-11-10 07:15:00,High
November,11,10,13:19,0.62,10/11/2023,2023-11-10 13:19:00,Low
November,11,10,19:14,1.49,10/11/2023,2023-11-10 19:14:00,High
November,11,11,01:20,0.46,11/11/2023,2023-11-11 01:20:00,Low
November,11,11,07:47,1.64,11/11/2023,2023-11-11 07:47:00,High
November,11,11,14:01,0.54,11/11/2023,2023-11-11 14:01:00,Low
November,11,11,19:54,1.48,11/11/2023,2023-11-11 19:54:00,High
November,11,12,01:50,0.45,12/11/2023,2023-11-12 01:50:00,Low
November,11,12,08:21,1.73,12/11/2023,2023-11-12 08:21:00,High
November,11,12,14:42,0.47,12/11/2023,2023-11-12 14:42:00,Low
November,11,12,20:34,1.47,12/11/2023,2023-11-12 20:34:00,High
November,11,13,02:21,0.46,13/11/2023,2023-11-13 02:21:00,Low
November,11,13,08:55,1.81,13/11/2023,2023-11-13 08:55:00,High
November,11,13,15:22,0.41,13/11/2023,2023-11-13 15:22:00,Low
November,11,13,21:16,1.44,13/11/2023,2023-11-13 21:16:00,High
November,11,14,02:55,0.48,14/11/2023,2023-11-14 02:55:00,Low
November,11,14,09:31,1.86,14/11/2023,2023-11-14 09:31:00,High
November,11,14,16:05,0.38,14/11/2023,2023-11-14 16:05:00,Low
November,11,14,22:01,1.41,14/11/2023,2023-11-14 22:01:00,High
November,11,15,03:32,0.52,15/11/2023,2023-11-15 03:32:00,Low
November,11,15,10:10,1.89,15/11/2023,2023-11-15 10:10:00,High
November,11,15,16:50,0.36,15/11/2023,2023-11-15 16:50:00,Low
November,11,15,22:48,1.36,15/11/2023,2023-11-15 22:48:00,High
November,11,16,00:00,0.57,16/11/2023,2023-11-16 00:00:00,Low
November,11,16,10:53,1.89,16/11/2023,2023-11-16 10:53:00,High
November,11,16,17:39,0.37,16/11/2023,2023-11-16 17:39:00,Low
November,11,16,23:40,1.32,16/11/2023,2023-11-16 23:40:00,High
November,11,17,00:00,0.62,17/11/2023,2023-11-17 00:00:00,Low
November,11,17,11:39,1.86,17/11/2023,2023-11-17 11:39:00,High
November,11,17,18:32,0.39,17/11/2023,2023-11-17 18:32:00,Low
November,11,18,00:00,1.29,18/11/2023,2023-11-18 00:00:00,High
November,11,18,05:53,0.68,18/11/2023,2023-11-18 05:53:00,Low
November,11,18,12:30,1.81,18/11/2023,2023-11-18 12:30:00,High
November,11,18,19:30,0.42,18/11/2023,2023-11-18 19:30:00,Low
November,11,19,00:00,1.27,19/11/2023,2023-11-19 00:00:00,High
November,11,19,06:56,0.72,19/11/2023,2023-11-19 06:56:00,Low
November,11,19,13:29,1.75,19/11/2023,2023-11-19 13:29:00,High
November,11,19,20:33,0.43,19/11/2023,2023-11-19 20:33:00,Low
November,11,20,00:00,1.29,20/11/2023,2023-11-20 00:00:00,High
November,11,20,08:05,0.75,20/11/2023,2023-11-20 08:05:00,Low
November,11,20,14:34,1.69,20/11/2023,2023-11-20 14:34:00,High
November,11,20,21:36,0.42,20/11/2023,2023-11-20 21:36:00,Low
November,11,21,00:00,1.35,21/11/2023,2023-11-21 00:00:00,High
November,11,21,09:21,0.74,21/11/2023,2023-11-21 09:21:00,Low
November,11,21,15:45,1.65,21/11/2023,2023-11-21 15:45:00,High
November,11,21,22:33,0.4,21/11/2023,2023-11-21 22:33:00,Low
November,11,22,00:00,1.45,22/11/2023,2023-11-22 00:00:00,High
November,11,22,10:36,0.69,22/11/2023,2023-11-22 10:36:00,Low
November,11,22,16:52,1.62,22/11/2023,2023-11-22 16:52:00,High
November,11,22,23:25,0.38,22/11/2023,2023-11-22 23:25:00,Low
November,11,23,00:00,1.58,23/11/2023,2023-11-23 00:00:00,High
November,11,23,11:47,0.61,23/11/2023,2023-11-23 11:47:00,Low
November,11,23,17:53,1.59,23/11/2023,2023-11-23 17:53:00,High
November,11,24,00:00,0.36,24/11/2023,2023-11-24 00:00:00,Low
November,11,24,06:39,1.7,24/11/2023,2023-11-24 06:39:00,High
November,11,24,12:51,0.52,24/11/2023,2023-11-24 12:51:00,Low
November,11,24,18:50,1.55,24/11/2023,2023-11-24 18:50:00,High
November,11,25,00:00,0.37,25/11/2023,2023-11-25 00:00:00,Low
November,11,25,07:26,1.81,25/11/2023,2023-11-25 07:26:00,High
November,11,25,13:49,0.44,25/11/2023,2023-11-25 13:49:00,Low
November,11,25,19:44,1.5,25/11/2023,2023-11-25 19:44:00,High
November,11,26,00:00,0.4,26/11/2023,2023-11-26 00:00:00,Low
November,11,26,08:10,1.9,26/11/2023,2023-11-26 08:10:00,High
November,11,26,14:43,0.38,26/11/2023,2023-11-26 14:43:00,Low
November,11,26,20:36,1.44,26/11/2023,2023-11-26 20:36:00,High
November,11,27,00:00,0.45,27/11/2023,2023-11-27 00:00:00,Low
November,11,27,08:53,1.94,27/11/2023,2023-11-27 08:53:00,High
November,11,27,15:32,0.34,27/11/2023,2023-11-27 15:32:00,Low
November,11,27,21:27,1.39,27/11/2023,2023-11-27 21:27:00,High
November,11,28,00:00,0.51,28/11/2023,2023-11-28 00:00:00,Low
November,11,28,09:35,1.95,28/11/2023,2023-11-28 09:35:00,High
November,11,28,16:18,0.34,28/11/2023,2023-11-28 16:18:00,Low
November,11,28,22:15,1.34,28/11/2023,2023-11-28 22:15:00,High
November,11,29,00:00,0.57,29/11/2023,2023-11-29 00:00:00,Low
November,11,29,10:15,1.93,29/11/2023,2023-11-29 10:15:00,High
November,11,29,17:03,0.36,29/11/2023,2023-11-29 17:03:00,Low
November,11,29,23:02,1.3,29/11/2023,2023-11-29 23:02:00,High
November,11,30,00:00,0.64,30/11/2023,2023-11-30 00:00:00,Low
November,11,30,10:56,1.87,30/11/2023,2023-11-30 10:56:00,High
November,11,30,17:46,0.41,30/11/2023,2023-11-30 17:46:00,Low
November,11,30,23:48,1.26,30/11/2023,2023-11-30 23:48:00,High
December,12,1,04:58,0.7,01/12/2023,2023-12-01 04:58:00,Low
December,12,1,11:36,1.8,01/12/2023,2023-12-01 11:36:00,High
December,12,1,18:30,0.47,01/12/2023,2023-12-01 18:30:00,Low
December,12,2,00:33,1.24,02/12/2023,2023-12-02 00:33:00,High
December,12,2,05:42,0.75,02/12/2023,2023-12-02 05:42:00,Low
December,12,2,12:16,1.71,02/12/2023,2023-12-02 12:16:00,High
December,12,2,19:14,0.52,02/12/2023,2023-12-02 19:14:00,Low
December,12,3,01:21,1.22,03/12/2023,2023-12-03 01:21:00,High
December,12,3,06:30,0.8,03/12/2023,2023-12-03 06:30:00,Low
December,12,3,13:00,1.63,03/12/2023,2023-12-03 13:00:00,High
December,12,3,20:00,0.56,03/12/2023,2023-12-03 20:00:00,Low
December,12,4,02:15,1.23,04/12/2023,2023-12-04 02:15:00,High
December,12,4,07:27,0.84,04/12/2023,2023-12-04 07:27:00,Low
December,12,4,13:47,1.55,04/12/2023,2023-12-04 13:47:00,High
December,12,4,20:49,0.58,04/12/2023,2023-12-04 20:49:00,Low
December,12,5,03:12,1.25,05/12/2023,2023-12-05 03:12:00,High
December,12,5,08:31,0.86,05/12/2023,2023-12-05 08:31:00,Low
December,12,5,14:42,1.47,05/12/2023,2023-12-05 14:42:00,High
December,12,5,21:39,0.59,05/12/2023,2023-12-05 21:39:00,Low
December,12,6,04:10,1.31,06/12/2023,2023-12-06 04:10:00,High
December,12,6,09:42,0.86,06/12/2023,2023-12-06 09:42:00,Low
December,12,6,15:42,1.42,06/12/2023,2023-12-06 15:42:00,High
December,12,6,22:27,0.58,06/12/2023,2023-12-06 22:27:00,Low
December,12,7,05:02,1.39,07/12/2023,2023-12-07 05:02:00,High
December,12,7,10:52,0.82,07/12/2023,2023-12-07 10:52:00,Low
December,12,7,16:44,1.38,07/12/2023,2023-12-07 16:44:00,High
December,12,7,23:10,0.56,07/12/2023,2023-12-07 23:10:00,Low
December,12,8,05:48,1.49,08/12/2023,2023-12-08 05:48:00,High
December,12,8,11:56,0.76,08/12/2023,2023-12-08 11:56:00,Low
December,12,8,17:41,1.36,08/12/2023,2023-12-08 17:41:00,High
December,12,8,23:50,0.55,08/12/2023,2023-12-08 23:50:00,Low
December,12,9,06:30,1.59,09/12/2023,2023-12-09 06:30:00,High
December,12,9,12:51,0.67,09/12/2023,2023-12-09 12:51:00,Low
December,12,9,18:33,1.36,09/12/2023,2023-12-09 18:33:00,High
December,12,10,00:29,0.54,10/12/2023,2023-12-10 00:29:00,Low
December,12,10,07:08,1.69,10/12/2023,2023-12-10 07:08:00,High
December,12,10,13:40,0.57,10/12/2023,2023-12-10 13:40:00,Low
December,12,10,19:23,1.35,10/12/2023,2023-12-10 19:23:00,High
December,12,11,01:06,0.53,11/12/2023,2023-12-11 01:06:00,Low
December,12,11,07:46,1.79,11/12/2023,2023-12-11 07:46:00,High
December,12,11,14:25,0.48,11/12/2023,2023-12-11 14:25:00,Low
December,12,11,20:12,1.36,11/12/2023,2023-12-11 20:12:00,High
December,12,12,01:45,0.53,12/12/2023,2023-12-12 01:45:00,Low
December,12,12,08:27,1.88,12/12/2023,2023-12-12 08:27:00,High
December,12,12,15:09,0.39,12/12/2023,2023-12-12 15:09:00,Low
December,12,12,21:00,1.36,12/12/2023,2023-12-12 21:00:00,High
December,12,13,02:27,0.53,13/12/2023,2023-12-13 02:27:00,Low
December,12,13,09:09,1.94,13/12/2023,2023-12-13 09:09:00,High
December,12,13,15:54,0.33,13/12/2023,2023-12-13 15:54:00,Low
December,12,13,21:50,1.37,13/12/2023,2023-12-13 21:50:00,High
December,12,14,03:12,0.54,14/12/2023,2023-12-14 03:12:00,Low
December,12,14,09:54,1.98,14/12/2023,2023-12-14 09:54:00,High
December,12,14,16:41,0.29,14/12/2023,2023-12-14 16:41:00,Low
December,12,14,22:41,1.37,14/12/2023,2023-12-14 22:41:00,High
December,12,15,04:00,0.56,15/12/2023,2023-12-15 04:00:00,Low
December,12,15,10:42,2,15/12/2023,2023-12-15 10:42:00,High
December,12,15,17:30,0.28,15/12/2023,2023-12-15 17:30:00,Low
December,12,15,23:33,1.36,15/12/2023,2023-12-15 23:33:00,High
December,12,16,04:53,0.58,16/12/2023,2023-12-16 04:53:00,Low
December,12,16,11:30,1.97,16/12/2023,2023-12-16 11:30:00,High
December,12,16,18:21,0.29,16/12/2023,2023-12-16 18:21:00,Low
December,12,17,00:28,1.36,17/12/2023,2023-12-17 00:28:00,High
December,12,17,05:49,0.61,17/12/2023,2023-12-17 05:49:00,Low
December,12,17,12:22,1.91,17/12/2023,2023-12-17 12:22:00,High
December,12,17,19:14,0.32,17/12/2023,2023-12-17 19:14:00,Low
December,12,18,01:24,1.38,18/12/2023,2023-12-18 01:24:00,High
December,12,18,06:48,0.65,18/12/2023,2023-12-18 06:48:00,Low
December,12,18,13:15,1.82,18/12/2023,2023-12-18 13:15:00,High
December,12,18,20:07,0.35,18/12/2023,2023-12-18 20:07:00,Low
December,12,19,02:24,1.41,19/12/2023,2023-12-19 02:24:00,High
December,12,19,07:53,0.68,19/12/2023,2023-12-19 07:53:00,Low
December,12,19,14:13,1.71,19/12/2023,2023-12-19 14:13:00,High
December,12,19,21:00,0.39,19/12/2023,2023-12-19 21:00:00,Low
December,12,20,03:25,1.46,20/12/2023,2023-12-20 03:25:00,High
December,12,20,09:04,0.7,20/12/2023,2023-12-20 09:04:00,Low
December,12,20,15:15,1.59,20/12/2023,2023-12-20 15:15:00,High
December,12,20,21:53,0.42,20/12/2023,2023-12-20 21:53:00,Low
December,12,21,04:25,1.55,21/12/2023,2023-12-21 04:25:00,High
December,12,21,10:20,0.7,21/12/2023,2023-12-21 10:20:00,Low
December,12,21,16:23,1.48,21/12/2023,2023-12-21 16:23:00,High
December,12,21,22:44,0.46,21/12/2023,2023-12-21 22:44:00,Low
December,12,22,05:21,1.64,22/12/2023,2023-12-22 05:21:00,High
December,12,22,11:38,0.65,22/12/2023,2023-12-22 11:38:00,Low
December,12,22,17:30,1.4,22/12/2023,2023-12-22 17:30:00,High
December,12,22,23:32,0.49,22/12/2023,2023-12-22 23:32:00,Low
December,12,23,06:14,1.73,23/12/2023,2023-12-23 06:14:00,High
December,12,23,12:49,0.58,23/12/2023,2023-12-23 12:49:00,Low
December,12,23,18:34,1.34,23/12/2023,2023-12-23 18:34:00,High
December,12,24,00:20,0.52,24/12/2023,2023-12-24 00:20:00,Low
December,12,24,07:03,1.81,24/12/2023,2023-12-24 07:03:00,High
December,12,24,13:49,0.5,24/12/2023,2023-12-24 13:49:00,Low
December,12,24,19:34,1.31,24/12/2023,2023-12-24 19:34:00,High
December,12,25,01:06,0.55,25/12/2023,2023-12-25 01:06:00,Low
December,12,25,07:50,1.87,25/12/2023,2023-12-25 07:50:00,High
December,12,25,14:40,0.43,25/12/2023,2023-12-25 14:40:00,Low
December,12,25,20:29,1.3,25/12/2023,2023-12-25 20:29:00,High
December,12,26,01:51,0.57,26/12/2023,2023-12-26 01:51:00,Low
December,12,26,08:34,1.9,26/12/2023,2023-12-26 08:34:00,High
December,12,26,15:25,0.39,26/12/2023,2023-12-26 15:25:00,Low
December,12,26,21:17,1.3,26/12/2023,2023-12-26 21:17:00,High
December,12,27,02:35,0.59,27/12/2023,2023-12-27 02:35:00,Low
December,12,27,09:17,1.91,27/12/2023,2023-12-27 09:17:00,High
December,12,27,16:06,0.38,27/12/2023,2023-12-27 16:06:00,Low
December,12,27,22:02,1.3,27/12/2023,2023-12-27 22:02:00,High
December,12,28,03:16,0.61,28/12/2023,2023-12-28 03:16:00,Low
December,12,28,09:57,1.89,28/12/2023,2023-12-28 09:57:00,High
December,12,28,16:45,0.38,28/12/2023,2023-12-28 16:45:00,Low
December,12,28,22:44,1.3,28/12/2023,2023-12-28 22:44:00,High
December,12,29,03:58,0.63,29/12/2023,2023-12-29 03:58:00,Low
December,12,29,10:35,1.86,29/12/2023,2023-12-29 10:35:00,High
December,12,29,17:21,0.41,29/12/2023,2023-12-29 17:21:00,Low
December,12,29,23:22,1.3,29/12/2023,2023-12-29 23:22:00,High
December,12,30,04:37,0.66,30/12/2023,2023-12-30 04:37:00,Low
December,12,30,11:13,1.81,30/12/2023,2023-12-30 11:13:00,High
December,12,30,17:58,0.44,30/12/2023,2023-12-30 17:58:00,Low
December,12,31,00:01,1.3,31/12/2023,2023-12-31 00:01:00,High
December,12,31,05:18,0.69,31/12/2023,2023-12-31 05:18:00,Low
December,12,31,11:48,1.75,31/12/2023,2023-12-31 11:48:00,High
December,12,31,18:33,0.48,31/12/2023,2023-12-31 18:33:00,Low
January,1,1,00:42,1.3,01/01/2024,2024-01-01 00:42:00,High
January,1,1,06:01,0.73,01/01/2024,2024-01-01 06:01:00,Low
January,1,1,12:25,1.68,01/01/2024,2024-01-01 12:25:00,High
January,1,1,19:10,0.52,01/01/2024,2024-01-01 19:10:00,Low
January,1,2,01:25,1.31,02/01/2024,2024-01-02 01:25:00,High
January,1,2,06:48,0.78,02/01/2024,2024-01-02 06:48:00,Low
January,1,2,13:04,1.59,02/01/2024,2024-01-02 13:04:00,High
January,1,2,19:49,0.55,02/01/2024,2024-01-02 19:49:00,Low
January,1,3,02:13,1.33,03/01/2024,2024-01-03 02:13:00,High
January,1,3,07:44,0.82,03/01/2024,2024-01-03 07:44:00,Low
January,1,3,13:47,1.49,03/01/2024,2024-01-03 13:47:00,High
January,1,3,20:30,0.57,03/01/2024,2024-01-03 20:30:00,Low
January,1,4,03:05,1.37,04/01/2024,2024-01-04 03:05:00,High
January,1,4,08:47,0.85,04/01/2024,2024-01-04 08:47:00,Low
January,1,4,14:39,1.4,04/01/2024,2024-01-04 14:39:00,High
January,1,4,21:15,0.6,04/01/2024,2024-01-04 21:15:00,Low
January,1,5,03:59,1.43,05/01/2024,2024-01-05 03:59:00,High
January,1,5,10:00,0.84,05/01/2024,2024-01-05 10:00:00,Low
January,1,5,15:41,1.31,05/01/2024,2024-01-05 15:41:00,High
January,1,5,22:01,0.62,05/01/2024,2024-01-05 22:01:00,Low
January,1,6,04:52,1.5,06/01/2024,2024-01-06 04:52:00,High
January,1,6,11:15,0.8,06/01/2024,2024-01-06 11:15:00,Low
January,1,6,16:50,1.26,06/01/2024,2024-01-06 16:50:00,High
January,1,6,22:50,0.63,06/01/2024,2024-01-06 22:50:00,Low
January,1,7,05:42,1.59,07/01/2024,2024-01-07 05:42:00,High
January,1,7,12:22,0.71,07/01/2024,2024-01-07 12:22:00,Low
January,1,7,17:58,1.24,07/01/2024,2024-01-07 17:58:00,High
January,1,7,23:40,0.63,07/01/2024,2024-01-07 23:40:00,Low
January,1,8,06:30,1.69,08/01/2024,2024-01-08 06:30:00,High
January,1,8,13:18,0.6,08/01/2024,2024-01-08 13:18:00,Low
January,1,8,19:00,1.26,08/01/2024,2024-01-08 19:00:00,High
January,1,9,00:30,0.61,09/01/2024,2024-01-09 00:30:00,Low
January,1,9,07:17,1.8,09/01/2024,2024-01-09 07:17:00,High
January,1,9,14:09,0.48,09/01/2024,2024-01-09 14:09:00,Low
January,1,9,19:55,1.3,09/01/2024,2024-01-09 19:55:00,High
January,1,10,01:20,0.58,10/01/2024,2024-01-10 01:20:00,Low
January,1,10,08:05,1.9,10/01/2024,2024-01-10 08:05:00,High
January,1,10,14:56,0.37,10/01/2024,2024-01-10 14:56:00,Low
January,1,10,20:47,1.35,10/01/2024,2024-01-10 20:47:00,High
January,1,11,02:10,0.54,11/01/2024,2024-01-11 02:10:00,Low
January,1,11,08:53,1.99,11/01/2024,2024-01-11 08:53:00,High
January,1,11,15:41,0.28,11/01/2024,2024-01-11 15:41:00,Low
January,1,11,21:38,1.39,11/01/2024,2024-01-11 21:38:00,High
January,1,12,03:00,0.51,12/01/2024,2024-01-12 03:00:00,Low
January,1,12,09:42,2.06,12/01/2024,2024-01-12 09:42:00,High
January,1,12,16:28,0.22,12/01/2024,2024-01-12 16:28:00,Low
January,1,12,22:28,1.43,12/01/2024,2024-01-12 22:28:00,High
January,1,13,03:52,0.48,13/01/2024,2024-01-13 03:52:00,Low
January,1,13,10:30,2.08,13/01/2024,2024-01-13 10:30:00,High
January,1,13,17:14,0.2,13/01/2024,2024-01-13 17:14:00,Low
January,1,13,23:17,1.47,13/01/2024,2024-01-13 23:17:00,High
January,1,14,04:45,0.48,14/01/2024,2024-01-14 04:45:00,Low
January,1,14,11:19,2.05,14/01/2024,2024-01-14 11:19:00,High
January,1,14,18:00,0.21,14/01/2024,2024-01-14 18:00:00,Low
January,1,15,00:08,1.5,15/01/2024,2024-01-15 00:08:00,High
January,1,15,05:40,0.51,15/01/2024,2024-01-15 05:40:00,Low
January,1,15,12:08,1.96,15/01/2024,2024-01-15 12:08:00,High
January,1,15,18:46,0.26,15/01/2024,2024-01-15 18:46:00,Low
January,1,16,01:00,1.52,16/01/2024,2024-01-16 01:00:00,High
January,1,16,06:38,0.55,16/01/2024,2024-01-16 06:38:00,Low
January,1,16,12:57,1.83,16/01/2024,2024-01-16 12:57:00,High
January,1,16,19:33,0.33,16/01/2024,2024-01-16 19:33:00,Low
January,1,17,01:53,1.55,17/01/2024,2024-01-17 01:53:00,High
January,1,17,07:40,0.62,17/01/2024,2024-01-17 07:40:00,Low
January,1,17,13:49,1.65,17/01/2024,2024-01-17 13:49:00,High
January,1,17,20:20,0.41,17/01/2024,2024-01-17 20:20:00,Low
January,1,18,02:49,1.58,18/01/2024,2024-01-18 02:49:00,High
January,1,18,08:49,0.67,18/01/2024,2024-01-18 08:49:00,Low
January,1,18,14:48,1.47,18/01/2024,2024-01-18 14:48:00,High
January,1,18,21:09,0.5,18/01/2024,2024-01-18 21:09:00,Low
January,1,19,03:49,1.61,19/01/2024,2024-01-19 03:49:00,High
January,1,19,10:08,0.7,19/01/2024,2024-01-19 10:08:00,Low
January,1,19,15:58,1.32,19/01/2024,2024-01-19 15:58:00,High
January,1,19,22:01,0.58,19/01/2024,2024-01-19 22:01:00,Low
January,1,20,04:50,1.66,20/01/2024,2024-01-20 04:50:00,High
January,1,20,11:33,0.68,20/01/2024,2024-01-20 11:33:00,Low
January,1,20,17:15,1.23,20/01/2024,2024-01-20 17:15:00,High
January,1,20,22:58,0.64,20/01/2024,2024-01-20 22:58:00,Low
January,1,21,05:49,1.7,21/01/2024,2024-01-21 05:49:00,High
January,1,21,12:48,0.62,21/01/2024,2024-01-21 12:48:00,Low
January,1,21,18:30,1.2,21/01/2024,2024-01-21 18:30:00,High
January,1,21,23:55,0.66,21/01/2024,2024-01-21 23:55:00,Low
January,1,22,06:45,1.75,22/01/2024,2024-01-22 06:45:00,High
January,1,22,13:47,0.54,22/01/2024,2024-01-22 13:47:00,Low
January,1,22,19:33,1.22,22/01/2024,2024-01-22 19:33:00,High
January,1,23,00:50,0.67,23/01/2024,2024-01-23 00:50:00,Low
January,1,23,07:36,1.79,23/01/2024,2024-01-23 07:36:00,High
January,1,23,14:33,0.48,23/01/2024,2024-01-23 14:33:00,Low
January,1,23,20:25,1.26,23/01/2024,2024-01-23 20:25:00,High
January,1,24,01:40,0.65,24/01/2024,2024-01-24 01:40:00,Low
January,1,24,08:21,1.82,24/01/2024,2024-01-24 08:21:00,High
January,1,24,15:13,0.44,24/01/2024,2024-01-24 15:13:00,Low
January,1,24,21:07,1.3,24/01/2024,2024-01-24 21:07:00,High
January,1,25,02:25,0.63,25/01/2024,2024-01-25 02:25:00,Low
January,1,25,09:03,1.84,25/01/2024,2024-01-25 09:03:00,High
January,1,25,15:47,0.42,25/01/2024,2024-01-25 15:47:00,Low
January,1,25,21:45,1.34,25/01/2024,2024-01-25 21:45:00,High
January,1,26,03:05,0.61,26/01/2024,2024-01-26 03:05:00,Low
January,1,26,09:41,1.85,26/01/2024,2024-01-26 09:41:00,High
January,1,26,16:21,0.41,26/01/2024,2024-01-26 16:21:00,Low
January,1,26,22:20,1.36,26/01/2024,2024-01-26 22:20:00,High
January,1,27,03:43,0.6,27/01/2024,2024-01-27 03:43:00,Low
January,1,27,10:15,1.83,27/01/2024,2024-01-27 10:15:00,High
January,1,27,16:52,0.41,27/01/2024,2024-01-27 16:52:00,Low
January,1,27,22:54,1.38,27/01/2024,2024-01-27 22:54:00,High
January,1,28,04:19,0.6,28/01/2024,2024-01-28 04:19:00,Low
January,1,28,10:49,1.8,28/01/2024,2024-01-28 10:49:00,High
January,1,28,17:22,0.43,28/01/2024,2024-01-28 17:22:00,Low
January,1,28,23:28,1.4,28/01/2024,2024-01-28 23:28:00,High
January,1,29,04:58,0.62,29/01/2024,2024-01-29 04:58:00,Low
January,1,29,11:22,1.75,29/01/2024,2024-01-29 11:22:00,High
January,1,29,17:52,0.45,29/01/2024,2024-01-29 17:52:00,Low
January,1,30,00:02,1.41,30/01/2024,2024-01-30 00:02:00,High
January,1,30,05:37,0.65,30/01/2024,2024-01-30 05:37:00,Low
January,1,30,11:55,1.67,30/01/2024,2024-01-30 11:55:00,High
January,1,30,18:23,0.48,30/01/2024,2024-01-30 18:23:00,Low
January,1,31,00:40,1.43,31/01/2024,2024-01-31 00:40:00,High
January,1,31,06:20,0.7,31/01/2024,2024-01-31 06:20:00,Low
January,1,31,12:29,1.58,31/01/2024,2024-01-31 12:29:00,High
January,1,31,18:55,0.52,31/01/2024,2024-01-31 18:55:00,Low
February,2,1,01:19,1.44,01/02/2024,2024-02-01 01:19:00,High
February,2,1,07:08,0.75,01/02/2024,2024-02-01 07:08:00,Low
February,2,1,13:06,1.47,01/02/2024,2024-02-01 13:06:00,High
February,2,1,19:28,0.57,01/02/2024,2024-02-01 19:28:00,Low
February,2,2,02:04,1.46,02/02/2024,2024-02-02 02:04:00,High
February,2,2,08:03,0.79,02/02/2024,2024-02-02 08:03:00,Low
February,2,2,13:51,1.36,02/02/2024,2024-02-02 13:51:00,High
February,2,2,20:05,0.63,02/02/2024,2024-02-02 20:05:00,Low
February,2,3,02:54,1.48,03/02/2024,2024-02-03 02:54:00,High
February,2,3,09:11,0.81,03/02/2024,2024-02-03 09:11:00,Low
February,2,3,14:49,1.25,03/02/2024,2024-02-03 14:49:00,High
February,2,3,20:51,0.68,03/02/2024,2024-02-03 20:51:00,Low
February,2,4,03:52,1.51,04/02/2024,2024-02-04 03:52:00,High
February,2,4,10:31,0.79,04/02/2024,2024-02-04 10:31:00,Low
February,2,4,16:07,1.18,04/02/2024,2024-02-04 16:07:00,High
February,2,4,21:51,0.72,04/02/2024,2024-02-04 21:51:00,Low
February,2,5,04:54,1.57,05/02/2024,2024-02-05 04:54:00,High
February,2,5,11:50,0.71,05/02/2024,2024-02-05 11:50:00,Low
February,2,5,17:31,1.18,05/02/2024,2024-02-05 17:31:00,High
February,2,5,23:00,0.72,05/02/2024,2024-02-05 23:00:00,Low
February,2,6,05:56,1.67,06/02/2024,2024-02-06 05:56:00,High
February,2,6,12:56,0.59,06/02/2024,2024-02-06 12:56:00,Low
February,2,6,18:44,1.23,06/02/2024,2024-02-06 18:44:00,High
February,2,7,00:06,0.68,07/02/2024,2024-02-07 00:06:00,Low
February,2,7,06:53,1.78,07/02/2024,2024-02-07 06:53:00,High
February,2,7,13:49,0.46,07/02/2024,2024-02-07 13:49:00,Low
February,2,7,19:42,1.3,07/02/2024,2024-02-07 19:42:00,High
February,2,8,01:05,0.6,08/02/2024,2024-02-08 01:05:00,Low
February,2,8,07:46,1.91,08/02/2024,2024-02-08 07:46:00,High
February,2,8,14:37,0.34,08/02/2024,2024-02-08 14:37:00,Low
February,2,8,20:33,1.39,08/02/2024,2024-02-08 20:33:00,High
February,2,9,02:00,0.52,09/02/2024,2024-02-09 02:00:00,Low
February,2,9,08:38,2.02,09/02/2024,2024-02-09 08:38:00,High
February,2,9,15:22,0.24,09/02/2024,2024-02-09 15:22:00,Low
February,2,9,21:22,1.48,09/02/2024,2024-02-09 21:22:00,High
February,2,10,02:51,0.44,10/02/2024,2024-02-10 02:51:00,Low
February,2,10,09:27,2.08,10/02/2024,2024-02-10 09:27:00,High
February,2,10,16:05,0.17,10/02/2024,2024-02-10 16:05:00,Low
February,2,10,22:09,1.56,10/02/2024,2024-02-10 22:09:00,High
February,2,11,03:43,0.39,11/02/2024,2024-02-11 03:43:00,Low
February,2,11,10:15,2.09,11/02/2024,2024-02-11 10:15:00,High
February,2,11,16:48,0.16,11/02/2024,2024-02-11 16:48:00,Low
February,2,11,22:55,1.62,11/02/2024,2024-02-11 22:55:00,High
February,2,12,04:36,0.38,12/02/2024,2024-02-12 04:36:00,Low
February,2,12,11:02,2.03,12/02/2024,2024-02-12 11:02:00,High
February,2,12,17:30,0.19,12/02/2024,2024-02-12 17:30:00,Low
February,2,12,23:42,1.67,12/02/2024,2024-02-12 23:42:00,High
February,2,13,05:30,0.41,13/02/2024,2024-02-13 05:30:00,Low
February,2,13,11:50,1.9,13/02/2024,2024-02-13 11:50:00,High
February,2,13,18:13,0.27,13/02/2024,2024-02-13 18:13:00,Low
February,2,14,00:30,1.69,14/02/2024,2024-02-14 00:30:00,High
February,2,14,06:27,0.47,14/02/2024,2024-02-14 06:27:00,Low
February,2,14,12:39,1.73,14/02/2024,2024-02-14 12:39:00,High
February,2,14,18:55,0.37,14/02/2024,2024-02-14 18:55:00,Low
February,2,15,01:20,1.69,15/02/2024,2024-02-15 01:20:00,High
February,2,15,07:29,0.56,15/02/2024,2024-02-15 07:29:00,Low
February,2,15,13:30,1.52,15/02/2024,2024-02-15 13:30:00,High
February,2,15,19:38,0.5,15/02/2024,2024-02-15 19:38:00,Low
February,2,16,02:13,1.68,16/02/2024,2024-02-16 02:13:00,High
February,2,16,08:38,0.64,16/02/2024,2024-02-16 08:38:00,Low
February,2,16,14:29,1.33,16/02/2024,2024-02-16 14:29:00,High
February,2,16,20:26,0.62,16/02/2024,2024-02-16 20:26:00,Low
February,2,17,03:13,1.65,17/02/2024,2024-02-17 03:13:00,High
February,2,17,09:59,0.68,17/02/2024,2024-02-17 09:59:00,Low
February,2,17,15:44,1.2,17/02/2024,2024-02-17 15:44:00,High
February,2,17,21:22,0.72,17/02/2024,2024-02-17 21:22:00,Low
February,2,18,04:18,1.63,18/02/2024,2024-02-18 04:18:00,High
February,2,18,11:25,0.68,18/02/2024,2024-02-18 11:25:00,Low
February,2,18,17:15,1.15,18/02/2024,2024-02-18 17:15:00,High
February,2,18,22:30,0.78,18/02/2024,2024-02-18 22:30:00,Low
February,2,19,05:26,1.64,19/02/2024,2024-02-19 05:26:00,High
February,2,19,12:40,0.63,19/02/2024,2024-02-19 12:40:00,Low
February,2,19,18:34,1.17,19/02/2024,2024-02-19 18:34:00,High
February,2,19,23:42,0.78,19/02/2024,2024-02-19 23:42:00,Low
February,2,20,06:29,1.67,20/02/2024,2024-02-20 06:29:00,High
February,2,20,13:33,0.58,20/02/2024,2024-02-20 13:33:00,Low
February,2,20,19:30,1.24,20/02/2024,2024-02-20 19:30:00,High
February,2,21,00:44,0.74,21/02/2024,2024-02-21 00:44:00,Low
February,2,21,07:21,1.7,21/02/2024,2024-02-21 07:21:00,High
February,2,21,14:15,0.53,21/02/2024,2024-02-21 14:15:00,Low
February,2,21,20:13,1.31,21/02/2024,2024-02-21 20:13:00,High
February,2,22,01:34,0.69,22/02/2024,2024-02-22 01:34:00,Low
February,2,22,08:05,1.74,22/02/2024,2024-02-22 08:05:00,High
February,2,22,14:49,0.48,22/02/2024,2024-02-22 14:49:00,Low
February,2,22,20:48,1.37,22/02/2024,2024-02-22 20:48:00,High
February,2,23,02:15,0.64,23/02/2024,2024-02-23 02:15:00,Low
February,2,23,08:45,1.77,23/02/2024,2024-02-23 08:45:00,High
February,2,23,15:20,0.45,23/02/2024,2024-02-23 15:20:00,Low
February,2,23,21:22,1.42,23/02/2024,2024-02-23 21:22:00,High
February,2,24,02:53,0.6,24/02/2024,2024-02-24 02:53:00,Low
February,2,24,09:19,1.78,24/02/2024,2024-02-24 09:19:00,High
February,2,24,15:49,0.43,24/02/2024,2024-02-24 15:49:00,Low
February,2,24,21:53,1.46,24/02/2024,2024-02-24 21:53:00,High
February,2,25,03:29,0.57,25/02/2024,2024-02-25 03:29:00,Low
February,2,25,09:52,1.78,25/02/2024,2024-02-25 09:52:00,High
February,2,25,16:17,0.43,25/02/2024,2024-02-25 16:17:00,Low
February,2,25,22:24,1.5,25/02/2024,2024-02-25 22:24:00,High
February,2,26,04:03,0.56,26/02/2024,2024-02-26 04:03:00,Low
February,2,26,10:23,1.75,26/02/2024,2024-02-26 10:23:00,High
February,2,26,16:44,0.44,26/02/2024,2024-02-26 16:44:00,Low
February,2,26,22:54,1.53,26/02/2024,2024-02-26 22:54:00,High
February,2,27,04:40,0.57,27/02/2024,2024-02-27 04:40:00,Low
February,2,27,10:55,1.69,27/02/2024,2024-02-27 10:55:00,High
February,2,27,17:10,0.46,27/02/2024,2024-02-27 17:10:00,Low
February,2,27,23:26,1.56,27/02/2024,2024-02-27 23:26:00,High
February,2,28,05:17,0.6,28/02/2024,2024-02-28 05:17:00,Low
February,2,28,11:28,1.62,28/02/2024,2024-02-28 11:28:00,High
February,2,28,17:37,0.5,28/02/2024,2024-02-28 17:37:00,Low
February,2,28,23:58,1.57,28/02/2024,2024-02-28 23:58:00,High
February,2,29,05:59,0.63,29/02/2024,2024-02-29 05:59:00,Low
February,2,29,12:01,1.52,29/02/2024,2024-02-29 12:01:00,High
February,2,29,18:05,0.55,29/02/2024,2024-02-29 18:05:00,Low
March,3,1,00:33,1.58,01/03/2024,2024-03-01 00:33:00,High
March,3,1,06:43,0.68,01/03/2024,2024-03-01 06:43:00,Low
March,3,1,12:39,1.42,01/03/2024,2024-03-01 12:39:00,High
March,3,1,18:35,0.62,01/03/2024,2024-03-01 18:35:00,Low
March,3,2,01:13,1.57,02/03/2024,2024-03-02 01:13:00,High
March,3,2,07:35,0.72,02/03/2024,2024-03-02 07:35:00,Low
March,3,2,13:23,1.31,02/03/2024,2024-03-02 13:23:00,High
March,3,2,19:10,0.69,02/03/2024,2024-03-02 19:10:00,Low
March,3,3,02:00,1.56,03/03/2024,2024-03-03 02:00:00,High
March,3,3,08:39,0.75,03/03/2024,2024-03-03 08:39:00,Low
March,3,3,14:22,1.22,03/03/2024,2024-03-03 14:22:00,High
March,3,3,19:58,0.76,03/03/2024,2024-03-03 19:58:00,Low
March,3,4,03:00,1.55,04/03/2024,2024-03-04 03:00:00,High
March,3,4,09:59,0.74,04/03/2024,2024-03-04 09:59:00,Low
March,3,4,15:45,1.17,04/03/2024,2024-03-04 15:45:00,High
March,3,4,21:09,0.8,04/03/2024,2024-03-04 21:09:00,Low
March,3,5,04:14,1.58,05/03/2024,2024-03-05 04:14:00,High
March,3,5,11:21,0.68,05/03/2024,2024-03-05 11:21:00,Low
March,3,5,17:16,1.19,05/03/2024,2024-03-05 17:16:00,High
March,3,5,22:35,0.79,05/03/2024,2024-03-05 22:35:00,Low
March,3,6,05:27,1.67,06/03/2024,2024-03-06 05:27:00,High
March,3,6,12:29,0.56,06/03/2024,2024-03-06 12:29:00,Low
March,3,6,18:30,1.27,06/03/2024,2024-03-06 18:30:00,High
March,3,6,23:51,0.72,06/03/2024,2024-03-06 23:51:00,Low
March,3,7,06:30,1.79,07/03/2024,2024-03-07 06:30:00,High
March,3,7,13:23,0.44,07/03/2024,2024-03-07 13:23:00,Low
March,3,7,19:25,1.39,07/03/2024,2024-03-07 19:25:00,High
March,3,8,00:53,0.61,08/03/2024,2024-03-08 00:53:00,Low
March,3,8,07:27,1.91,08/03/2024,2024-03-08 07:27:00,High
March,3,8,14:10,0.32,08/03/2024,2024-03-08 14:10:00,Low
March,3,8,20:14,1.51,08/03/2024,2024-03-08 20:14:00,High
March,3,9,01:48,0.49,09/03/2024,2024-03-09 01:48:00,Low
March,3,9,08:17,2,09/03/2024,2024-03-09 08:17:00,High
March,3,9,14:53,0.23,09/03/2024,2024-03-09 14:53:00,Low
March,3,9,21:00,1.62,09/03/2024,2024-03-09 21:00:00,High
March,3,10,02:41,0.4,10/03/2024,2024-03-10 02:41:00,Low
March,3,10,09:07,2.04,10/03/2024,2024-03-10 09:07:00,High
March,3,10,15:35,0.19,10/03/2024,2024-03-10 15:35:00,Low
March,3,10,21:45,1.73,10/03/2024,2024-03-10 21:45:00,High
March,3,11,03:32,0.34,11/03/2024,2024-03-11 03:32:00,Low
March,3,11,09:56,2.01,11/03/2024,2024-03-11 09:56:00,High
March,3,11,16:16,0.2,11/03/2024,2024-03-11 16:16:00,Low
March,3,11,22:29,1.81,11/03/2024,2024-03-11 22:29:00,High
March,3,12,04:26,0.33,12/03/2024,2024-03-12 04:26:00,Low
March,3,12,10:44,1.91,12/03/2024,2024-03-12 10:44:00,High
March,3,12,16:57,0.26,12/03/2024,2024-03-12 16:57:00,Low
March,3,12,23:15,1.85,12/03/2024,2024-03-12 23:15:00,High
March,3,13,05:21,0.36,13/03/2024,2024-03-13 05:21:00,Low
March,3,13,11:32,1.76,13/03/2024,2024-03-13 11:32:00,High
March,3,13,17:37,0.37,13/03/2024,2024-03-13 17:37:00,Low
March,3,14,00:00,1.86,14/03/2024,2024-03-14 00:00:00,High
March,3,14,06:18,0.43,14/03/2024,2024-03-14 06:18:00,Low
March,3,14,12:23,1.58,14/03/2024,2024-03-14 12:23:00,High
March,3,14,18:17,0.5,14/03/2024,2024-03-14 18:17:00,Low
March,3,15,00:47,1.82,15/03/2024,2024-03-15 00:47:00,High
March,3,15,07:19,0.52,15/03/2024,2024-03-15 07:19:00,Low
March,3,15,13:16,1.4,15/03/2024,2024-03-15 13:16:00,High
March,3,15,19:00,0.63,15/03/2024,2024-03-15 19:00:00,Low
March,3,16,01:38,1.76,16/03/2024,2024-03-16 01:38:00,High
March,3,16,08:28,0.6,16/03/2024,2024-03-16 08:28:00,Low
March,3,16,14:19,1.25,16/03/2024,2024-03-16 14:19:00,High
March,3,16,19:47,0.76,16/03/2024,2024-03-16 19:47:00,Low
March,3,17,02:35,1.68,17/03/2024,2024-03-17 02:35:00,High
March,3,17,09:44,0.66,17/03/2024,2024-03-17 09:44:00,Low
March,3,17,15:39,1.17,17/03/2024,2024-03-17 15:39:00,High
March,3,17,20:50,0.85,17/03/2024,2024-03-17 20:50:00,Low
March,3,18,03:44,1.61,18/03/2024,2024-03-18 03:44:00,High
March,3,18,11:02,0.68,18/03/2024,2024-03-18 11:02:00,Low
March,3,18,17:12,1.17,18/03/2024,2024-03-18 17:12:00,High
March,3,18,22:11,0.89,18/03/2024,2024-03-18 22:11:00,Low
March,3,19,04:58,1.58,19/03/2024,2024-03-19 04:58:00,High
March,3,19,12:10,0.66,19/03/2024,2024-03-19 12:10:00,Low
March,3,19,18:21,1.23,19/03/2024,2024-03-19 18:21:00,High
March,3,19,23:30,0.86,19/03/2024,2024-03-19 23:30:00,Low
March,3,20,06:03,1.6,20/03/2024,2024-03-20 06:03:00,High
March,3,20,13:00,0.62,20/03/2024,2024-03-20 13:00:00,Low
March,3,20,19:08,1.31,20/03/2024,2024-03-20 19:08:00,High
March,3,21,00:32,0.8,21/03/2024,2024-03-21 00:32:00,Low
March,3,21,06:56,1.63,21/03/2024,2024-03-21 06:56:00,High
March,3,21,13:40,0.58,21/03/2024,2024-03-21 13:40:00,Low
March,3,21,19:46,1.39,21/03/2024,2024-03-21 19:46:00,High
March,3,22,01:20,0.73,22/03/2024,2024-03-22 01:20:00,Low
March,3,22,07:39,1.67,22/03/2024,2024-03-22 07:39:00,High
March,3,22,14:13,0.54,22/03/2024,2024-03-22 14:13:00,Low
March,3,22,20:20,1.46,22/03/2024,2024-03-22 20:20:00,High
March,3,23,02:00,0.66,23/03/2024,2024-03-23 02:00:00,Low
March,3,23,08:15,1.7,23/03/2024,2024-03-23 08:15:00,High
March,3,23,14:42,0.5,23/03/2024,2024-03-23 14:42:00,Low
March,3,23,20:51,1.53,23/03/2024,2024-03-23 20:51:00,High
March,3,24,02:36,0.61,24/03/2024,2024-03-24 02:36:00,Low
March,3,24,08:50,1.7,24/03/2024,2024-03-24 08:50:00,High
March,3,24,15:09,0.49,24/03/2024,2024-03-24 15:09:00,Low
March,3,24,21:21,1.58,24/03/2024,2024-03-24 21:21:00,High
March,3,25,03:12,0.58,25/03/2024,2024-03-25 03:12:00,Low
March,3,25,09:23,1.69,25/03/2024,2024-03-25 09:23:00,High
March,3,25,15:35,0.48,25/03/2024,2024-03-25 15:35:00,Low
March,3,25,21:50,1.64,25/03/2024,2024-03-25 21:50:00,High
March,3,26,03:46,0.56,26/03/2024,2024-03-26 03:46:00,Low
March,3,26,09:56,1.66,26/03/2024,2024-03-26 09:56:00,High
March,3,26,16:00,0.5,26/03/2024,2024-03-26 16:00:00,Low
March,3,26,22:19,1.69,26/03/2024,2024-03-26 22:19:00,High
March,3,27,04:23,0.55,27/03/2024,2024-03-27 04:23:00,Low
March,3,27,10:30,1.6,27/03/2024,2024-03-27 10:30:00,High
March,3,27,16:27,0.53,27/03/2024,2024-03-27 16:27:00,Low
March,3,27,22:49,1.72,27/03/2024,2024-03-27 22:49:00,High
March,3,28,05:01,0.56,28/03/2024,2024-03-28 05:01:00,Low
March,3,28,11:04,1.53,28/03/2024,2024-03-28 11:04:00,High
March,3,28,16:54,0.58,28/03/2024,2024-03-28 16:54:00,Low
March,3,28,23:21,1.73,28/03/2024,2024-03-28 23:21:00,High
March,3,29,05:43,0.59,29/03/2024,2024-03-29 05:43:00,Low
March,3,29,11:43,1.45,29/03/2024,2024-03-29 11:43:00,High
March,3,29,17:24,0.64,29/03/2024,2024-03-29 17:24:00,Low
March,3,29,23:56,1.72,29/03/2024,2024-03-29 23:56:00,High
March,3,30,06:28,0.62,30/03/2024,2024-03-30 06:28:00,Low
March,3,30,12:24,1.37,30/03/2024,2024-03-30 12:24:00,High
March,3,30,17:57,0.71,30/03/2024,2024-03-30 17:57:00,Low
March,3,31,00:35,1.69,31/03/2024,2024-03-31 00:35:00,High
March,3,31,07:19,0.66,31/03/2024,2024-03-31 07:19:00,Low
March,3,31,13:14,1.29,31/03/2024,2024-03-31 13:14:00,High
March,3,31,18:37,0.78,31/03/2024,2024-03-31 18:37:00,Low
April,4,1,01:24,1.65,01/04/2024,2024-04-01 01:24:00,High
April,4,1,08:22,0.69,01/04/2024,2024-04-01 08:22:00,Low
April,4,1,14:17,1.23,01/04/2024,2024-04-01 14:17:00,High
April,4,1,19:33,0.84,01/04/2024,2024-04-01 19:33:00,Low
April,4,2,02:27,1.62,02/04/2024,2024-04-02 02:27:00,High
April,4,2,09:38,0.68,02/04/2024,2024-04-02 09:38:00,Low
April,4,2,15:40,1.22,02/04/2024,2024-04-02 15:40:00,High
April,4,2,20:53,0.87,02/04/2024,2024-04-02 20:53:00,Low
April,4,3,03:45,1.64,03/04/2024,2024-04-03 03:45:00,High
April,4,3,10:53,0.63,03/04/2024,2024-04-03 10:53:00,Low
April,4,3,17:03,1.28,03/04/2024,2024-04-03 17:03:00,High
April,4,3,22:21,0.84,03/04/2024,2024-04-03 22:21:00,Low
April,4,4,05:01,1.7,04/04/2024,2024-04-04 05:01:00,High
April,4,4,11:57,0.53,04/04/2024,2024-04-04 11:57:00,Low
April,4,4,18:08,1.39,04/04/2024,2024-04-04 18:08:00,High
April,4,4,23:36,0.74,04/04/2024,2024-04-04 23:36:00,Low
April,4,5,06:06,1.8,05/04/2024,2024-04-05 06:06:00,High
April,4,5,12:48,0.43,05/04/2024,2024-04-05 12:48:00,Low
April,4,5,19:00,1.52,05/04/2024,2024-04-05 19:00:00,High
April,4,6,00:39,0.62,06/04/2024,2024-04-06 00:39:00,Low
April,4,6,07:02,1.88,06/04/2024,2024-04-06 07:02:00,High
April,4,6,13:35,0.34,06/04/2024,2024-04-06 13:35:00,Low
April,4,6,19:47,1.66,06/04/2024,2024-04-06 19:47:00,High
April,4,7,01:35,0.5,07/04/2024,2024-04-07 01:35:00,Low
April,4,7,06:54,1.92,07/04/2024,2024-04-07 06:54:00,High
April,4,7,13:18,0.29,07/04/2024,2024-04-07 13:18:00,Low
April,4,7,19:33,1.79,07/04/2024,2024-04-07 19:33:00,High
April,4,8,01:30,0.4,08/04/2024,2024-04-08 01:30:00,Low
April,4,8,07:45,1.91,08/04/2024,2024-04-08 07:45:00,High
April,4,8,13:59,0.29,08/04/2024,2024-04-08 13:59:00,Low
April,4,8,20:17,1.9,08/04/2024,2024-04-08 20:17:00,High
April,4,9,02:23,0.35,09/04/2024,2024-04-09 02:23:00,Low
April,4,9,08:35,1.84,09/04/2024,2024-04-09 08:35:00,High
April,4,9,14:40,0.33,09/04/2024,2024-04-09 14:40:00,Low
April,4,9,21:01,1.97,09/04/2024,2024-04-09 21:01:00,High
April,4,10,03:17,0.33,10/04/2024,2024-04-10 03:17:00,Low
April,4,10,09:26,1.72,10/04/2024,2024-04-10 09:26:00,High
April,4,10,15:20,0.41,10/04/2024,2024-04-10 15:20:00,Low
April,4,10,21:45,2,10/04/2024,2024-04-10 21:45:00,High
April,4,11,04:12,0.36,11/04/2024,2024-04-11 04:12:00,Low
April,4,11,10:17,1.59,11/04/2024,2024-04-11 10:17:00,High
April,4,11,16:01,0.52,11/04/2024,2024-04-11 16:01:00,Low
April,4,11,22:30,1.98,11/04/2024,2024-04-11 22:30:00,High
April,4,12,05:09,0.42,12/04/2024,2024-04-12 05:09:00,Low
April,4,12,11:11,1.45,12/04/2024,2024-04-12 11:11:00,High
April,4,12,16:43,0.65,12/04/2024,2024-04-12 16:43:00,Low
April,4,12,23:16,1.91,12/04/2024,2024-04-12 23:16:00,High
April,4,13,06:07,0.51,13/04/2024,2024-04-13 06:07:00,Low
April,4,13,12:07,1.33,13/04/2024,2024-04-13 12:07:00,High
April,4,13,17:27,0.77,13/04/2024,2024-04-13 17:27:00,Low
April,4,14,00:05,1.81,14/04/2024,2024-04-14 00:05:00,High
April,4,14,07:10,0.59,14/04/2024,2024-04-14 07:10:00,Low
April,4,14,13:10,1.25,14/04/2024,2024-04-14 13:10:00,High
April,4,14,18:18,0.87,14/04/2024,2024-04-14 18:18:00,Low
April,4,15,01:00,1.7,15/04/2024,2024-04-15 01:00:00,High
April,4,15,08:15,0.66,15/04/2024,2024-04-15 08:15:00,Low
April,4,15,14:24,1.22,15/04/2024,2024-04-15 14:24:00,High
April,4,15,19:25,0.93,15/04/2024,2024-04-15 19:25:00,Low
April,4,16,02:04,1.6,16/04/2024,2024-04-16 02:04:00,High
April,4,16,09:21,0.69,16/04/2024,2024-04-16 09:21:00,Low
April,4,16,15:42,1.25,16/04/2024,2024-04-16 15:42:00,High
April,4,16,20:44,0.95,16/04/2024,2024-04-16 20:44:00,Low
April,4,17,03:16,1.56,17/04/2024,2024-04-17 03:16:00,High
April,4,17,10:19,0.69,17/04/2024,2024-04-17 10:19:00,Low
April,4,17,16:43,1.31,17/04/2024,2024-04-17 16:43:00,High
April,4,17,22:00,0.92,17/04/2024,2024-04-17 22:00:00,Low
April,4,18,04:21,1.55,18/04/2024,2024-04-18 04:21:00,High
April,4,18,11:08,0.67,18/04/2024,2024-04-18 11:08:00,Low
April,4,18,17:29,1.39,18/04/2024,2024-04-18 17:29:00,High
April,4,18,23:03,0.85,18/04/2024,2024-04-18 23:03:00,Low
April,4,19,05:15,1.57,19/04/2024,2024-04-19 05:15:00,High
April,4,19,11:47,0.63,19/04/2024,2024-04-19 11:47:00,Low
April,4,19,18:07,1.47,19/04/2024,2024-04-19 18:07:00,High
April,4,19,23:54,0.78,19/04/2024,2024-04-19 23:54:00,Low
April,4,20,05:59,1.59,20/04/2024,2024-04-20 05:59:00,High
April,4,20,12:22,0.6,20/04/2024,2024-04-20 12:22:00,Low
April,4,20,18:42,1.56,20/04/2024,2024-04-20 18:42:00,High
April,4,21,00:36,0.71,21/04/2024,2024-04-21 00:36:00,Low
April,4,21,06:38,1.61,21/04/2024,2024-04-21 06:38:00,High
April,4,21,12:52,0.57,21/04/2024,2024-04-21 12:52:00,Low
April,4,21,19:14,1.64,21/04/2024,2024-04-21 19:14:00,High
April,4,22,01:15,0.65,22/04/2024,2024-04-22 01:15:00,Low
April,4,22,07:15,1.6,22/04/2024,2024-04-22 07:15:00,High
April,4,22,13:20,0.56,22/04/2024,2024-04-22 13:20:00,Low
April,4,22,19:44,1.71,22/04/2024,2024-04-22 19:44:00,High
April,4,23,01:52,0.6,23/04/2024,2024-04-23 01:52:00,Low
April,4,23,07:51,1.59,23/04/2024,2024-04-23 07:51:00,High
April,4,23,13:47,0.56,23/04/2024,2024-04-23 13:47:00,Low
April,4,23,20:14,1.77,23/04/2024,2024-04-23 20:14:00,High
April,4,24,02:30,0.56,24/04/2024,2024-04-24 02:30:00,Low
April,4,24,08:28,1.55,24/04/2024,2024-04-24 08:28:00,High
April,4,24,14:16,0.58,24/04/2024,2024-04-24 14:16:00,Low
April,4,24,20:45,1.82,24/04/2024,2024-04-24 20:45:00,High
April,4,25,03:07,0.54,25/04/2024,2024-04-25 03:07:00,Low
April,4,25,09:06,1.51,25/04/2024,2024-04-25 09:06:00,High
April,4,25,14:45,0.62,25/04/2024,2024-04-25 14:45:00,Low
April,4,25,21:17,1.85,25/04/2024,2024-04-25 21:17:00,High
April,4,26,03:47,0.53,26/04/2024,2024-04-26 03:47:00,Low
April,4,26,09:46,1.46,26/04/2024,2024-04-26 09:46:00,High
April,4,26,15:18,0.67,26/04/2024,2024-04-26 15:18:00,Low
April,4,26,21:52,1.86,26/04/2024,2024-04-26 21:52:00,High
April,4,27,04:30,0.55,27/04/2024,2024-04-27 04:30:00,Low
April,4,27,10:30,1.41,27/04/2024,2024-04-27 10:30:00,High
April,4,27,15:54,0.72,27/04/2024,2024-04-27 15:54:00,Low
April,4,27,22:30,1.83,27/04/2024,2024-04-27 22:30:00,High
April,4,28,05:17,0.57,28/04/2024,2024-04-28 05:17:00,Low
April,4,28,11:18,1.36,28/04/2024,2024-04-28 11:18:00,High
April,4,28,16:36,0.78,28/04/2024,2024-04-28 16:36:00,Low
April,4,28,23:15,1.8,28/04/2024,2024-04-28 23:15:00,High
April,4,29,06:11,0.6,29/04/2024,2024-04-29 06:11:00,Low
April,4,29,12:13,1.31,29/04/2024,2024-04-29 12:13:00,High
April,4,29,17:26,0.83,29/04/2024,2024-04-29 17:26:00,Low
April,4,30,00:06,1.75,30/04/2024,2024-04-30 00:06:00,High
April,4,30,07:13,0.62,30/04/2024,2024-04-30 07:13:00,Low
April,4,30,13:17,1.3,30/04/2024,2024-04-30 13:17:00,High
April,4,30,18:30,0.87,30/04/2024,2024-04-30 18:30:00,Low
May,5,1,01:10,1.71,01/05/2024,2024-05-01 01:10:00,High
May,5,1,08:19,0.61,01/05/2024,2024-05-01 08:19:00,Low
May,5,1,14:30,1.32,01/05/2024,2024-05-01 14:30:00,High
May,5,1,19:46,0.88,01/05/2024,2024-05-01 19:46:00,Low
May,5,2,02:23,1.71,02/05/2024,2024-05-02 02:23:00,High
May,5,2,09:23,0.57,02/05/2024,2024-05-02 09:23:00,Low
May,5,2,15:41,1.4,02/05/2024,2024-05-02 15:41:00,High
May,5,2,21:07,0.83,02/05/2024,2024-05-02 21:07:00,Low
May,5,3,03:35,1.73,03/05/2024,2024-05-03 03:35:00,High
May,5,3,10:19,0.5,03/05/2024,2024-05-03 10:19:00,Low
May,5,3,16:40,1.52,03/05/2024,2024-05-03 16:40:00,High
May,5,3,22:19,0.74,03/05/2024,2024-05-03 22:19:00,Low
May,5,4,04:39,1.77,04/05/2024,2024-05-04 04:39:00,High
May,5,4,11:10,0.44,04/05/2024,2024-05-04 11:10:00,Low
May,5,4,17:31,1.66,04/05/2024,2024-05-04 17:31:00,High
May,5,4,23:25,0.63,04/05/2024,2024-05-04 23:25:00,Low
May,5,5,05:36,1.78,05/05/2024,2024-05-05 05:36:00,High
May,5,5,11:56,0.41,05/05/2024,2024-05-05 11:56:00,Low
May,5,5,18:18,1.8,05/05/2024,2024-05-05 18:18:00,High
May,5,6,00:24,0.53,06/05/2024,2024-05-06 00:24:00,Low
May,5,6,06:30,1.76,06/05/2024,2024-05-06 06:30:00,High
May,5,6,12:39,0.4,06/05/2024,2024-05-06 12:39:00,Low
May,5,6,19:04,1.92,06/05/2024,2024-05-06 19:04:00,High
May,5,7,01:20,0.44,07/05/2024,2024-05-07 01:20:00,Low
May,5,7,07:24,1.71,07/05/2024,2024-05-07 07:24:00,High
May,5,7,13:21,0.43,07/05/2024,2024-05-07 13:21:00,Low
May,5,7,19:50,2.01,07/05/2024,2024-05-07 19:50:00,High
May,5,8,02:15,0.38,08/05/2024,2024-05-08 02:15:00,Low
May,5,8,08:17,1.64,08/05/2024,2024-05-08 08:17:00,High
May,5,8,14:03,0.49,08/05/2024,2024-05-08 14:03:00,Low
May,5,8,20:35,2.06,08/05/2024,2024-05-08 20:35:00,High
May,5,9,03:08,0.37,09/05/2024,2024-05-09 03:08:00,Low
May,5,9,09:11,1.55,09/05/2024,2024-05-09 09:11:00,High
May,5,9,14:46,0.57,09/05/2024,2024-05-09 14:46:00,Low
May,5,9,21:20,2.06,09/05/2024,2024-05-09 21:20:00,High
May,5,10,04:01,0.39,10/05/2024,2024-05-10 04:01:00,Low
May,5,10,10:04,1.46,10/05/2024,2024-05-10 10:04:00,High
May,5,10,15:30,0.66,10/05/2024,2024-05-10 15:30:00,Low
May,5,10,22:04,2.01,10/05/2024,2024-05-10 22:04:00,High
May,5,11,04:54,0.44,11/05/2024,2024-05-11 04:54:00,Low
May,5,11,10:58,1.39,11/05/2024,2024-05-11 10:58:00,High
May,5,11,16:15,0.75,11/05/2024,2024-05-11 16:15:00,Low
May,5,11,22:50,1.93,11/05/2024,2024-05-11 22:50:00,High
May,5,12,05:47,0.52,12/05/2024,2024-05-12 05:47:00,Low
May,5,12,11:51,1.33,12/05/2024,2024-05-12 11:51:00,High
May,5,12,17:01,0.83,12/05/2024,2024-05-12 17:01:00,Low
May,5,12,23:36,1.82,12/05/2024,2024-05-12 23:36:00,High
May,5,13,06:41,0.59,13/05/2024,2024-05-13 06:41:00,Low
May,5,13,12:47,1.3,13/05/2024,2024-05-13 12:47:00,High
May,5,13,17:53,0.9,13/05/2024,2024-05-13 17:53:00,Low
May,5,14,00:25,1.71,14/05/2024,2024-05-14 00:25:00,High
May,5,14,07:34,0.66,14/05/2024,2024-05-14 07:34:00,Low
May,5,14,13:46,1.29,14/05/2024,2024-05-14 13:46:00,High
May,5,14,18:53,0.94,14/05/2024,2024-05-14 18:53:00,Low
May,5,15,01:19,1.62,15/05/2024,2024-05-15 01:19:00,High
May,5,15,08:28,0.69,15/05/2024,2024-05-15 08:28:00,Low
May,5,15,14:48,1.32,15/05/2024,2024-05-15 14:48:00,High
May,5,15,20:02,0.96,15/05/2024,2024-05-15 20:02:00,Low
May,5,16,02:21,1.55,16/05/2024,2024-05-16 02:21:00,High
May,5,16,09:17,0.7,16/05/2024,2024-05-16 09:17:00,Low
May,5,16,15:46,1.37,16/05/2024,2024-05-16 15:46:00,High
May,5,16,21:14,0.94,16/05/2024,2024-05-16 21:14:00,Low
May,5,17,03:24,1.52,17/05/2024,2024-05-17 03:24:00,High
May,5,17,10:03,0.69,17/05/2024,2024-05-17 10:03:00,Low
May,5,17,16:36,1.45,17/05/2024,2024-05-17 16:36:00,High
May,5,17,22:20,0.89,17/05/2024,2024-05-17 22:20:00,Low
May,5,18,04:20,1.5,18/05/2024,2024-05-18 04:20:00,High
May,5,18,10:45,0.67,18/05/2024,2024-05-18 10:45:00,Low
May,5,18,17:18,1.53,18/05/2024,2024-05-18 17:18:00,High
May,5,18,23:17,0.83,18/05/2024,2024-05-18 23:17:00,Low
May,5,19,05:10,1.5,19/05/2024,2024-05-19 05:10:00,High
May,5,19,11:22,0.65,19/05/2024,2024-05-19 11:22:00,Low
May,5,19,17:56,1.62,19/05/2024,2024-05-19 17:56:00,High
May,5,20,00:07,0.75,20/05/2024,2024-05-20 00:07:00,Low
May,5,20,05:55,1.5,20/05/2024,2024-05-20 05:55:00,High
May,5,20,11:57,0.63,20/05/2024,2024-05-20 11:57:00,Low
May,5,20,18:30,1.71,20/05/2024,2024-05-20 18:30:00,High
May,5,21,00:50,0.68,21/05/2024,2024-05-21 00:50:00,Low
May,5,21,06:38,1.49,21/05/2024,2024-05-21 06:38:00,High
May,5,21,12:30,0.63,21/05/2024,2024-05-21 12:30:00,Low
May,5,21,19:04,1.79,21/05/2024,2024-05-21 19:04:00,High
May,5,22,01:31,0.61,22/05/2024,2024-05-22 01:31:00,Low
May,5,22,07:20,1.47,22/05/2024,2024-05-22 07:20:00,High
May,5,22,13:01,0.64,22/05/2024,2024-05-22 13:01:00,Low
May,5,22,19:38,1.86,22/05/2024,2024-05-22 19:38:00,High
May,5,23,02:11,0.55,23/05/2024,2024-05-23 02:11:00,Low
May,5,23,08:02,1.46,23/05/2024,2024-05-23 08:02:00,High
May,5,23,13:36,0.65,23/05/2024,2024-05-23 13:36:00,Low
May,5,23,20:14,1.91,23/05/2024,2024-05-23 20:14:00,High
May,5,24,02:51,0.51,24/05/2024,2024-05-24 02:51:00,Low
May,5,24,08:46,1.44,24/05/2024,2024-05-24 08:46:00,High
May,5,24,14:13,0.68,24/05/2024,2024-05-24 14:13:00,Low
May,5,24,20:51,1.94,24/05/2024,2024-05-24 20:51:00,High
May,5,25,03:33,0.49,25/05/2024,2024-05-25 03:33:00,Low
May,5,25,09:32,1.42,25/05/2024,2024-05-25 09:32:00,High
May,5,25,14:54,0.7,25/05/2024,2024-05-25 14:54:00,Low
May,5,25,21:31,1.94,25/05/2024,2024-05-25 21:31:00,High
May,5,26,04:18,0.49,26/05/2024,2024-05-26 04:18:00,Low
May,5,26,10:21,1.4,26/05/2024,2024-05-26 10:21:00,High
May,5,26,15:39,0.74,26/05/2024,2024-05-26 15:39:00,Low
May,5,26,22:15,1.92,26/05/2024,2024-05-26 22:15:00,High
May,5,27,05:07,0.5,27/05/2024,2024-05-27 05:07:00,Low
May,5,27,11:12,1.38,27/05/2024,2024-05-27 11:12:00,High
May,5,27,16:29,0.77,27/05/2024,2024-05-27 16:29:00,Low
May,5,27,23:03,1.89,27/05/2024,2024-05-27 23:03:00,High
May,5,28,06:00,0.52,28/05/2024,2024-05-28 06:00:00,Low
May,5,28,12:07,1.38,28/05/2024,2024-05-28 12:07:00,High
May,5,28,17:24,0.8,28/05/2024,2024-05-28 17:24:00,Low
May,5,28,23:57,1.84,28/05/2024,2024-05-28 23:57:00,High
May,5,29,06:57,0.53,29/05/2024,2024-05-29 06:57:00,Low
May,5,29,13:07,1.39,29/05/2024,2024-05-29 13:07:00,High
May,5,29,18:27,0.82,29/05/2024,2024-05-29 18:27:00,Low
May,5,30,00:56,1.79,30/05/2024,2024-05-30 00:56:00,High
May,5,30,07:53,0.52,30/05/2024,2024-05-30 07:53:00,Low
May,5,30,14:10,1.44,30/05/2024,2024-05-30 14:10:00,High
May,5,30,19:36,0.82,30/05/2024,2024-05-30 19:36:00,Low
May,5,31,02:00,1.73,31/05/2024,2024-05-31 02:00:00,High
May,5,31,08:48,0.51,31/05/2024,2024-05-31 08:48:00,Low
May,5,31,15:11,1.52,31/05/2024,2024-05-31 15:11:00,High
May,5,31,20:50,0.79,31/05/2024,2024-05-31 20:50:00,Low
June,6,1,03:07,1.69,01/06/2024,2024-06-01 03:07:00,High
June,6,1,09:41,0.5,01/06/2024,2024-06-01 09:41:00,Low
June,6,1,16:08,1.63,01/06/2024,2024-06-01 16:08:00,High
June,6,1,22:04,0.73,01/06/2024,2024-06-01 22:04:00,Low
June,6,2,04:12,1.65,02/06/2024,2024-06-02 04:12:00,High
June,6,2,10:30,0.49,02/06/2024,2024-06-02 10:30:00,Low
June,6,2,17:01,1.75,02/06/2024,2024-06-02 17:01:00,High
June,6,2,23:14,0.65,02/06/2024,2024-06-02 23:14:00,Low
June,6,3,05:13,1.6,03/06/2024,2024-06-03 05:13:00,High
June,6,3,11:16,0.5,03/06/2024,2024-06-03 11:16:00,Low
June,6,3,17:51,1.87,03/06/2024,2024-06-03 17:51:00,High
June,6,4,00:17,0.55,04/06/2024,2024-06-04 00:17:00,Low
June,6,4,06:11,1.55,04/06/2024,2024-06-04 06:11:00,High
June,6,4,12:01,0.52,04/06/2024,2024-06-04 12:01:00,Low
June,6,4,18:39,1.97,04/06/2024,2024-06-04 18:39:00,High
June,6,5,01:15,0.47,05/06/2024,2024-06-05 01:15:00,Low
June,6,5,07:08,1.51,05/06/2024,2024-06-05 07:08:00,High
June,6,5,12:47,0.56,05/06/2024,2024-06-05 12:47:00,Low
June,6,5,19:26,2.03,05/06/2024,2024-06-05 19:26:00,High
June,6,6,02:08,0.42,06/06/2024,2024-06-06 02:08:00,Low
June,6,6,08:04,1.46,06/06/2024,2024-06-06 08:04:00,High
June,6,6,13:33,0.61,06/06/2024,2024-06-06 13:33:00,Low
June,6,6,20:13,2.05,06/06/2024,2024-06-06 20:13:00,High
June,6,7,02:59,0.4,07/06/2024,2024-06-07 02:59:00,Low
June,6,7,08:59,1.43,07/06/2024,2024-06-07 08:59:00,High
June,6,7,14:19,0.66,07/06/2024,2024-06-07 14:19:00,Low
June,6,7,20:58,2.04,07/06/2024,2024-06-07 20:58:00,High
June,6,8,03:46,0.41,08/06/2024,2024-06-08 03:46:00,Low
June,6,8,09:49,1.4,08/06/2024,2024-06-08 09:49:00,High
June,6,8,15:05,0.71,08/06/2024,2024-06-08 15:05:00,Low
June,6,8,21:42,1.99,08/06/2024,2024-06-08 21:42:00,High
June,6,9,04:33,0.45,09/06/2024,2024-06-09 04:33:00,Low
June,6,9,10:38,1.37,09/06/2024,2024-06-09 10:38:00,High
June,6,9,15:50,0.76,09/06/2024,2024-06-09 15:50:00,Low
June,6,9,22:25,1.91,09/06/2024,2024-06-09 22:25:00,High
June,6,10,05:18,0.51,10/06/2024,2024-06-10 05:18:00,Low
June,6,10,11:24,1.35,10/06/2024,2024-06-10 11:24:00,High
June,6,10,16:36,0.8,10/06/2024,2024-06-10 16:36:00,Low
June,6,10,23:07,1.82,10/06/2024,2024-06-10 23:07:00,High
June,6,11,06:02,0.57,11/06/2024,2024-06-11 06:02:00,Low
June,6,11,12:10,1.34,11/06/2024,2024-06-11 12:10:00,High
June,6,11,17:23,0.85,11/06/2024,2024-06-11 17:23:00,Low
June,6,11,23:49,1.72,11/06/2024,2024-06-11 23:49:00,High
June,6,12,06:45,0.62,12/06/2024,2024-06-12 06:45:00,Low
June,6,12,12:58,1.34,12/06/2024,2024-06-12 12:58:00,High
June,6,12,18:15,0.89,12/06/2024,2024-06-12 18:15:00,Low
June,6,13,00:33,1.63,13/06/2024,2024-06-13 00:33:00,High
June,6,13,07:29,0.66,13/06/2024,2024-06-13 07:29:00,Low
June,6,13,13:47,1.37,13/06/2024,2024-06-13 13:47:00,High
June,6,13,19:14,0.92,13/06/2024,2024-06-13 19:14:00,Low
June,6,14,01:23,1.54,14/06/2024,2024-06-14 01:23:00,High
June,6,14,08:13,0.67,14/06/2024,2024-06-14 08:13:00,Low
June,6,14,14:42,1.41,14/06/2024,2024-06-14 14:42:00,High
June,6,14,20:21,0.92,14/06/2024,2024-06-14 20:21:00,Low
June,6,15,02:19,1.47,15/06/2024,2024-06-15 02:19:00,High
June,6,15,08:57,0.68,15/06/2024,2024-06-15 08:57:00,Low
June,6,15,15:34,1.47,15/06/2024,2024-06-15 15:34:00,High
June,6,15,21:30,0.9,15/06/2024,2024-06-15 21:30:00,Low
June,6,16,03:20,1.42,16/06/2024,2024-06-16 03:20:00,High
June,6,16,09:41,0.68,16/06/2024,2024-06-16 09:41:00,Low
June,6,16,16:23,1.55,16/06/2024,2024-06-16 16:23:00,High
June,6,16,22:38,0.85,16/06/2024,2024-06-16 22:38:00,Low
June,6,17,04:19,1.38,17/06/2024,2024-06-17 04:19:00,High
June,6,17,10:22,0.68,17/06/2024,2024-06-17 10:22:00,Low
June,6,17,17:07,1.64,17/06/2024,2024-06-17 17:07:00,High
June,6,17,23:36,0.77,17/06/2024,2024-06-17 23:36:00,Low
June,6,18,05:15,1.37,18/06/2024,2024-06-18 05:15:00,High
June,6,18,11:03,0.68,18/06/2024,2024-06-18 11:03:00,Low
June,6,18,17:47,1.72,18/06/2024,2024-06-18 17:47:00,High
June,6,19,00:26,0.68,19/06/2024,2024-06-19 00:26:00,Low
June,6,19,06:06,1.37,19/06/2024,2024-06-19 06:06:00,High
June,6,19,11:43,0.68,19/06/2024,2024-06-19 11:43:00,Low
June,6,19,18:27,1.8,19/06/2024,2024-06-19 18:27:00,High
June,6,20,01:10,0.59,20/06/2024,2024-06-20 01:10:00,Low
June,6,20,06:55,1.37,20/06/2024,2024-06-20 06:55:00,High
June,6,20,12:24,0.67,20/06/2024,2024-06-20 12:24:00,Low
June,6,20,19:07,1.88,20/06/2024,2024-06-20 19:07:00,High
June,6,21,01:53,0.51,21/06/2024,2024-06-21 01:53:00,Low
June,6,21,07:43,1.38,21/06/2024,2024-06-21 07:43:00,High
June,6,21,13:06,0.66,21/06/2024,2024-06-21 13:06:00,Low
June,6,21,19:49,1.94,21/06/2024,2024-06-21 19:49:00,High
June,6,22,02:35,0.45,22/06/2024,2024-06-22 02:35:00,Low
June,6,22,08:30,1.4,22/06/2024,2024-06-22 08:30:00,High
June,6,22,13:51,0.66,22/06/2024,2024-06-22 13:51:00,Low
June,6,22,20:32,1.98,22/06/2024,2024-06-22 20:32:00,High
June,6,23,03:19,0.41,23/06/2024,2024-06-23 03:19:00,Low
June,6,23,09:19,1.41,23/06/2024,2024-06-23 09:19:00,High
June,6,23,14:39,0.65,23/06/2024,2024-06-23 14:39:00,Low
June,6,23,21:17,2.01,23/06/2024,2024-06-23 21:17:00,High
June,6,24,04:04,0.39,24/06/2024,2024-06-24 04:04:00,Low
June,6,24,10:08,1.43,24/06/2024,2024-06-24 10:08:00,High
June,6,24,15:29,0.65,24/06/2024,2024-06-24 15:29:00,Low
June,6,24,22:04,2,24/06/2024,2024-06-24 22:04:00,High
June,6,25,04:52,0.38,25/06/2024,2024-06-25 04:52:00,Low
June,6,25,10:59,1.44,25/06/2024,2024-06-25 10:59:00,High
June,6,25,16:21,0.66,25/06/2024,2024-06-25 16:21:00,Low
June,6,25,22:53,1.96,25/06/2024,2024-06-25 22:53:00,High
June,6,26,05:41,0.39,26/06/2024,2024-06-26 05:41:00,Low
June,6,26,11:50,1.46,26/06/2024,2024-06-26 11:50:00,High
June,6,26,17:16,0.68,26/06/2024,2024-06-26 17:16:00,Low
June,6,26,23:43,1.89,26/06/2024,2024-06-26 23:43:00,High
June,6,27,06:30,0.41,27/06/2024,2024-06-27 06:30:00,Low
June,6,27,12:45,1.49,27/06/2024,2024-06-27 12:45:00,High
June,6,27,18:17,0.71,27/06/2024,2024-06-27 18:17:00,Low
June,6,28,00:37,1.79,28/06/2024,2024-06-28 00:37:00,High
June,6,28,07:20,0.45,28/06/2024,2024-06-28 07:20:00,Low
June,6,28,13:42,1.54,28/06/2024,2024-06-28 13:42:00,High
June,6,28,19:23,0.74,28/06/2024,2024-06-28 19:23:00,Low
June,6,29,01:35,1.67,29/06/2024,2024-06-29 01:35:00,High
June,6,29,08:10,0.48,29/06/2024,2024-06-29 08:10:00,Low
June,6,29,14:40,1.61,29/06/2024,2024-06-29 14:40:00,High
June,6,29,20:37,0.74,29/06/2024,2024-06-29 20:37:00,Low
June,6,30,02:41,1.55,30/06/2024,2024-06-30 02:41:00,High
June,6,30,09:00,0.52,30/06/2024,2024-06-30 09:00:00,Low
June,6,30,15:38,1.69,30/06/2024,2024-06-30 15:38:00,High
June,6,30,21:55,0.71,30/06/2024,2024-06-30 21:55:00,Low
July,7,1,03:49,1.45,01/07/2024,2024-07-01 03:49:00,High
July,7,1,09:51,0.56,01/07/2024,2024-07-01 09:51:00,Low
July,7,1,16:34,1.78,01/07/2024,2024-07-01 16:34:00,High
July,7,1,23:11,0.64,01/07/2024,2024-07-01 23:11:00,Low
July,7,2,04:59,1.39,02/07/2024,2024-07-02 04:59:00,High
July,7,2,10:43,0.6,02/07/2024,2024-07-02 10:43:00,Low
July,7,2,17:29,1.86,02/07/2024,2024-07-02 17:29:00,High
July,7,3,00:16,0.55,03/07/2024,2024-07-03 00:16:00,Low
July,7,3,06:03,1.36,03/07/2024,2024-07-03 06:03:00,High
July,7,3,11:35,0.62,03/07/2024,2024-07-03 11:35:00,Low
July,7,3,18:20,1.92,03/07/2024,2024-07-03 18:20:00,High
July,7,4,01:13,0.48,04/07/2024,2024-07-04 01:13:00,Low
July,7,4,07:02,1.35,04/07/2024,2024-07-04 07:02:00,High
July,7,4,12:26,0.64,04/07/2024,2024-07-04 12:26:00,Low
July,7,4,19:10,1.96,04/07/2024,2024-07-04 19:10:00,High
July,7,5,02:01,0.43,05/07/2024,2024-07-05 02:01:00,Low
July,7,5,07:57,1.36,05/07/2024,2024-07-05 07:57:00,High
July,7,5,13:15,0.65,05/07/2024,2024-07-05 13:15:00,Low
July,7,5,19:57,1.97,05/07/2024,2024-07-05 19:57:00,High
July,7,6,02:45,0.4,06/07/2024,2024-07-06 02:45:00,Low
July,7,6,08:45,1.37,06/07/2024,2024-07-06 08:45:00,High
July,7,6,14:02,0.66,06/07/2024,2024-07-06 14:02:00,Low
July,7,6,20:41,1.96,06/07/2024,2024-07-06 20:41:00,High
July,7,7,03:27,0.41,07/07/2024,2024-07-07 03:27:00,Low
July,7,7,09:30,1.38,07/07/2024,2024-07-07 09:30:00,High
July,7,7,14:46,0.67,07/07/2024,2024-07-07 14:46:00,Low
July,7,7,21:22,1.92,07/07/2024,2024-07-07 21:22:00,High
July,7,8,04:06,0.44,08/07/2024,2024-07-08 04:06:00,Low
July,7,8,10:10,1.38,08/07/2024,2024-07-08 10:10:00,High
July,7,8,15:29,0.69,08/07/2024,2024-07-08 15:29:00,Low
July,7,8,22:00,1.87,08/07/2024,2024-07-08 22:00:00,High
July,7,9,04:43,0.48,09/07/2024,2024-07-09 04:43:00,Low
July,7,9,10:49,1.38,09/07/2024,2024-07-09 10:49:00,High
July,7,9,16:10,0.71,09/07/2024,2024-07-09 16:10:00,Low
July,7,9,22:37,1.79,09/07/2024,2024-07-09 22:37:00,High
July,7,10,05:18,0.51,10/07/2024,2024-07-10 05:18:00,Low
July,7,10,11:28,1.38,10/07/2024,2024-07-10 11:28:00,High
July,7,10,16:52,0.75,10/07/2024,2024-07-10 16:52:00,Low
July,7,10,23:13,1.71,10/07/2024,2024-07-10 23:13:00,High
July,7,11,05:53,0.55,11/07/2024,2024-07-11 05:53:00,Low
July,7,11,12:09,1.39,11/07/2024,2024-07-11 12:09:00,High
July,7,11,17:38,0.79,11/07/2024,2024-07-11 17:38:00,Low
July,7,11,23:50,1.61,11/07/2024,2024-07-11 23:50:00,High
July,7,12,06:30,0.59,12/07/2024,2024-07-12 06:30:00,Low
July,7,12,12:52,1.41,12/07/2024,2024-07-12 12:52:00,High
July,7,12,18:30,0.83,12/07/2024,2024-07-12 18:30:00,Low
July,7,13,00:31,1.51,13/07/2024,2024-07-13 00:31:00,High
July,7,13,07:07,0.62,13/07/2024,2024-07-13 07:07:00,Low
July,7,13,13:40,1.44,13/07/2024,2024-07-13 13:40:00,High
July,7,13,19:31,0.86,13/07/2024,2024-07-13 19:31:00,Low
July,7,14,01:21,1.4,14/07/2024,2024-07-14 01:21:00,High
July,7,14,07:49,0.65,14/07/2024,2024-07-14 07:49:00,Low
July,7,14,14:31,1.48,14/07/2024,2024-07-14 14:31:00,High
July,7,14,20:42,0.86,14/07/2024,2024-07-14 20:42:00,Low
July,7,15,02:21,1.31,15/07/2024,2024-07-15 02:21:00,High
July,7,15,08:34,0.68,15/07/2024,2024-07-15 08:34:00,Low
July,7,15,15:25,1.54,15/07/2024,2024-07-15 15:25:00,High
July,7,15,21:57,0.83,15/07/2024,2024-07-15 21:57:00,Low
July,7,16,03:30,1.26,16/07/2024,2024-07-16 03:30:00,High
July,7,16,09:23,0.7,16/07/2024,2024-07-16 09:23:00,Low
July,7,16,16:17,1.6,16/07/2024,2024-07-16 16:17:00,High
July,7,16,23:05,0.75,16/07/2024,2024-07-16 23:05:00,Low
July,7,17,04:40,1.24,17/07/2024,2024-07-17 04:40:00,High
July,7,17,10:15,0.71,17/07/2024,2024-07-17 10:15:00,Low
July,7,17,17:08,1.68,17/07/2024,2024-07-17 17:08:00,High
July,7,18,00:01,0.65,18/07/2024,2024-07-18 00:01:00,Low
July,7,18,05:41,1.26,18/07/2024,2024-07-18 05:41:00,High
July,7,18,11:07,0.7,18/07/2024,2024-07-18 11:07:00,Low
July,7,18,17:57,1.77,18/07/2024,2024-07-18 17:57:00,High
July,7,19,00:50,0.55,19/07/2024,2024-07-19 00:50:00,Low
July,7,19,06:36,1.3,19/07/2024,2024-07-19 06:36:00,High
July,7,19,11:59,0.66,19/07/2024,2024-07-19 11:59:00,Low
July,7,19,18:44,1.86,19/07/2024,2024-07-19 18:44:00,High
July,7,20,01:34,0.45,20/07/2024,2024-07-20 01:34:00,Low
July,7,20,07:26,1.35,20/07/2024,2024-07-20 07:26:00,High
July,7,20,12:48,0.62,20/07/2024,2024-07-20 12:48:00,Low
July,7,20,19:30,1.95,20/07/2024,2024-07-20 19:30:00,High
July,7,21,02:17,0.36,21/07/2024,2024-07-21 02:17:00,Low
July,7,21,08:14,1.4,21/07/2024,2024-07-21 08:14:00,High
July,7,21,13:37,0.56,21/07/2024,2024-07-21 13:37:00,Low
July,7,21,20:16,2.02,21/07/2024,2024-07-21 20:16:00,High
July,7,22,03:00,0.29,22/07/2024,2024-07-22 03:00:00,Low
July,7,22,09:01,1.45,22/07/2024,2024-07-22 09:01:00,High
July,7,22,14:27,0.52,22/07/2024,2024-07-22 14:27:00,Low
July,7,22,21:03,2.05,22/07/2024,2024-07-22 21:03:00,High
July,7,23,03:44,0.26,23/07/2024,2024-07-23 03:44:00,Low
July,7,23,09:49,1.49,23/07/2024,2024-07-23 09:49:00,High
July,7,23,15:17,0.5,23/07/2024,2024-07-23 15:17:00,Low
July,7,23,21:49,2.04,23/07/2024,2024-07-23 21:49:00,High
July,7,24,04:29,0.25,24/07/2024,2024-07-24 04:29:00,Low
July,7,24,10:37,1.54,24/07/2024,2024-07-24 10:37:00,High
July,7,24,16:11,0.51,24/07/2024,2024-07-24 16:11:00,Low
July,7,24,22:37,1.98,24/07/2024,2024-07-24 22:37:00,High
July,7,25,05:13,0.27,25/07/2024,2024-07-25 05:13:00,Low
July,7,25,11:26,1.58,25/07/2024,2024-07-25 11:26:00,High
July,7,25,17:06,0.54,25/07/2024,2024-07-25 17:06:00,Low
July,7,25,23:25,1.85,25/07/2024,2024-07-25 23:25:00,High
July,7,26,05:58,0.33,26/07/2024,2024-07-26 05:58:00,Low
July,7,26,12:17,1.61,26/07/2024,2024-07-26 12:17:00,High
July,7,26,18:06,0.59,26/07/2024,2024-07-26 18:06:00,Low
July,7,27,00:16,1.69,27/07/2024,2024-07-27 00:16:00,High
July,7,27,06:44,0.41,27/07/2024,2024-07-27 06:44:00,Low
July,7,27,13:11,1.64,27/07/2024,2024-07-27 13:11:00,High
July,7,27,19:13,0.65,27/07/2024,2024-07-27 19:13:00,Low
July,7,28,01:14,1.52,28/07/2024,2024-07-28 01:14:00,High
July,7,28,07:31,0.5,28/07/2024,2024-07-28 07:31:00,Low
July,7,28,14:08,1.66,28/07/2024,2024-07-28 14:08:00,High
July,7,28,20:30,0.68,28/07/2024,2024-07-28 20:30:00,Low
July,7,29,02:21,1.36,29/07/2024,2024-07-29 02:21:00,High
July,7,29,08:23,0.58,29/07/2024,2024-07-29 08:23:00,Low
July,7,29,15:10,1.7,29/07/2024,2024-07-29 15:10:00,High
July,7,29,21:54,0.66,29/07/2024,2024-07-29 21:54:00,Low
July,7,30,03:40,1.25,30/07/2024,2024-07-30 03:40:00,High
July,7,30,09:20,0.65,30/07/2024,2024-07-30 09:20:00,Low
July,7,30,16:13,1.73,30/07/2024,2024-07-30 16:13:00,High
July,7,30,23:13,0.61,30/07/2024,2024-07-30 23:13:00,Low
July,7,31,04:59,1.22,31/07/2024,2024-07-31 04:59:00,High
July,7,31,10:22,0.68,31/07/2024,2024-07-31 10:22:00,Low
July,7,31,17:14,1.78,31/07/2024,2024-07-31 17:14:00,High
August,8,1,00:16,0.53,01/08/2024,2024-08-01 00:16:00,Low
August,8,1,06:06,1.24,01/08/2024,2024-08-01 06:06:00,High
August,8,1,11:22,0.68,01/08/2024,2024-08-01 11:22:00,Low
August,8,1,18:09,1.82,01/08/2024,2024-08-01 18:09:00,High
August,8,2,01:07,0.46,02/08/2024,2024-08-02 01:07:00,Low
August,8,2,07:00,1.28,02/08/2024,2024-08-02 07:00:00,High
August,8,2,12:17,0.65,02/08/2024,2024-08-02 12:17:00,Low
August,8,2,18:59,1.85,02/08/2024,2024-08-02 18:59:00,High
August,8,3,01:49,0.42,03/08/2024,2024-08-03 01:49:00,Low
August,8,3,07:46,1.33,03/08/2024,2024-08-03 07:46:00,High
August,8,3,13:06,0.62,03/08/2024,2024-08-03 13:06:00,Low
August,8,3,19:43,1.87,03/08/2024,2024-08-03 19:43:00,High
August,8,4,02:27,0.4,04/08/2024,2024-08-04 02:27:00,Low
August,8,4,08:27,1.37,04/08/2024,2024-08-04 08:27:00,High
August,8,4,13:49,0.6,04/08/2024,2024-08-04 13:49:00,Low
August,8,4,20:23,1.87,04/08/2024,2024-08-04 20:23:00,High
August,8,5,03:00,0.39,05/08/2024,2024-08-05 03:00:00,Low
August,8,5,09:03,1.39,05/08/2024,2024-08-05 09:03:00,High
August,8,5,14:29,0.59,05/08/2024,2024-08-05 14:29:00,Low
August,8,5,20:59,1.84,05/08/2024,2024-08-05 20:59:00,High
August,8,6,03:33,0.4,06/08/2024,2024-08-06 03:33:00,Low
August,8,6,09:39,1.41,06/08/2024,2024-08-06 09:39:00,High
August,8,6,15:07,0.59,06/08/2024,2024-08-06 15:07:00,Low
August,8,6,21:32,1.8,06/08/2024,2024-08-06 21:32:00,High
August,8,7,04:03,0.42,07/08/2024,2024-08-07 04:03:00,Low
August,8,7,10:13,1.43,07/08/2024,2024-08-07 10:13:00,High
August,8,7,15:45,0.61,07/08/2024,2024-08-07 15:45:00,Low
August,8,7,22:05,1.73,07/08/2024,2024-08-07 22:05:00,High
August,8,8,04:33,0.45,08/08/2024,2024-08-08 04:33:00,Low
August,8,8,10:47,1.45,08/08/2024,2024-08-08 10:47:00,High
August,8,8,16:24,0.65,08/08/2024,2024-08-08 16:24:00,Low
August,8,8,22:38,1.65,08/08/2024,2024-08-08 22:38:00,High
August,8,9,05:02,0.48,09/08/2024,2024-08-09 05:02:00,Low
August,8,9,11:23,1.47,09/08/2024,2024-08-09 11:23:00,High
August,8,9,17:07,0.69,09/08/2024,2024-08-09 17:07:00,Low
August,8,9,23:13,1.55,09/08/2024,2024-08-09 23:13:00,High
August,8,10,05:33,0.53,10/08/2024,2024-08-10 05:33:00,Low
August,8,10,12:01,1.48,10/08/2024,2024-08-10 12:01:00,High
August,8,10,17:55,0.73,10/08/2024,2024-08-10 17:55:00,Low
August,8,10,23:50,1.43,10/08/2024,2024-08-10 23:50:00,High
August,8,11,06:06,0.58,11/08/2024,2024-08-11 06:06:00,Low
August,8,11,12:44,1.49,11/08/2024,2024-08-11 12:44:00,High
August,8,11,18:51,0.77,11/08/2024,2024-08-11 18:51:00,Low
August,8,12,00:36,1.32,12/08/2024,2024-08-12 00:36:00,High
August,8,12,06:44,0.64,12/08/2024,2024-08-12 06:44:00,Low
August,8,12,13:32,1.5,12/08/2024,2024-08-12 13:32:00,High
August,8,12,19:59,0.79,12/08/2024,2024-08-12 19:59:00,Low
August,8,13,01:35,1.22,13/08/2024,2024-08-13 01:35:00,High
August,8,13,07:30,0.7,13/08/2024,2024-08-13 07:30:00,Low
August,8,13,14:29,1.51,13/08/2024,2024-08-13 14:29:00,High
August,8,13,21:18,0.78,13/08/2024,2024-08-13 21:18:00,Low
August,8,14,02:52,1.15,14/08/2024,2024-08-14 02:52:00,High
August,8,14,08:29,0.74,14/08/2024,2024-08-14 08:29:00,Low
August,8,14,15:31,1.55,14/08/2024,2024-08-14 15:31:00,High
August,8,14,22:35,0.71,14/08/2024,2024-08-14 22:35:00,Low
August,8,15,04:14,1.15,15/08/2024,2024-08-15 04:14:00,High
August,8,15,09:37,0.74,15/08/2024,2024-08-15 09:37:00,Low
August,8,15,16:34,1.63,15/08/2024,2024-08-15 16:34:00,High
August,8,15,23:37,0.6,15/08/2024,2024-08-15 23:37:00,Low
August,8,16,05:23,1.2,16/08/2024,2024-08-16 05:23:00,High
August,8,16,10:43,0.7,16/08/2024,2024-08-16 10:43:00,Low
August,8,16,17:31,1.73,16/08/2024,2024-08-16 17:31:00,High
August,8,17,00:28,0.48,17/08/2024,2024-08-17 00:28:00,Low
August,8,17,06:19,1.28,17/08/2024,2024-08-17 06:19:00,High
August,8,17,11:42,0.63,17/08/2024,2024-08-17 11:42:00,Low
August,8,17,18:23,1.85,17/08/2024,2024-08-17 18:23:00,High
August,8,18,01:12,0.36,18/08/2024,2024-08-18 01:12:00,Low
August,8,18,07:08,1.36,18/08/2024,2024-08-18 07:08:00,High
August,8,18,12:34,0.54,18/08/2024,2024-08-18 12:34:00,Low
August,8,18,19:11,1.95,18/08/2024,2024-08-18 19:11:00,High
August,8,19,01:53,0.26,19/08/2024,2024-08-19 01:53:00,Low
August,8,19,07:54,1.45,19/08/2024,2024-08-19 07:54:00,High
August,8,19,13:24,0.45,19/08/2024,2024-08-19 13:24:00,Low
August,8,19,19:58,2.03,19/08/2024,2024-08-19 19:58:00,High
August,8,20,02:34,0.18,20/08/2024,2024-08-20 02:34:00,Low
August,8,20,08:39,1.54,20/08/2024,2024-08-20 08:39:00,High
August,8,20,14:15,0.39,20/08/2024,2024-08-20 14:15:00,Low
August,8,20,20:44,2.05,20/08/2024,2024-08-20 20:44:00,High
August,8,21,03:15,0.15,21/08/2024,2024-08-21 03:15:00,Low
August,8,21,09:25,1.62,21/08/2024,2024-08-21 09:25:00,High
August,8,21,15:06,0.36,21/08/2024,2024-08-21 15:06:00,Low
August,8,21,21:30,2,21/08/2024,2024-08-21 21:30:00,High
August,8,22,03:58,0.17,22/08/2024,2024-08-22 03:58:00,Low
August,8,22,10:11,1.68,22/08/2024,2024-08-22 10:11:00,High
August,8,22,16:00,0.37,22/08/2024,2024-08-22 16:00:00,Low
August,8,22,22:18,1.89,22/08/2024,2024-08-22 22:18:00,High
August,8,23,04:39,0.23,23/08/2024,2024-08-23 04:39:00,Low
August,8,23,10:59,1.72,23/08/2024,2024-08-23 10:59:00,High
August,8,23,16:56,0.42,23/08/2024,2024-08-23 16:56:00,Low
August,8,23,23:07,1.72,23/08/2024,2024-08-23 23:07:00,High
August,8,24,05:22,0.32,24/08/2024,2024-08-24 05:22:00,Low
August,8,24,11:47,1.73,24/08/2024,2024-08-24 11:47:00,High
August,8,24,17:58,0.49,24/08/2024,2024-08-24 17:58:00,Low
August,8,25,00:00,1.53,25/08/2024,2024-08-25 00:00:00,High
August,8,25,06:06,0.44,25/08/2024,2024-08-25 06:06:00,Low
August,8,25,12:40,1.72,25/08/2024,2024-08-25 12:40:00,High
August,8,25,19:06,0.56,25/08/2024,2024-08-25 19:06:00,Low
August,8,26,01:00,1.34,26/08/2024,2024-08-26 01:00:00,High
August,8,26,06:55,0.57,26/08/2024,2024-08-26 06:55:00,Low
August,8,26,13:38,1.69,26/08/2024,2024-08-26 13:38:00,High
August,8,26,20:26,0.61,26/08/2024,2024-08-26 20:26:00,Low
August,8,27,02:15,1.2,27/08/2024,2024-08-27 02:15:00,High
August,8,27,07:52,0.67,27/08/2024,2024-08-27 07:52:00,Low
August,8,27,14:44,1.66,27/08/2024,2024-08-27 14:44:00,High
August,8,27,21:53,0.61,27/08/2024,2024-08-27 21:53:00,Low
August,8,28,03:44,1.14,28/08/2024,2024-08-28 03:44:00,High
August,8,28,09:01,0.73,28/08/2024,2024-08-28 09:01:00,Low
August,8,28,15:55,1.66,28/08/2024,2024-08-28 15:55:00,High
August,8,28,23:09,0.56,28/08/2024,2024-08-28 23:09:00,Low
August,8,29,05:05,1.17,29/08/2024,2024-08-29 05:05:00,High
August,8,29,10:15,0.74,29/08/2024,2024-08-29 10:15:00,Low
August,8,29,17:01,1.68,29/08/2024,2024-08-29 17:01:00,High
August,8,30,00:06,0.51,30/08/2024,2024-08-30 00:06:00,Low
August,8,30,06:03,1.23,30/08/2024,2024-08-30 06:03:00,High
August,8,30,11:18,0.7,30/08/2024,2024-08-30 11:18:00,Low
August,8,30,17:57,1.71,30/08/2024,2024-08-30 17:57:00,High
August,8,31,00:49,0.46,31/08/2024,2024-08-31 00:49:00,Low
August,8,31,06:48,1.3,31/08/2024,2024-08-31 06:48:00,High
August,8,31,12:13,0.64,31/08/2024,2024-08-31 12:13:00,Low
August,8,31,18:44,1.75,31/08/2024,2024-08-31 18:44:00,High
September,9,1,01:26,0.42,01/09/2024,2024-09-01 01:26:00,Low
September,9,1,07:27,1.36,01/09/2024,2024-09-01 07:27:00,High
September,9,1,12:57,0.59,01/09/2024,2024-09-01 12:57:00,Low
September,9,1,19:24,1.76,01/09/2024,2024-09-01 19:24:00,High
September,9,2,01:58,0.39,02/09/2024,2024-09-02 01:58:00,Low
September,9,2,08:01,1.41,02/09/2024,2024-09-02 08:01:00,High
September,9,2,13:36,0.55,02/09/2024,2024-09-02 13:36:00,Low
September,9,2,20:00,1.76,02/09/2024,2024-09-02 20:00:00,High
September,9,3,02:28,0.38,03/09/2024,2024-09-03 02:28:00,Low
September,9,3,08:34,1.46,03/09/2024,2024-09-03 08:34:00,High
September,9,3,14:12,0.53,03/09/2024,2024-09-03 14:12:00,Low
September,9,3,20:32,1.74,03/09/2024,2024-09-03 20:32:00,High
September,9,4,02:55,0.38,04/09/2024,2024-09-04 02:55:00,Low
September,9,4,09:05,1.5,04/09/2024,2024-09-04 09:05:00,High
September,9,4,14:48,0.52,04/09/2024,2024-09-04 14:48:00,Low
September,9,4,21:03,1.7,04/09/2024,2024-09-04 21:03:00,High
September,9,5,03:21,0.39,05/09/2024,2024-09-05 03:21:00,Low
September,9,5,09:36,1.53,05/09/2024,2024-09-05 09:36:00,High
September,9,5,15:25,0.53,05/09/2024,2024-09-05 15:25:00,Low
September,9,5,21:35,1.63,05/09/2024,2024-09-05 21:35:00,High
September,9,6,03:47,0.42,06/09/2024,2024-09-06 03:47:00,Low
September,9,6,10:08,1.56,06/09/2024,2024-09-06 10:08:00,High
September,9,6,16:03,0.56,06/09/2024,2024-09-06 16:03:00,Low
September,9,6,22:08,1.55,06/09/2024,2024-09-06 22:08:00,High
September,9,7,04:15,0.47,07/09/2024,2024-09-07 04:15:00,Low
September,9,7,10:41,1.57,07/09/2024,2024-09-07 10:41:00,High
September,9,7,16:45,0.59,07/09/2024,2024-09-07 16:45:00,Low
September,9,7,22:44,1.45,07/09/2024,2024-09-07 22:44:00,High
September,9,8,04:44,0.53,08/09/2024,2024-09-08 04:44:00,Low
September,9,8,11:15,1.57,08/09/2024,2024-09-08 11:15:00,High
September,9,8,17:30,0.63,08/09/2024,2024-09-08 17:30:00,Low
September,9,8,23:22,1.34,08/09/2024,2024-09-08 23:22:00,High
September,9,9,05:15,0.59,09/09/2024,2024-09-09 05:15:00,Low
September,9,9,11:55,1.56,09/09/2024,2024-09-09 11:55:00,High
September,9,9,18:21,0.68,09/09/2024,2024-09-09 18:21:00,Low
September,9,10,00:09,1.24,10/09/2024,2024-09-10 00:09:00,High
September,9,10,05:52,0.67,10/09/2024,2024-09-10 05:52:00,Low
September,9,10,12:41,1.53,10/09/2024,2024-09-10 12:41:00,High
September,9,10,19:26,0.71,10/09/2024,2024-09-10 19:26:00,Low
September,9,11,01:08,1.16,11/09/2024,2024-09-11 01:08:00,High
September,9,11,06:40,0.73,11/09/2024,2024-09-11 06:40:00,Low
September,9,11,13:39,1.51,11/09/2024,2024-09-11 13:39:00,High
September,9,11,20:45,0.71,11/09/2024,2024-09-11 20:45:00,Low
September,9,12,02:29,1.11,12/09/2024,2024-09-12 02:29:00,High
September,9,12,07:49,0.78,12/09/2024,2024-09-12 07:49:00,Low
September,9,12,14:50,1.53,12/09/2024,2024-09-12 14:50:00,High
September,9,12,22:03,0.64,12/09/2024,2024-09-12 22:03:00,Low
September,9,13,03:56,1.14,13/09/2024,2024-09-13 03:56:00,High
September,9,13,09:12,0.77,13/09/2024,2024-09-13 09:12:00,Low
September,9,13,16:02,1.6,13/09/2024,2024-09-13 16:02:00,High
September,9,13,23:07,0.54,13/09/2024,2024-09-13 23:07:00,Low
September,9,14,05:04,1.22,14/09/2024,2024-09-14 05:04:00,High
September,9,14,10:25,0.7,14/09/2024,2024-09-14 10:25:00,Low
September,9,14,17:05,1.71,14/09/2024,2024-09-14 17:05:00,High
September,9,14,23:57,0.41,14/09/2024,2024-09-14 23:57:00,Low
September,9,15,05:58,1.33,15/09/2024,2024-09-15 05:58:00,High
September,9,15,11:26,0.59,15/09/2024,2024-09-15 11:26:00,Low
September,9,15,17:59,1.83,15/09/2024,2024-09-15 17:59:00,High
September,9,16,00:41,0.29,16/09/2024,2024-09-16 00:41:00,Low
September,9,16,06:45,1.45,16/09/2024,2024-09-16 06:45:00,High
September,9,16,12:20,0.47,16/09/2024,2024-09-16 12:20:00,Low
September,9,16,18:48,1.92,16/09/2024,2024-09-16 18:48:00,High
September,9,17,01:22,0.2,17/09/2024,2024-09-17 01:22:00,Low
September,9,17,07:30,1.57,17/09/2024,2024-09-17 07:30:00,High
September,9,17,13:12,0.37,17/09/2024,2024-09-17 13:12:00,Low
September,9,17,19:35,1.97,17/09/2024,2024-09-17 19:35:00,High
September,9,18,02:02,0.14,18/09/2024,2024-09-18 02:02:00,Low
September,9,18,08:14,1.69,18/09/2024,2024-09-18 08:14:00,High
September,9,18,14:03,0.3,18/09/2024,2024-09-18 14:03:00,Low
September,9,18,20:23,1.95,18/09/2024,2024-09-18 20:23:00,High
September,9,19,02:43,0.14,19/09/2024,2024-09-19 02:43:00,Low
September,9,19,08:58,1.78,19/09/2024,2024-09-19 08:58:00,High
September,9,19,14:56,0.27,19/09/2024,2024-09-19 14:56:00,Low
September,9,19,21:11,1.86,19/09/2024,2024-09-19 21:11:00,High
September,9,20,03:23,0.18,20/09/2024,2024-09-20 03:23:00,Low
September,9,20,09:43,1.85,20/09/2024,2024-09-20 09:43:00,High
September,9,20,15:51,0.28,20/09/2024,2024-09-20 15:51:00,Low
September,9,20,22:00,1.72,20/09/2024,2024-09-20 22:00:00,High
September,9,21,04:04,0.28,21/09/2024,2024-09-21 04:04:00,Low
September,9,21,10:30,1.87,21/09/2024,2024-09-21 10:30:00,High
September,9,21,16:48,0.33,21/09/2024,2024-09-21 16:48:00,Low
September,9,21,22:53,1.55,21/09/2024,2024-09-21 22:53:00,High
September,9,22,04:47,0.4,22/09/2024,2024-09-22 04:47:00,Low
September,9,22,11:18,1.85,22/09/2024,2024-09-22 11:18:00,High
September,9,22,17:50,0.41,22/09/2024,2024-09-22 17:50:00,Low
September,9,22,23:49,1.37,22/09/2024,2024-09-22 23:49:00,High
September,9,23,05:32,0.54,23/09/2024,2024-09-23 05:32:00,Low
September,9,23,12:11,1.78,23/09/2024,2024-09-23 12:11:00,High
September,9,23,19:00,0.49,23/09/2024,2024-09-23 19:00:00,Low
September,9,24,00:55,1.23,24/09/2024,2024-09-24 00:55:00,High
September,9,24,06:25,0.67,24/09/2024,2024-09-24 06:25:00,Low
September,9,24,13:09,1.7,24/09/2024,2024-09-24 13:09:00,High
September,9,24,20:17,0.55,24/09/2024,2024-09-24 20:17:00,Low
September,9,25,02:15,1.14,25/09/2024,2024-09-25 02:15:00,High
September,9,25,07:30,0.76,25/09/2024,2024-09-25 07:30:00,Low
September,9,25,14:17,1.62,25/09/2024,2024-09-25 14:17:00,High
September,9,25,21:36,0.57,25/09/2024,2024-09-25 21:36:00,Low
September,9,26,03:45,1.14,26/09/2024,2024-09-26 03:45:00,High
September,9,26,08:48,0.8,26/09/2024,2024-09-26 08:48:00,Low
September,9,26,15:32,1.58,26/09/2024,2024-09-26 15:32:00,High
September,9,26,22:45,0.55,26/09/2024,2024-09-26 22:45:00,Low
September,9,27,04:54,1.2,27/09/2024,2024-09-27 04:54:00,High
September,9,27,10:05,0.78,27/09/2024,2024-09-27 10:05:00,Low
September,9,27,16:40,1.59,27/09/2024,2024-09-27 16:40:00,High
September,9,27,23:36,0.52,27/09/2024,2024-09-27 23:36:00,Low
September,9,28,05:44,1.28,28/09/2024,2024-09-28 05:44:00,High
September,9,28,11:09,0.72,28/09/2024,2024-09-28 11:09:00,Low
September,9,28,17:34,1.61,28/09/2024,2024-09-28 17:34:00,High
September,9,29,00:15,0.48,29/09/2024,2024-09-29 00:15:00,Low
September,9,29,06:23,1.36,29/09/2024,2024-09-29 06:23:00,High
September,9,29,12:00,0.65,29/09/2024,2024-09-29 12:00:00,Low
September,9,29,18:17,1.63,29/09/2024,2024-09-29 18:17:00,High
September,9,30,00:49,0.45,30/09/2024,2024-09-30 00:49:00,Low
September,9,30,06:59,1.44,30/09/2024,2024-09-30 06:59:00,High
September,9,30,12:42,0.59,30/09/2024,2024-09-30 12:42:00,Low
September,9,30,18:56,1.64,30/09/2024,2024-09-30 18:56:00,High
October,10,1,01:18,0.42,01/10/2024,2024-10-01 01:18:00,Low
October,10,1,07:30,1.5,01/10/2024,2024-10-01 07:30:00,High
October,10,1,13:20,0.54,01/10/2024,2024-10-01 13:20:00,Low
October,10,1,19:30,1.64,01/10/2024,2024-10-01 19:30:00,High
October,10,2,01:45,0.4,02/10/2024,2024-10-02 01:45:00,Low
October,10,2,08:01,1.56,02/10/2024,2024-10-02 08:01:00,High
October,10,2,13:56,0.51,02/10/2024,2024-10-02 13:56:00,Low
October,10,2,20:02,1.61,02/10/2024,2024-10-02 20:02:00,High
October,10,3,02:11,0.41,03/10/2024,2024-10-03 02:11:00,Low
October,10,3,08:30,1.61,03/10/2024,2024-10-03 08:30:00,High
October,10,3,14:31,0.49,03/10/2024,2024-10-03 14:31:00,Low
October,10,3,20:35,1.57,03/10/2024,2024-10-03 20:35:00,High
October,10,4,02:37,0.43,04/10/2024,2024-10-04 02:37:00,Low
October,10,4,09:00,1.66,04/10/2024,2024-10-04 09:00:00,High
October,10,4,15:09,0.48,04/10/2024,2024-10-04 15:09:00,Low
October,10,4,21:09,1.51,04/10/2024,2024-10-04 21:09:00,High
October,10,5,03:03,0.46,05/10/2024,2024-10-05 03:03:00,Low
October,10,5,09:31,1.68,05/10/2024,2024-10-05 09:31:00,High
October,10,5,15:46,0.49,05/10/2024,2024-10-05 15:46:00,Low
October,10,5,21:45,1.44,05/10/2024,2024-10-05 21:45:00,High
October,10,6,04:32,0.51,06/10/2024,2024-10-06 04:32:00,Low
October,10,6,11:04,1.69,06/10/2024,2024-10-06 11:04:00,High
October,10,6,17:28,0.51,06/10/2024,2024-10-06 17:28:00,Low
October,10,6,23:24,1.36,06/10/2024,2024-10-06 23:24:00,High
October,10,7,05:02,0.58,07/10/2024,2024-10-07 05:02:00,Low
October,10,7,11:39,1.67,07/10/2024,2024-10-07 11:39:00,High
October,10,7,18:12,0.55,07/10/2024,2024-10-07 18:12:00,Low
October,10,8,00:06,1.28,08/10/2024,2024-10-08 00:06:00,High
October,10,8,05:36,0.65,08/10/2024,2024-10-08 05:36:00,Low
October,10,8,12:17,1.64,08/10/2024,2024-10-08 12:17:00,High
October,10,8,19:01,0.59,08/10/2024,2024-10-08 19:01:00,Low
October,10,9,00:56,1.21,09/10/2024,2024-10-09 00:56:00,High
October,10,9,06:17,0.72,09/10/2024,2024-10-09 06:17:00,Low
October,10,9,13:04,1.59,09/10/2024,2024-10-09 13:04:00,High
October,10,9,20:03,0.63,09/10/2024,2024-10-09 20:03:00,Low
October,10,10,01:59,1.16,10/10/2024,2024-10-10 01:59:00,High
October,10,10,07:14,0.78,10/10/2024,2024-10-10 07:14:00,Low
October,10,10,14:03,1.56,10/10/2024,2024-10-10 14:03:00,High
October,10,10,21:15,0.62,10/10/2024,2024-10-10 21:15:00,Low
October,10,11,03:16,1.15,11/10/2024,2024-10-11 03:16:00,High
October,10,11,08:29,0.81,11/10/2024,2024-10-11 08:29:00,Low
October,10,11,15:15,1.56,11/10/2024,2024-10-11 15:15:00,High
October,10,11,22:29,0.57,11/10/2024,2024-10-11 22:29:00,Low
October,10,12,04:36,1.2,12/10/2024,2024-10-12 04:36:00,High
October,10,12,09:51,0.78,12/10/2024,2024-10-12 09:51:00,Low
October,10,12,16:30,1.61,12/10/2024,2024-10-12 16:30:00,High
October,10,12,23:29,0.48,12/10/2024,2024-10-12 23:29:00,Low
October,10,13,05:39,1.31,13/10/2024,2024-10-13 05:39:00,High
October,10,13,11:05,0.69,13/10/2024,2024-10-13 11:05:00,Low
October,10,13,17:35,1.69,13/10/2024,2024-10-13 17:35:00,High
October,10,14,00:19,0.37,14/10/2024,2024-10-14 00:19:00,Low
October,10,14,06:30,1.44,14/10/2024,2024-10-14 06:30:00,High
October,10,14,12:09,0.58,14/10/2024,2024-10-14 12:09:00,Low
October,10,14,18:30,1.78,14/10/2024,2024-10-14 18:30:00,High
October,10,15,01:03,0.27,15/10/2024,2024-10-15 01:03:00,Low
October,10,15,07:16,1.59,15/10/2024,2024-10-15 07:16:00,High
October,10,15,13:05,0.45,15/10/2024,2024-10-15 13:05:00,Low
October,10,15,19:22,1.83,15/10/2024,2024-10-15 19:22:00,High
October,10,16,01:45,0.21,16/10/2024,2024-10-16 01:45:00,Low
October,10,16,08:01,1.73,16/10/2024,2024-10-16 08:01:00,High
October,10,16,14:00,0.35,16/10/2024,2024-10-16 14:00:00,Low
October,10,16,20:13,1.82,16/10/2024,2024-10-16 20:13:00,High
October,10,17,02:26,0.19,17/10/2024,2024-10-17 02:26:00,Low
October,10,17,08:45,1.85,17/10/2024,2024-10-17 08:45:00,High
October,10,17,14:54,0.27,17/10/2024,2024-10-17 14:54:00,Low
October,10,17,21:02,1.77,17/10/2024,2024-10-17 21:02:00,High
October,10,18,03:06,0.22,18/10/2024,2024-10-18 03:06:00,Low
October,10,18,09:30,1.94,18/10/2024,2024-10-18 09:30:00,High
October,10,18,15:48,0.23,18/10/2024,2024-10-18 15:48:00,Low
October,10,18,21:55,1.66,18/10/2024,2024-10-18 21:55:00,High
October,10,19,03:48,0.3,19/10/2024,2024-10-19 03:48:00,Low
October,10,19,10:16,1.99,19/10/2024,2024-10-19 10:16:00,High
October,10,19,16:44,0.24,19/10/2024,2024-10-19 16:44:00,Low
October,10,19,22:48,1.54,19/10/2024,2024-10-19 22:48:00,High
October,10,20,04:31,0.4,20/10/2024,2024-10-20 04:31:00,Low
October,10,20,11:04,1.98,20/10/2024,2024-10-20 11:04:00,High
October,10,20,17:41,0.28,20/10/2024,2024-10-20 17:41:00,Low
October,10,20,23:44,1.41,20/10/2024,2024-10-20 23:44:00,High
October,10,21,05:16,0.52,21/10/2024,2024-10-21 05:16:00,Low
October,10,21,11:53,1.92,21/10/2024,2024-10-21 11:53:00,High
October,10,21,18:41,0.36,21/10/2024,2024-10-21 18:41:00,Low
October,10,22,00:43,1.29,22/10/2024,2024-10-22 00:43:00,High
October,10,22,06:05,0.64,22/10/2024,2024-10-22 06:05:00,Low
October,10,22,12:44,1.82,22/10/2024,2024-10-22 12:44:00,High
October,10,22,19:45,0.45,22/10/2024,2024-10-22 19:45:00,Low
October,10,23,01:48,1.21,23/10/2024,2024-10-23 01:48:00,High
October,10,23,07:01,0.75,23/10/2024,2024-10-23 07:01:00,Low
October,10,23,13:40,1.7,23/10/2024,2024-10-23 13:40:00,High
October,10,23,20:53,0.52,23/10/2024,2024-10-23 20:53:00,Low
October,10,24,03:02,1.18,24/10/2024,2024-10-24 03:02:00,High
October,10,24,08:09,0.82,24/10/2024,2024-10-24 08:09:00,Low
October,10,24,14:44,1.6,24/10/2024,2024-10-24 14:44:00,High
October,10,24,22:00,0.56,24/10/2024,2024-10-24 22:00:00,Low
October,10,25,04:18,1.2,25/10/2024,2024-10-25 04:18:00,High
October,10,25,09:25,0.84,25/10/2024,2024-10-25 09:25:00,Low
October,10,25,15:53,1.53,25/10/2024,2024-10-25 15:53:00,High
October,10,25,22:59,0.57,25/10/2024,2024-10-25 22:59:00,Low
October,10,26,05:19,1.26,26/10/2024,2024-10-26 05:19:00,High
October,10,26,10:39,0.82,26/10/2024,2024-10-26 10:39:00,Low
October,10,26,17:00,1.5,26/10/2024,2024-10-26 17:00:00,High
October,10,26,23:46,0.55,26/10/2024,2024-10-26 23:46:00,Low
October,10,27,06:07,1.34,27/10/2024,2024-10-27 06:07:00,High
October,10,27,11:43,0.76,27/10/2024,2024-10-27 11:43:00,Low
October,10,27,17:54,1.5,27/10/2024,2024-10-27 17:54:00,High
October,10,28,00:26,0.53,28/10/2024,2024-10-28 00:26:00,Low
October,10,28,06:46,1.43,28/10/2024,2024-10-28 06:46:00,High
October,10,28,12:36,0.7,28/10/2024,2024-10-28 12:36:00,Low
October,10,28,18:40,1.51,28/10/2024,2024-10-28 18:40:00,High
October,10,29,01:00,0.5,29/10/2024,2024-10-29 01:00:00,Low
October,10,29,07:22,1.52,29/10/2024,2024-10-29 07:22:00,High
October,10,29,13:21,0.63,29/10/2024,2024-10-29 13:21:00,Low
October,10,29,19:19,1.51,29/10/2024,2024-10-29 19:19:00,High
October,10,30,01:30,0.47,30/10/2024,2024-10-30 01:30:00,Low
October,10,30,07:55,1.59,30/10/2024,2024-10-30 07:55:00,High
October,10,30,14:02,0.57,30/10/2024,2024-10-30 14:02:00,Low
October,10,30,19:57,1.5,30/10/2024,2024-10-30 19:57:00,High
October,10,31,01:58,0.47,31/10/2024,2024-10-31 01:58:00,Low
October,10,31,08:26,1.67,31/10/2024,2024-10-31 08:26:00,High
October,10,31,14:40,0.51,31/10/2024,2024-10-31 14:40:00,Low
October,10,31,20:33,1.48,31/10/2024,2024-10-31 20:33:00,High
November,11,1,02:26,0.48,01/11/2024,2024-11-01 02:26:00,Low
November,11,1,08:56,1.73,01/11/2024,2024-11-01 08:56:00,High
November,11,1,15:17,0.47,01/11/2024,2024-11-01 15:17:00,Low
November,11,1,21:11,1.45,01/11/2024,2024-11-01 21:11:00,High
November,11,2,02:55,0.5,02/11/2024,2024-11-02 02:55:00,Low
November,11,2,09:28,1.77,02/11/2024,2024-11-02 09:28:00,High
November,11,2,15:55,0.45,02/11/2024,2024-11-02 15:55:00,Low
November,11,2,21:49,1.41,02/11/2024,2024-11-02 21:49:00,High
November,11,3,03:25,0.54,03/11/2024,2024-11-03 03:25:00,Low
November,11,3,10:00,1.79,03/11/2024,2024-11-03 10:00:00,High
November,11,3,16:33,0.44,03/11/2024,2024-11-03 16:33:00,Low
November,11,3,22:29,1.36,03/11/2024,2024-11-03 22:29:00,High
November,11,4,03:58,0.58,04/11/2024,2024-11-04 03:58:00,Low
November,11,4,10:35,1.79,04/11/2024,2024-11-04 10:35:00,High
November,11,4,17:15,0.45,04/11/2024,2024-11-04 17:15:00,Low
November,11,4,23:12,1.31,04/11/2024,2024-11-04 23:12:00,High
November,11,5,04:34,0.64,05/11/2024,2024-11-05 04:34:00,Low
November,11,5,11:13,1.77,05/11/2024,2024-11-05 11:13:00,High
November,11,5,17:59,0.48,05/11/2024,2024-11-05 17:59:00,Low
November,11,5,23:58,1.27,05/11/2024,2024-11-05 23:58:00,High
November,11,6,05:15,0.69,06/11/2024,2024-11-06 05:15:00,Low
November,11,6,11:55,1.73,06/11/2024,2024-11-06 11:55:00,High
November,11,6,18:48,0.51,06/11/2024,2024-11-06 18:48:00,Low
November,11,7,00:49,1.23,07/11/2024,2024-11-07 00:49:00,High
November,11,7,06:03,0.74,07/11/2024,2024-11-07 06:03:00,Low
November,11,7,12:43,1.69,07/11/2024,2024-11-07 12:43:00,High
November,11,7,19:45,0.54,07/11/2024,2024-11-07 19:45:00,Low
November,11,8,01:50,1.21,08/11/2024,2024-11-08 01:50:00,High
November,11,8,07:02,0.78,08/11/2024,2024-11-08 07:02:00,Low
November,11,8,13:39,1.64,08/11/2024,2024-11-08 13:39:00,High
November,11,8,20:47,0.53,08/11/2024,2024-11-08 20:47:00,Low
November,11,9,03:00,1.23,09/11/2024,2024-11-09 03:00:00,High
November,11,9,08:14,0.8,09/11/2024,2024-11-09 08:14:00,Low
November,11,9,14:45,1.62,09/11/2024,2024-11-09 14:45:00,High
November,11,9,21:50,0.49,09/11/2024,2024-11-09 21:50:00,Low
November,11,10,04:08,1.31,10/11/2024,2024-11-10 04:08:00,High
November,11,10,09:30,0.77,10/11/2024,2024-11-10 09:30:00,Low
November,11,10,15:56,1.63,10/11/2024,2024-11-10 15:56:00,High
November,11,10,22:46,0.43,10/11/2024,2024-11-10 22:46:00,Low
November,11,11,05:07,1.42,11/11/2024,2024-11-11 05:07:00,High
November,11,11,10:44,0.7,11/11/2024,2024-11-11 10:44:00,Low
November,11,11,17:01,1.65,11/11/2024,2024-11-11 17:01:00,High
November,11,11,23:36,0.37,11/11/2024,2024-11-11 23:36:00,Low
November,11,12,06:00,1.56,12/11/2024,2024-11-12 06:00:00,High
November,11,12,11:51,0.59,12/11/2024,2024-11-12 11:51:00,Low
November,11,12,18:01,1.66,12/11/2024,2024-11-12 18:01:00,High
November,11,13,00:22,0.32,13/11/2024,2024-11-13 00:22:00,Low
November,11,13,06:47,1.71,13/11/2024,2024-11-13 06:47:00,High
November,11,13,12:54,0.48,13/11/2024,2024-11-13 12:54:00,Low
November,11,13,18:58,1.65,13/11/2024,2024-11-13 18:58:00,High
November,11,14,01:06,0.3,14/11/2024,2024-11-14 01:06:00,Low
November,11,14,07:33,1.85,14/11/2024,2024-11-14 07:33:00,High
November,11,14,13:52,0.37,14/11/2024,2024-11-14 13:52:00,Low
November,11,14,19:52,1.62,14/11/2024,2024-11-14 19:52:00,High
November,11,15,01:49,0.32,15/11/2024,2024-11-15 01:49:00,Low
November,11,15,08:20,1.97,15/11/2024,2024-11-15 08:20:00,High
November,11,15,14:48,0.29,15/11/2024,2024-11-15 14:48:00,Low
November,11,15,20:47,1.56,15/11/2024,2024-11-15 20:47:00,High
November,11,16,02:32,0.36,16/11/2024,2024-11-16 02:32:00,Low
November,11,16,09:07,2.04,16/11/2024,2024-11-16 09:07:00,High
November,11,16,15:43,0.24,16/11/2024,2024-11-16 15:43:00,Low
November,11,16,21:43,1.48,16/11/2024,2024-11-16 21:43:00,High
November,11,17,03:17,0.43,17/11/2024,2024-11-17 03:17:00,Low
November,11,17,09:54,2.06,17/11/2024,2024-11-17 09:54:00,High
November,11,17,16:37,0.24,17/11/2024,2024-11-17 16:37:00,Low
November,11,17,22:38,1.41,17/11/2024,2024-11-17 22:38:00,High
November,11,18,04:04,0.52,18/11/2024,2024-11-18 04:04:00,Low
November,11,18,10:43,2.02,18/11/2024,2024-11-18 10:43:00,High
November,11,18,17:30,0.28,18/11/2024,2024-11-18 17:30:00,Low
November,11,18,23:34,1.34,18/11/2024,2024-11-18 23:34:00,High
November,11,19,04:53,0.61,19/11/2024,2024-11-19 04:53:00,Low
November,11,19,11:30,1.95,19/11/2024,2024-11-19 11:30:00,High
November,11,19,18:25,0.35,19/11/2024,2024-11-19 18:25:00,Low
November,11,20,00:30,1.28,20/11/2024,2024-11-20 00:30:00,High
November,11,20,05:44,0.69,20/11/2024,2024-11-20 05:44:00,Low
November,11,20,12:19,1.84,20/11/2024,2024-11-20 12:19:00,High
November,11,20,19:19,0.43,20/11/2024,2024-11-20 19:19:00,Low
November,11,21,01:27,1.25,21/11/2024,2024-11-21 01:27:00,High
November,11,21,06:38,0.76,21/11/2024,2024-11-21 06:38:00,Low
November,11,21,13:09,1.72,21/11/2024,2024-11-21 13:09:00,High
November,11,21,20:14,0.51,21/11/2024,2024-11-21 20:14:00,Low
November,11,22,02:27,1.24,22/11/2024,2024-11-22 02:27:00,High
November,11,22,07:37,0.82,22/11/2024,2024-11-22 07:37:00,Low
November,11,22,14:01,1.6,22/11/2024,2024-11-22 14:01:00,High
November,11,22,21:07,0.56,22/11/2024,2024-11-22 21:07:00,Low
November,11,23,03:28,1.26,23/11/2024,2024-11-23 03:28:00,High
November,11,23,08:43,0.85,23/11/2024,2024-11-23 08:43:00,Low
November,11,23,14:58,1.51,23/11/2024,2024-11-23 14:58:00,High
November,11,23,21:57,0.58,23/11/2024,2024-11-23 21:57:00,Low
November,11,24,04:26,1.31,24/11/2024,2024-11-24 04:26:00,High
November,11,24,09:52,0.85,24/11/2024,2024-11-24 09:52:00,Low
November,11,24,15:59,1.44,24/11/2024,2024-11-24 15:59:00,High
November,11,24,22:43,0.59,24/11/2024,2024-11-24 22:43:00,Low
November,11,25,05:17,1.39,25/11/2024,2024-11-25 05:17:00,High
November,11,25,11:00,0.82,25/11/2024,2024-11-25 11:00:00,Low
November,11,25,16:58,1.4,25/11/2024,2024-11-25 16:58:00,High
November,11,25,23:24,0.57,25/11/2024,2024-11-25 23:24:00,Low
November,11,26,06:00,1.48,26/11/2024,2024-11-26 06:00:00,High
November,11,26,12:03,0.76,26/11/2024,2024-11-26 12:03:00,Low
November,11,26,17:51,1.38,26/11/2024,2024-11-26 17:51:00,High
November,11,27,00:02,0.56,27/11/2024,2024-11-27 00:02:00,Low
November,11,27,06:40,1.57,27/11/2024,2024-11-27 06:40:00,High
November,11,27,12:57,0.69,27/11/2024,2024-11-27 12:57:00,Low
November,11,27,18:40,1.37,27/11/2024,2024-11-27 18:40:00,High
November,11,28,00:38,0.55,28/11/2024,2024-11-28 00:38:00,Low
November,11,28,07:15,1.65,28/11/2024,2024-11-28 07:15:00,High
November,11,28,13:43,0.61,28/11/2024,2024-11-28 13:43:00,Low
November,11,28,19:25,1.36,28/11/2024,2024-11-28 19:25:00,High
November,11,29,01:12,0.55,29/11/2024,2024-11-29 01:12:00,Low
November,11,29,07:50,1.73,29/11/2024,2024-11-29 07:50:00,High
November,11,29,14:24,0.54,29/11/2024,2024-11-29 14:24:00,Low
November,11,29,20:08,1.35,29/11/2024,2024-11-29 20:08:00,High
November,11,30,01:45,0.56,30/11/2024,2024-11-30 01:45:00,Low
November,11,30,08:25,1.79,30/11/2024,2024-11-30 08:25:00,High
November,11,30,15:03,0.47,30/11/2024,2024-11-30 15:03:00,Low
November,11,30,20:50,1.35,30/11/2024,2024-11-30 20:50:00,High
December,12,1,02:20,0.57,01/12/2024,2024-12-01 02:20:00,Low
December,12,1,09:00,1.84,01/12/2024,2024-12-01 09:00:00,High
December,12,1,15:42,0.43,01/12/2024,2024-12-01 15:42:00,Low
December,12,1,21:33,1.34,01/12/2024,2024-12-01 21:33:00,High
December,12,2,02:57,0.59,02/12/2024,2024-12-02 02:57:00,Low
December,12,2,09:37,1.86,02/12/2024,2024-12-02 09:37:00,High
December,12,2,16:21,0.41,02/12/2024,2024-12-02 16:21:00,Low
December,12,2,22:16,1.33,02/12/2024,2024-12-02 22:16:00,High
December,12,3,03:35,0.62,03/12/2024,2024-12-03 03:35:00,Low
December,12,3,10:16,1.87,03/12/2024,2024-12-03 10:16:00,High
December,12,3,17:02,0.4,03/12/2024,2024-12-03 17:02:00,Low
December,12,3,23:00,1.31,03/12/2024,2024-12-03 23:00:00,High
December,12,4,04:18,0.64,04/12/2024,2024-12-04 04:18:00,Low
December,12,4,10:58,1.86,04/12/2024,2024-12-04 10:58:00,High
December,12,4,17:46,0.41,04/12/2024,2024-12-04 17:46:00,Low
December,12,4,23:47,1.3,04/12/2024,2024-12-04 23:47:00,High
December,12,5,05:04,0.67,05/12/2024,2024-12-05 05:04:00,Low
December,12,5,11:41,1.84,05/12/2024,2024-12-05 11:41:00,High
December,12,5,18:33,0.42,05/12/2024,2024-12-05 18:33:00,Low
December,12,6,00:38,1.3,06/12/2024,2024-12-06 00:38:00,High
December,12,6,05:55,0.7,06/12/2024,2024-12-06 05:55:00,Low
December,12,6,12:29,1.79,06/12/2024,2024-12-06 12:29:00,High
December,12,6,19:24,0.43,06/12/2024,2024-12-06 19:24:00,Low
December,12,7,01:34,1.31,07/12/2024,2024-12-07 01:34:00,High
December,12,7,06:52,0.73,07/12/2024,2024-12-07 06:52:00,Low
December,12,7,13:19,1.74,07/12/2024,2024-12-07 13:19:00,High
December,12,7,20:16,0.44,07/12/2024,2024-12-07 20:16:00,Low
December,12,8,02:33,1.35,08/12/2024,2024-12-08 02:33:00,High
December,12,8,07:57,0.74,08/12/2024,2024-12-08 07:57:00,Low
December,12,8,14:16,1.67,08/12/2024,2024-12-08 14:16:00,High
December,12,8,21:10,0.43,08/12/2024,2024-12-08 21:10:00,Low
December,12,9,03:34,1.42,09/12/2024,2024-12-09 03:34:00,High
December,12,9,09:07,0.74,09/12/2024,2024-12-09 09:07:00,Low
December,12,9,15:21,1.6,09/12/2024,2024-12-09 15:21:00,High
December,12,9,22:01,0.42,09/12/2024,2024-12-09 22:01:00,Low
December,12,10,04:32,1.53,10/12/2024,2024-12-10 04:32:00,High
December,12,10,10:23,0.7,10/12/2024,2024-12-10 10:23:00,Low
December,12,10,16:29,1.54,10/12/2024,2024-12-10 16:29:00,High
December,12,10,22:53,0.42,10/12/2024,2024-12-10 22:53:00,Low
December,12,11,05:28,1.66,11/12/2024,2024-12-11 05:28:00,High
December,12,11,11:38,0.62,11/12/2024,2024-12-11 11:38:00,Low
December,12,11,17:35,1.48,11/12/2024,2024-12-11 17:35:00,High
December,12,11,23:42,0.42,11/12/2024,2024-12-11 23:42:00,Low
December,12,12,06:19,1.78,12/12/2024,2024-12-12 06:19:00,High
December,12,12,12:47,0.52,12/12/2024,2024-12-12 12:47:00,Low
December,12,12,18:40,1.44,12/12/2024,2024-12-12 18:40:00,High
December,12,13,00:30,0.44,13/12/2024,2024-12-13 00:30:00,Low
December,12,13,07:10,1.9,13/12/2024,2024-12-13 07:10:00,High
December,12,13,13:49,0.41,13/12/2024,2024-12-13 13:49:00,Low
December,12,13,19:41,1.41,13/12/2024,2024-12-13 19:41:00,High
December,12,14,01:19,0.46,14/12/2024,2024-12-14 01:19:00,Low
December,12,14,08:00,1.98,14/12/2024,2024-12-14 08:00:00,High
December,12,14,14:46,0.33,14/12/2024,2024-12-14 14:46:00,Low
December,12,14,20:40,1.39,14/12/2024,2024-12-14 20:40:00,High
December,12,15,02:08,0.49,15/12/2024,2024-12-15 02:08:00,Low
December,12,15,08:49,2.03,15/12/2024,2024-12-15 08:49:00,High
December,12,15,15:38,0.28,15/12/2024,2024-12-15 15:38:00,Low
December,12,15,21:36,1.37,15/12/2024,2024-12-15 21:36:00,High
December,12,16,02:58,0.53,16/12/2024,2024-12-16 02:58:00,Low
December,12,16,09:39,2.04,16/12/2024,2024-12-16 09:39:00,High
December,12,16,16:28,0.27,16/12/2024,2024-12-16 16:28:00,Low
December,12,16,22:29,1.36,16/12/2024,2024-12-16 22:29:00,High
December,12,17,03:46,0.57,17/12/2024,2024-12-17 03:46:00,Low
December,12,17,10:26,2.01,17/12/2024,2024-12-17 10:26:00,High
December,12,17,17:15,0.3,17/12/2024,2024-12-17 17:15:00,Low
December,12,17,23:18,1.34,17/12/2024,2024-12-17 23:18:00,High
December,12,18,04:34,0.62,18/12/2024,2024-12-18 04:34:00,Low
December,12,18,11:12,1.94,18/12/2024,2024-12-18 11:12:00,High
December,12,18,18:00,0.35,18/12/2024,2024-12-18 18:00:00,Low
December,12,19,00:06,1.32,19/12/2024,2024-12-19 00:06:00,High
December,12,19,05:22,0.67,19/12/2024,2024-12-19 05:22:00,Low
December,12,19,11:54,1.84,19/12/2024,2024-12-19 11:54:00,High
December,12,19,18:45,0.42,19/12/2024,2024-12-19 18:45:00,Low
December,12,20,00:52,1.31,20/12/2024,2024-12-20 00:52:00,High
December,12,20,06:10,0.72,20/12/2024,2024-12-20 06:10:00,Low
December,12,20,12:35,1.73,20/12/2024,2024-12-20 12:35:00,High
December,12,20,19:26,0.49,20/12/2024,2024-12-20 19:26:00,Low
December,12,21,01:39,1.31,21/12/2024,2024-12-21 01:39:00,High
December,12,21,07:00,0.78,21/12/2024,2024-12-21 07:00:00,Low
December,12,21,13:16,1.61,21/12/2024,2024-12-21 13:16:00,High
December,12,21,20:07,0.54,21/12/2024,2024-12-21 20:07:00,Low
December,12,22,02:29,1.32,22/12/2024,2024-12-22 02:29:00,High
December,12,22,07:55,0.83,22/12/2024,2024-12-22 07:55:00,Low
December,12,22,14:00,1.5,22/12/2024,2024-12-22 14:00:00,High
December,12,22,20:47,0.58,22/12/2024,2024-12-22 20:47:00,Low
December,12,23,03:21,1.36,23/12/2024,2024-12-23 03:21:00,High
December,12,23,08:58,0.86,23/12/2024,2024-12-23 08:58:00,Low
December,12,23,14:51,1.4,23/12/2024,2024-12-23 14:51:00,High
December,12,23,21:31,0.6,23/12/2024,2024-12-23 21:31:00,Low
December,12,24,04:15,1.41,24/12/2024,2024-12-24 04:15:00,High
December,12,24,10:09,0.85,24/12/2024,2024-12-24 10:09:00,Low
December,12,24,15:51,1.32,24/12/2024,2024-12-24 15:51:00,High
December,12,24,22:16,0.62,24/12/2024,2024-12-24 22:16:00,Low
December,12,25,05:05,1.48,25/12/2024,2024-12-25 05:05:00,High
December,12,25,11:21,0.81,25/12/2024,2024-12-25 11:21:00,Low
December,12,25,16:57,1.26,25/12/2024,2024-12-25 16:57:00,High
December,12,25,23:01,0.63,25/12/2024,2024-12-25 23:01:00,Low
December,12,26,05:52,1.56,26/12/2024,2024-12-26 05:52:00,High
December,12,26,12:27,0.74,26/12/2024,2024-12-26 12:27:00,Low
December,12,26,18:00,1.24,26/12/2024,2024-12-26 18:00:00,High
December,12,26,23:46,0.64,26/12/2024,2024-12-26 23:46:00,Low
December,12,27,06:36,1.64,27/12/2024,2024-12-27 06:36:00,High
December,12,27,13:21,0.65,27/12/2024,2024-12-27 13:21:00,Low
December,12,27,18:57,1.24,27/12/2024,2024-12-27 18:57:00,High
December,12,28,00:30,0.64,28/12/2024,2024-12-28 00:30:00,Low
December,12,28,07:17,1.72,28/12/2024,2024-12-28 07:17:00,High
December,12,28,14:07,0.56,28/12/2024,2024-12-28 14:07:00,Low
December,12,28,19:47,1.26,28/12/2024,2024-12-28 19:47:00,High
December,12,29,01:14,0.63,29/12/2024,2024-12-29 01:14:00,Low
December,12,29,07:58,1.79,29/12/2024,2024-12-29 07:58:00,High
December,12,29,14:48,0.48,29/12/2024,2024-12-29 14:48:00,Low
December,12,29,20:34,1.29,29/12/2024,2024-12-29 20:34:00,High
December,12,30,01:56,0.62,30/12/2024,2024-12-30 01:56:00,Low
December,12,30,08:39,1.85,30/12/2024,2024-12-30 08:39:00,High
December,12,30,15:28,0.41,30/12/2024,2024-12-30 15:28:00,Low
December,12,30,21:19,1.32,30/12/2024,2024-12-30 21:19:00,High
December,12,31,02:38,0.6,31/12/2024,2024-12-31 02:38:00,Low
December,12,31,09:20,1.9,31/12/2024,2024-12-31 09:20:00,High
December,12,31,16:07,0.37,31/12/2024,2024-12-31 16:07:00,Low
December,12,31,22:02,1.34,31/12/2024,2024-12-31 22:02:00,High
January,1,1,03:22,0.59,01/01/2025,2025-01-01 03:22:00,Low
January,1,1,10:02,1.95,01/01/2025,2025-01-01 10:02:00,High
January,1,1,16:47,0.34,01/01/2025,2025-01-01 16:47:00,Low
January,1,1,22:46,1.37,01/01/2025,2025-01-01 22:46:00,High
January,1,2,04:07,0.58,02/01/2025,2025-01-02 04:07:00,Low
January,1,2,10:45,1.96,02/01/2025,2025-01-02 10:45:00,High
January,1,2,17:30,0.32,02/01/2025,2025-01-02 17:30:00,Low
January,1,2,23:31,1.39,02/01/2025,2025-01-02 23:31:00,High
January,1,3,04:55,0.58,03/01/2025,2025-01-03 04:55:00,Low
January,1,3,11:28,1.94,03/01/2025,2025-01-03 11:28:00,High
January,1,3,18:12,0.32,03/01/2025,2025-01-03 18:12:00,Low
January,1,4,00:18,1.42,04/01/2025,2025-01-04 00:18:00,High
January,1,4,05:45,0.6,04/01/2025,2025-01-04 05:45:00,Low
January,1,4,12:13,1.88,04/01/2025,2025-01-04 12:13:00,High
January,1,4,18:56,0.34,04/01/2025,2025-01-04 18:56:00,Low
January,1,5,01:09,1.45,05/01/2025,2025-01-05 01:09:00,High
January,1,5,06:41,0.64,05/01/2025,2025-01-05 06:41:00,Low
January,1,5,13:00,1.78,05/01/2025,2025-01-05 13:00:00,High
January,1,5,19:41,0.38,05/01/2025,2025-01-05 19:41:00,Low
January,1,6,02:01,1.49,06/01/2025,2025-01-06 02:01:00,High
January,1,6,07:42,0.67,06/01/2025,2025-01-06 07:42:00,Low
January,1,6,13:51,1.65,06/01/2025,2025-01-06 13:51:00,High
January,1,6,20:28,0.42,06/01/2025,2025-01-06 20:28:00,Low
January,1,7,02:59,1.55,07/01/2025,2025-01-07 02:59:00,High
January,1,7,08:50,0.7,07/01/2025,2025-01-07 08:50:00,Low
January,1,7,14:51,1.51,07/01/2025,2025-01-07 14:51:00,High
January,1,7,21:17,0.48,07/01/2025,2025-01-07 21:17:00,Low
January,1,8,03:58,1.62,08/01/2025,2025-01-08 03:58:00,High
January,1,8,10:09,0.7,08/01/2025,2025-01-08 10:09:00,Low
January,1,8,16:02,1.39,08/01/2025,2025-01-08 16:02:00,High
January,1,8,22:12,0.53,08/01/2025,2025-01-08 22:12:00,Low
January,1,9,04:58,1.7,09/01/2025,2025-01-09 04:58:00,High
January,1,9,11:32,0.65,09/01/2025,2025-01-09 11:32:00,Low
January,1,9,17:19,1.31,09/01/2025,2025-01-09 17:19:00,High
January,1,9,23:09,0.57,09/01/2025,2025-01-09 23:09:00,Low
January,1,10,05:57,1.79,10/01/2025,2025-01-10 05:57:00,High
January,1,10,12:48,0.56,10/01/2025,2025-01-10 12:48:00,Low
January,1,10,18:34,1.28,10/01/2025,2025-01-10 18:34:00,High
January,1,11,00:07,0.59,11/01/2025,2025-01-11 00:07:00,Low
January,1,11,06:54,1.86,11/01/2025,2025-01-11 06:54:00,High
January,1,11,13:51,0.46,11/01/2025,2025-01-11 13:51:00,Low
January,1,11,19:41,1.29,11/01/2025,2025-01-11 19:41:00,High
January,1,12,01:04,0.59,12/01/2025,2025-01-12 01:04:00,Low
January,1,12,07:48,1.93,12/01/2025,2025-01-12 07:48:00,High
January,1,12,14:44,0.38,12/01/2025,2025-01-12 14:44:00,Low
January,1,12,20:39,1.32,12/01/2025,2025-01-12 20:39:00,High
January,1,13,01:58,0.58,13/01/2025,2025-01-13 01:58:00,Low
January,1,13,08:40,1.97,13/01/2025,2025-01-13 08:40:00,High
January,1,13,15:30,0.33,13/01/2025,2025-01-13 15:30:00,Low
January,1,13,21:29,1.35,13/01/2025,2025-01-13 21:29:00,High
January,1,14,02:47,0.57,14/01/2025,2025-01-14 02:47:00,Low
January,1,14,09:27,1.98,14/01/2025,2025-01-14 09:27:00,High
January,1,14,16:14,0.32,14/01/2025,2025-01-14 16:14:00,Low
January,1,14,22:14,1.38,14/01/2025,2025-01-14 22:14:00,High
January,1,15,03:34,0.57,15/01/2025,2025-01-15 03:34:00,Low
January,1,15,10:11,1.96,15/01/2025,2025-01-15 10:11:00,High
January,1,15,16:53,0.33,15/01/2025,2025-01-15 16:53:00,Low
January,1,15,22:55,1.39,15/01/2025,2025-01-15 22:55:00,High
January,1,16,04:18,0.58,16/01/2025,2025-01-16 04:18:00,Low
January,1,16,10:50,1.9,16/01/2025,2025-01-16 10:50:00,High
January,1,16,17:30,0.37,16/01/2025,2025-01-16 17:30:00,Low
January,1,16,23:34,1.4,16/01/2025,2025-01-16 23:34:00,High
January,1,17,05:00,0.62,17/01/2025,2025-01-17 05:00:00,Low
January,1,17,11:28,1.82,17/01/2025,2025-01-17 11:28:00,High
January,1,17,18:04,0.42,17/01/2025,2025-01-17 18:04:00,Low
January,1,18,00:13,1.4,18/01/2025,2025-01-18 00:13:00,High
January,1,18,05:42,0.66,18/01/2025,2025-01-18 05:42:00,Low
January,1,18,12:01,1.72,18/01/2025,2025-01-18 12:01:00,High
January,1,18,18:36,0.47,18/01/2025,2025-01-18 18:36:00,Low
January,1,19,00:51,1.41,19/01/2025,2025-01-19 00:51:00,High
January,1,19,06:25,0.72,19/01/2025,2025-01-19 06:25:00,Low
January,1,19,12:36,1.61,19/01/2025,2025-01-19 12:36:00,High
January,1,19,19:07,0.53,19/01/2025,2025-01-19 19:07:00,Low
January,1,20,01:31,1.42,20/01/2025,2025-01-20 01:31:00,High
January,1,20,07:13,0.77,20/01/2025,2025-01-20 07:13:00,Low
January,1,20,13:13,1.49,20/01/2025,2025-01-20 13:13:00,High
January,1,20,19:41,0.58,20/01/2025,2025-01-20 19:41:00,Low
January,1,21,02:16,1.43,21/01/2025,2025-01-21 02:16:00,High
January,1,21,08:09,0.82,21/01/2025,2025-01-21 08:09:00,Low
January,1,21,13:56,1.37,21/01/2025,2025-01-21 13:56:00,High
January,1,21,20:18,0.63,21/01/2025,2025-01-21 20:18:00,Low
January,1,22,03:06,1.46,22/01/2025,2025-01-22 03:06:00,High
January,1,22,09:17,0.84,22/01/2025,2025-01-22 09:17:00,Low
January,1,22,14:51,1.26,22/01/2025,2025-01-22 14:51:00,High
January,1,22,21:03,0.68,22/01/2025,2025-01-22 21:03:00,Low
January,1,23,04:01,1.49,23/01/2025,2025-01-23 04:01:00,High
January,1,23,10:35,0.83,23/01/2025,2025-01-23 10:35:00,Low
January,1,23,16:03,1.19,23/01/2025,2025-01-23 16:03:00,High
January,1,23,21:58,0.72,23/01/2025,2025-01-23 21:58:00,Low
January,1,24,05:00,1.54,24/01/2025,2025-01-24 05:00:00,High
January,1,24,11:53,0.77,24/01/2025,2025-01-24 11:53:00,Low
January,1,24,17:24,1.16,24/01/2025,2025-01-24 17:24:00,High
January,1,24,22:58,0.74,24/01/2025,2025-01-24 22:58:00,Low
January,1,25,05:56,1.6,25/01/2025,2025-01-25 05:56:00,High
January,1,25,12:57,0.68,25/01/2025,2025-01-25 12:57:00,Low
January,1,25,18:34,1.18,25/01/2025,2025-01-25 18:34:00,High
January,1,25,23:57,0.73,25/01/2025,2025-01-25 23:57:00,Low
January,1,26,06:47,1.68,26/01/2025,2025-01-26 06:47:00,High
January,1,26,13:46,0.58,26/01/2025,2025-01-26 13:46:00,Low
January,1,26,19:30,1.23,26/01/2025,2025-01-26 19:30:00,High
January,1,27,00:50,0.69,27/01/2025,2025-01-27 00:50:00,Low
January,1,27,07:34,1.77,27/01/2025,2025-01-27 07:34:00,High
January,1,27,14:29,0.48,27/01/2025,2025-01-27 14:29:00,Low
January,1,27,20:18,1.29,27/01/2025,2025-01-27 20:18:00,High
January,1,28,01:39,0.63,28/01/2025,2025-01-28 01:39:00,Low
January,1,28,08:20,1.86,28/01/2025,2025-01-28 08:20:00,High
January,1,28,15:08,0.4,28/01/2025,2025-01-28 15:08:00,Low
January,1,28,21:01,1.36,28/01/2025,2025-01-28 21:01:00,High
January,1,29,02:24,0.57,29/01/2025,2025-01-29 02:24:00,Low
January,1,29,09:03,1.94,29/01/2025,2025-01-29 09:03:00,High
January,1,29,15:46,0.32,29/01/2025,2025-01-29 15:46:00,Low
January,1,29,21:44,1.42,29/01/2025,2025-01-29 21:44:00,High
January,1,30,03:10,0.51,30/01/2025,2025-01-30 03:10:00,Low
January,1,30,09:46,2,30/01/2025,2025-01-30 09:46:00,High
January,1,30,16:25,0.27,30/01/2025,2025-01-30 16:25:00,Low
January,1,30,22:26,1.48,30/01/2025,2025-01-30 22:26:00,High
January,1,31,03:56,0.48,31/01/2025,2025-01-31 03:56:00,Low
January,1,31,10:29,2.01,31/01/2025,2025-01-31 10:29:00,High
January,1,31,17:04,0.24,31/01/2025,2025-01-31 17:04:00,Low
January,1,31,23:09,1.54,31/01/2025,2025-01-31 23:09:00,High
February,2,1,04:45,0.47,01/02/2025,2025-02-01 04:45:00,Low
February,2,1,11:12,1.97,01/02/2025,2025-02-01 11:12:00,High
February,2,1,17:44,0.25,01/02/2025,2025-02-01 17:44:00,Low
February,2,1,23:54,1.59,01/02/2025,2025-02-01 23:54:00,High
February,2,2,05:36,0.49,02/02/2025,2025-02-02 05:36:00,Low
February,2,2,11:56,1.87,02/02/2025,2025-02-02 11:56:00,High
February,2,2,18:23,0.3,02/02/2025,2025-02-02 18:23:00,Low
February,2,3,00:41,1.63,03/02/2025,2025-02-03 00:41:00,High
February,2,3,06:31,0.54,03/02/2025,2025-02-03 06:31:00,Low
February,2,3,12:43,1.72,03/02/2025,2025-02-03 12:43:00,High
February,2,3,19:05,0.38,03/02/2025,2025-02-03 19:05:00,Low
February,2,4,01:30,1.65,04/02/2025,2025-02-04 01:30:00,High
February,2,4,07:32,0.6,04/02/2025,2025-02-04 07:32:00,Low
February,2,4,13:33,1.55,04/02/2025,2025-02-04 13:33:00,High
February,2,4,19:49,0.48,04/02/2025,2025-02-04 19:49:00,Low
February,2,5,02:25,1.66,05/02/2025,2025-02-05 02:25:00,High
February,2,5,08:43,0.65,05/02/2025,2025-02-05 08:43:00,Low
February,2,5,14:34,1.38,05/02/2025,2025-02-05 14:34:00,High
February,2,5,20:39,0.58,05/02/2025,2025-02-05 20:39:00,Low
February,2,6,03:26,1.67,06/02/2025,2025-02-06 03:26:00,High
February,2,6,10:05,0.67,06/02/2025,2025-02-06 10:05:00,Low
February,2,6,15:52,1.24,06/02/2025,2025-02-06 15:52:00,High
February,2,6,21:39,0.66,06/02/2025,2025-02-06 21:39:00,Low
February,2,7,04:34,1.69,07/02/2025,2025-02-07 04:34:00,High
February,2,7,11:34,0.64,07/02/2025,2025-02-07 11:34:00,Low
February,2,7,17:23,1.19,07/02/2025,2025-02-07 17:23:00,High
February,2,7,22:49,0.71,07/02/2025,2025-02-07 22:49:00,Low
February,2,8,05:43,1.73,08/02/2025,2025-02-08 05:43:00,High
February,2,8,12:50,0.56,08/02/2025,2025-02-08 12:50:00,Low
February,2,8,18:44,1.22,08/02/2025,2025-02-08 18:44:00,High
February,2,9,00:00,0.7,09/02/2025,2025-02-09 00:00:00,Low
February,2,9,06:45,1.79,09/02/2025,2025-02-09 06:45:00,High
February,2,9,13:48,0.48,09/02/2025,2025-02-09 13:48:00,Low
February,2,9,19:45,1.28,09/02/2025,2025-02-09 19:45:00,High
February,2,10,01:01,0.66,10/02/2025,2025-02-10 01:01:00,Low
February,2,10,07:41,1.84,10/02/2025,2025-02-10 07:41:00,High
February,2,10,14:34,0.42,10/02/2025,2025-02-10 14:34:00,Low
February,2,10,20:32,1.35,10/02/2025,2025-02-10 20:32:00,High
February,2,11,01:55,0.61,11/02/2025,2025-02-11 01:55:00,Low
February,2,11,08:30,1.88,11/02/2025,2025-02-11 08:30:00,High
February,2,11,15:14,0.38,11/02/2025,2025-02-11 15:14:00,Low
February,2,11,21:14,1.41,11/02/2025,2025-02-11 21:14:00,High
February,2,12,02:41,0.57,12/02/2025,2025-02-12 02:41:00,Low
February,2,12,09:13,1.89,12/02/2025,2025-02-12 09:13:00,High
February,2,12,15:49,0.37,12/02/2025,2025-02-12 15:49:00,Low
February,2,12,21:51,1.45,12/02/2025,2025-02-12 21:51:00,High
February,2,13,03:22,0.55,13/02/2025,2025-02-13 03:22:00,Low
February,2,13,09:51,1.87,13/02/2025,2025-02-13 09:51:00,High
February,2,13,16:22,0.38,13/02/2025,2025-02-13 16:22:00,Low
February,2,13,22:27,1.48,13/02/2025,2025-02-13 22:27:00,High
February,2,14,04:01,0.55,14/02/2025,2025-02-14 04:01:00,Low
February,2,14,10:26,1.82,14/02/2025,2025-02-14 10:26:00,High
February,2,14,16:52,0.4,14/02/2025,2025-02-14 16:52:00,Low
February,2,14,23:00,1.5,14/02/2025,2025-02-14 23:00:00,High
February,2,15,04:39,0.58,15/02/2025,2025-02-15 04:39:00,Low
February,2,15,10:59,1.75,15/02/2025,2025-02-15 10:59:00,High
February,2,15,17:20,0.44,15/02/2025,2025-02-15 17:20:00,Low
February,2,15,23:32,1.52,15/02/2025,2025-02-15 23:32:00,High
February,2,16,05:17,0.61,16/02/2025,2025-02-16 05:17:00,Low
February,2,16,11:30,1.66,16/02/2025,2025-02-16 11:30:00,High
February,2,16,17:46,0.49,16/02/2025,2025-02-16 17:46:00,Low
February,2,17,00:05,1.54,17/02/2025,2025-02-17 00:05:00,High
February,2,17,05:58,0.66,17/02/2025,2025-02-17 05:58:00,Low
February,2,17,12:02,1.56,17/02/2025,2025-02-17 12:02:00,High
February,2,17,18:14,0.54,17/02/2025,2025-02-17 18:14:00,Low
February,2,18,00:40,1.54,18/02/2025,2025-02-18 00:40:00,High
February,2,18,06:42,0.71,18/02/2025,2025-02-18 06:42:00,Low
February,2,18,12:38,1.45,18/02/2025,2025-02-18 12:38:00,High
February,2,18,18:43,0.61,18/02/2025,2025-02-18 18:43:00,Low
February,2,19,01:18,1.54,19/02/2025,2025-02-19 01:18:00,High
February,2,19,07:32,0.75,19/02/2025,2025-02-19 07:32:00,Low
February,2,19,13:18,1.33,19/02/2025,2025-02-19 13:18:00,High
February,2,19,19:15,0.68,19/02/2025,2025-02-19 19:15:00,Low
February,2,20,02:03,1.52,20/02/2025,2025-02-20 02:03:00,High
February,2,20,08:33,0.8,20/02/2025,2025-02-20 08:33:00,Low
February,2,20,14:10,1.23,20/02/2025,2025-02-20 14:10:00,High
February,2,20,19:57,0.75,20/02/2025,2025-02-20 19:57:00,Low
February,2,21,02:58,1.51,21/02/2025,2025-02-21 02:58:00,High
February,2,21,09:49,0.81,21/02/2025,2025-02-21 09:49:00,Low
February,2,21,15:23,1.15,21/02/2025,2025-02-21 15:23:00,High
February,2,21,20:56,0.81,21/02/2025,2025-02-21 20:56:00,Low
February,2,22,04:04,1.51,22/02/2025,2025-02-22 04:04:00,High
February,2,22,11:13,0.77,22/02/2025,2025-02-22 11:13:00,Low
February,2,22,16:54,1.13,22/02/2025,2025-02-22 16:54:00,High
February,2,22,22:14,0.83,22/02/2025,2025-02-22 22:14:00,Low
February,2,23,05:14,1.56,23/02/2025,2025-02-23 05:14:00,High
February,2,23,12:23,0.69,23/02/2025,2025-02-23 12:23:00,Low
February,2,23,18:14,1.18,23/02/2025,2025-02-23 18:14:00,High
February,2,23,23:29,0.8,23/02/2025,2025-02-23 23:29:00,Low
February,2,24,06:15,1.65,24/02/2025,2025-02-24 06:15:00,High
February,2,24,13:16,0.58,24/02/2025,2025-02-24 13:16:00,Low
February,2,24,19:10,1.26,24/02/2025,2025-02-24 19:10:00,High
February,2,25,00:30,0.72,25/02/2025,2025-02-25 00:30:00,Low
February,2,25,07:08,1.76,25/02/2025,2025-02-25 07:08:00,High
February,2,25,14:00,0.47,25/02/2025,2025-02-25 14:00:00,Low
February,2,25,19:56,1.36,25/02/2025,2025-02-25 19:56:00,High
February,2,26,01:22,0.63,26/02/2025,2025-02-26 01:22:00,Low
February,2,26,07:56,1.87,26/02/2025,2025-02-26 07:56:00,High
February,2,26,14:38,0.37,26/02/2025,2025-02-26 14:38:00,Low
February,2,26,20:38,1.46,26/02/2025,2025-02-26 20:38:00,High
February,2,27,02:09,0.53,27/02/2025,2025-02-27 02:09:00,Low
February,2,27,08:40,1.95,27/02/2025,2025-02-27 08:40:00,High
February,2,27,15:15,0.29,27/02/2025,2025-02-27 15:15:00,Low
February,2,27,21:19,1.56,27/02/2025,2025-02-27 21:19:00,High
February,2,28,02:56,0.45,28/02/2025,2025-02-28 02:56:00,Low
February,2,28,09:24,2,28/02/2025,2025-02-28 09:24:00,High
February,2,28,15:53,0.24,28/02/2025,2025-02-28 15:53:00,Low
February,2,28,22:00,1.66,28/02/2025,2025-02-28 22:00:00,High
March,3,1,03:45,0.4,01/03/2025,2025-03-01 03:45:00,Low
March,3,1,10:08,1.98,01/03/2025,2025-03-01 10:08:00,High
March,3,1,16:31,0.23,01/03/2025,2025-03-01 16:31:00,Low
March,3,1,22:43,1.74,01/03/2025,2025-03-01 22:43:00,High
March,3,2,04:35,0.38,02/03/2025,2025-03-02 04:35:00,Low
March,3,2,10:54,1.91,02/03/2025,2025-03-02 10:54:00,High
March,3,2,17:10,0.27,02/03/2025,2025-03-02 17:10:00,Low
March,3,2,23:27,1.8,02/03/2025,2025-03-02 23:27:00,High
March,3,3,05:29,0.4,03/03/2025,2025-03-03 05:29:00,Low
March,3,3,11:41,1.77,03/03/2025,2025-03-03 11:41:00,High
March,3,3,17:50,0.35,03/03/2025,2025-03-03 17:50:00,Low
March,3,4,00:13,1.82,04/03/2025,2025-03-04 00:13:00,High
March,3,4,06:26,0.46,04/03/2025,2025-03-04 06:26:00,Low
March,3,4,12:31,1.61,04/03/2025,2025-03-04 12:31:00,High
March,3,4,18:31,0.47,04/03/2025,2025-03-04 18:31:00,Low
March,3,5,01:01,1.81,05/03/2025,2025-03-05 01:01:00,High
March,3,5,07:29,0.53,05/03/2025,2025-03-05 07:29:00,Low
March,3,5,13:27,1.43,05/03/2025,2025-03-05 13:27:00,High
March,3,5,19:16,0.59,05/03/2025,2025-03-05 19:16:00,Low
March,3,6,01:57,1.76,06/03/2025,2025-03-06 01:57:00,High
March,3,6,08:42,0.6,06/03/2025,2025-03-06 08:42:00,Low
March,3,6,14:34,1.28,06/03/2025,2025-03-06 14:34:00,High
March,3,6,20:11,0.71,06/03/2025,2025-03-06 20:11:00,Low
March,3,7,03:00,1.71,07/03/2025,2025-03-07 03:00:00,High
March,3,7,10:05,0.63,07/03/2025,2025-03-07 10:05:00,Low
March,3,7,16:01,1.19,07/03/2025,2025-03-07 16:01:00,High
March,3,7,21:22,0.8,07/03/2025,2025-03-07 21:22:00,Low
March,3,8,04:15,1.68,08/03/2025,2025-03-08 04:15:00,High
March,3,8,11:30,0.62,08/03/2025,2025-03-08 11:30:00,Low
March,3,8,17:35,1.2,08/03/2025,2025-03-08 17:35:00,High
March,3,8,22:45,0.82,08/03/2025,2025-03-08 22:45:00,Low
March,3,9,05:30,1.69,09/03/2025,2025-03-09 05:30:00,High
March,3,9,12:38,0.57,09/03/2025,2025-03-09 12:38:00,Low
March,3,9,18:44,1.27,09/03/2025,2025-03-09 18:44:00,High
March,3,10,00:00,0.78,10/03/2025,2025-03-10 00:00:00,Low
March,3,10,06:34,1.72,10/03/2025,2025-03-10 06:34:00,High
March,3,10,13:30,0.52,10/03/2025,2025-03-10 13:30:00,Low
March,3,10,19:33,1.36,10/03/2025,2025-03-10 19:33:00,High
March,3,11,01:00,0.71,11/03/2025,2025-03-11 01:00:00,Low
March,3,11,07:27,1.76,11/03/2025,2025-03-11 07:27:00,High
March,3,11,14:10,0.48,11/03/2025,2025-03-11 14:10:00,Low
March,3,11,20:14,1.43,11/03/2025,2025-03-11 20:14:00,High
March,3,12,01:48,0.64,12/03/2025,2025-03-12 01:48:00,Low
March,3,12,08:11,1.78,12/03/2025,2025-03-12 08:11:00,High
March,3,12,14:45,0.46,12/03/2025,2025-03-12 14:45:00,Low
March,3,12,20:50,1.5,12/03/2025,2025-03-12 20:50:00,High
March,3,13,02:30,0.59,13/03/2025,2025-03-13 02:30:00,Low
March,3,13,08:49,1.78,13/03/2025,2025-03-13 08:49:00,High
March,3,13,15:15,0.45,13/03/2025,2025-03-13 15:15:00,Low
March,3,13,21:23,1.56,13/03/2025,2025-03-13 21:23:00,High
March,3,14,03:08,0.57,14/03/2025,2025-03-14 03:08:00,Low
March,3,14,09:24,1.75,14/03/2025,2025-03-14 09:24:00,High
March,3,14,15:43,0.45,14/03/2025,2025-03-14 15:43:00,Low
March,3,14,21:54,1.6,14/03/2025,2025-03-14 21:54:00,High
March,3,15,03:45,0.56,15/03/2025,2025-03-15 03:45:00,Low
March,3,15,09:57,1.71,15/03/2025,2025-03-15 09:57:00,High
March,3,15,16:09,0.47,15/03/2025,2025-03-15 16:09:00,Low
March,3,15,22:24,1.64,15/03/2025,2025-03-15 22:24:00,High
March,3,16,04:21,0.56,16/03/2025,2025-03-16 04:21:00,Low
March,3,16,10:30,1.64,16/03/2025,2025-03-16 10:30:00,High
March,3,16,16:34,0.51,16/03/2025,2025-03-16 16:34:00,Low
March,3,16,22:54,1.67,16/03/2025,2025-03-16 22:54:00,High
March,3,17,04:58,0.58,17/03/2025,2025-03-17 04:58:00,Low
March,3,17,11:02,1.57,17/03/2025,2025-03-17 11:02:00,High
March,3,17,17:00,0.55,17/03/2025,2025-03-17 17:00:00,Low
March,3,17,23:24,1.68,17/03/2025,2025-03-17 23:24:00,High
March,3,18,05:37,0.61,18/03/2025,2025-03-18 05:37:00,Low
March,3,18,11:37,1.48,18/03/2025,2025-03-18 11:37:00,High
March,3,18,17:26,0.61,18/03/2025,2025-03-18 17:26:00,Low
March,3,18,23:56,1.68,18/03/2025,2025-03-18 23:56:00,High
March,3,19,06:19,0.65,19/03/2025,2025-03-19 06:19:00,Low
March,3,19,12:15,1.39,19/03/2025,2025-03-19 12:15:00,High
March,3,19,17:55,0.68,19/03/2025,2025-03-19 17:55:00,Low
March,3,20,00:31,1.65,20/03/2025,2025-03-20 00:31:00,High
March,3,20,07:07,0.7,20/03/2025,2025-03-20 07:07:00,Low
March,3,20,12:57,1.31,20/03/2025,2025-03-20 12:57:00,High
March,3,20,18:28,0.76,20/03/2025,2025-03-20 18:28:00,Low
March,3,21,01:14,1.61,21/03/2025,2025-03-21 01:14:00,High
March,3,21,08:02,0.74,21/03/2025,2025-03-21 08:02:00,Low
March,3,21,13:49,1.23,21/03/2025,2025-03-21 13:49:00,High
March,3,21,19:11,0.83,21/03/2025,2025-03-21 19:11:00,Low
March,3,22,02:06,1.56,22/03/2025,2025-03-22 02:06:00,High
March,3,22,09:12,0.77,22/03/2025,2025-03-22 09:12:00,Low
March,3,22,15:00,1.18,22/03/2025,2025-03-22 15:00:00,High
March,3,22,20:13,0.89,22/03/2025,2025-03-22 20:13:00,Low
March,3,23,03:15,1.54,23/03/2025,2025-03-23 03:15:00,High
March,3,23,10:30,0.75,23/03/2025,2025-03-23 10:30:00,Low
March,3,23,16:29,1.18,23/03/2025,2025-03-23 16:29:00,High
March,3,23,21:39,0.9,23/03/2025,2025-03-23 21:39:00,Low
March,3,24,04:31,1.57,24/03/2025,2025-03-24 04:31:00,High
March,3,24,11:39,0.67,24/03/2025,2025-03-24 11:39:00,Low
March,3,24,17:45,1.25,24/03/2025,2025-03-24 17:45:00,High
March,3,24,23:01,0.85,24/03/2025,2025-03-24 23:01:00,Low
March,3,25,05:39,1.66,25/03/2025,2025-03-25 05:39:00,High
March,3,25,12:33,0.57,25/03/2025,2025-03-25 12:33:00,Low
March,3,25,18:39,1.35,25/03/2025,2025-03-25 18:39:00,High
March,3,26,00:06,0.75,26/03/2025,2025-03-26 00:06:00,Low
March,3,26,06:35,1.76,26/03/2025,2025-03-26 06:35:00,High
March,3,26,13:17,0.46,26/03/2025,2025-03-26 13:17:00,Low
March,3,26,19:25,1.48,26/03/2025,2025-03-26 19:25:00,High
March,3,27,01:00,0.63,27/03/2025,2025-03-27 01:00:00,Low
March,3,27,07:24,1.85,27/03/2025,2025-03-27 07:24:00,High
March,3,27,13:58,0.37,27/03/2025,2025-03-27 13:58:00,Low
March,3,27,20:07,1.61,27/03/2025,2025-03-27 20:07:00,High
March,3,28,01:52,0.52,28/03/2025,2025-03-28 01:52:00,Low
March,3,28,08:12,1.91,28/03/2025,2025-03-28 08:12:00,High
March,3,28,14:37,0.3,28/03/2025,2025-03-28 14:37:00,Low
March,3,28,20:49,1.75,28/03/2025,2025-03-28 20:49:00,High
March,3,29,02:42,0.42,29/03/2025,2025-03-29 02:42:00,Low
March,3,29,08:59,1.92,29/03/2025,2025-03-29 08:59:00,High
March,3,29,15:15,0.28,29/03/2025,2025-03-29 15:15:00,Low
March,3,29,21:31,1.86,29/03/2025,2025-03-29 21:31:00,High
March,3,30,03:33,0.36,30/03/2025,2025-03-30 03:33:00,Low
March,3,30,09:47,1.87,30/03/2025,2025-03-30 09:47:00,High
March,3,30,15:55,0.3,30/03/2025,2025-03-30 15:55:00,Low
March,3,30,22:15,1.95,30/03/2025,2025-03-30 22:15:00,High
March,3,31,04:27,0.33,31/03/2025,2025-03-31 04:27:00,Low
March,3,31,10:37,1.77,31/03/2025,2025-03-31 10:37:00,High
March,3,31,16:36,0.37,31/03/2025,2025-03-31 16:36:00,Low
March,3,31,23:00,1.99,31/03/2025,2025-03-31 23:00:00,High
April,4,1,05:23,0.35,01/04/2025,2025-04-01 05:23:00,Low
April,4,1,11:30,1.63,01/04/2025,2025-04-01 11:30:00,High
April,4,1,17:18,0.48,01/04/2025,2025-04-01 17:18:00,Low
April,4,1,23:47,1.98,01/04/2025,2025-04-01 23:47:00,High
April,4,2,06:22,0.41,02/04/2025,2025-04-02 06:22:00,Low
April,4,2,12:26,1.49,02/04/2025,2025-04-02 12:26:00,High
April,4,2,18:03,0.6,02/04/2025,2025-04-02 18:03:00,Low
April,4,3,00:38,1.93,03/04/2025,2025-04-03 00:38:00,High
April,4,3,07:27,0.49,03/04/2025,2025-04-03 07:27:00,Low
April,4,3,13:28,1.36,03/04/2025,2025-04-03 13:28:00,High
April,4,3,18:54,0.73,03/04/2025,2025-04-03 18:54:00,Low
April,4,4,01:34,1.83,04/04/2025,2025-04-04 01:34:00,High
April,4,4,08:38,0.56,04/04/2025,2025-04-04 08:38:00,Low
April,4,4,14:41,1.27,04/04/2025,2025-04-04 14:41:00,High
April,4,4,19:56,0.83,04/04/2025,2025-04-04 19:56:00,Low
April,4,5,02:40,1.74,05/04/2025,2025-04-05 02:40:00,High
April,4,5,09:54,0.61,05/04/2025,2025-04-05 09:54:00,Low
April,4,5,16:06,1.25,05/04/2025,2025-04-05 16:06:00,High
April,4,5,21:14,0.89,05/04/2025,2025-04-05 21:14:00,Low
April,4,6,02:55,1.67,06/04/2025,2025-04-06 02:55:00,High
April,4,6,10:06,0.62,06/04/2025,2025-04-06 10:06:00,Low
April,4,6,16:23,1.29,06/04/2025,2025-04-06 16:23:00,High
April,4,6,21:37,0.88,06/04/2025,2025-04-06 21:37:00,Low
April,4,7,04:09,1.65,07/04/2025,2025-04-07 04:09:00,High
April,4,7,11:05,0.61,07/04/2025,2025-04-07 11:05:00,Low
April,4,7,17:21,1.37,07/04/2025,2025-04-07 17:21:00,High
April,4,7,22:49,0.83,07/04/2025,2025-04-07 22:49:00,Low
April,4,8,05:10,1.65,08/04/2025,2025-04-08 05:10:00,High
April,4,8,11:52,0.59,08/04/2025,2025-04-08 11:52:00,Low
April,4,8,18:05,1.45,08/04/2025,2025-04-08 18:05:00,High
April,4,8,23:47,0.76,08/04/2025,2025-04-08 23:47:00,Low
April,4,9,05:59,1.66,09/04/2025,2025-04-09 05:59:00,High
April,4,9,12:30,0.56,09/04/2025,2025-04-09 12:30:00,Low
April,4,9,18:44,1.54,09/04/2025,2025-04-09 18:44:00,High
April,4,10,00:33,0.69,10/04/2025,2025-04-10 00:33:00,Low
April,4,10,06:41,1.66,10/04/2025,2025-04-10 06:41:00,High
April,4,10,13:01,0.55,10/04/2025,2025-04-10 13:01:00,Low
April,4,10,19:17,1.61,10/04/2025,2025-04-10 19:17:00,High
April,4,11,01:15,0.65,11/04/2025,2025-04-11 01:15:00,Low
April,4,11,07:17,1.65,11/04/2025,2025-04-11 07:17:00,High
April,4,11,13:30,0.54,11/04/2025,2025-04-11 13:30:00,Low
April,4,11,19:49,1.67,11/04/2025,2025-04-11 19:49:00,High
April,4,12,01:52,0.61,12/04/2025,2025-04-12 01:52:00,Low
April,4,12,07:53,1.62,12/04/2025,2025-04-12 07:53:00,High
April,4,12,13:56,0.55,12/04/2025,2025-04-12 13:56:00,Low
April,4,12,20:18,1.73,12/04/2025,2025-04-12 20:18:00,High
April,4,13,02:28,0.58,13/04/2025,2025-04-13 02:28:00,Low
April,4,13,08:28,1.58,13/04/2025,2025-04-13 08:28:00,High
April,4,13,14:22,0.57,13/04/2025,2025-04-13 14:22:00,Low
April,4,13,20:47,1.77,13/04/2025,2025-04-13 20:47:00,High
April,4,14,03:03,0.57,14/04/2025,2025-04-14 03:03:00,Low
April,4,14,09:02,1.54,14/04/2025,2025-04-14 09:02:00,High
April,4,14,14:48,0.61,14/04/2025,2025-04-14 14:48:00,Low
April,4,14,21:17,1.8,14/04/2025,2025-04-14 21:17:00,High
April,4,15,03:41,0.57,15/04/2025,2025-04-15 03:41:00,Low
April,4,15,09:39,1.48,15/04/2025,2025-04-15 09:39:00,High
April,4,15,15:17,0.65,15/04/2025,2025-04-15 15:17:00,Low
April,4,15,21:48,1.8,15/04/2025,2025-04-15 21:48:00,High
April,4,16,04:19,0.58,16/04/2025,2025-04-16 04:19:00,Low
April,4,16,10:18,1.42,16/04/2025,2025-04-16 10:18:00,High
April,4,16,15:47,0.71,16/04/2025,2025-04-16 15:47:00,Low
April,4,16,22:21,1.79,16/04/2025,2025-04-16 22:21:00,High
April,4,17,05:01,0.62,17/04/2025,2025-04-17 05:01:00,Low
April,4,17,10:59,1.37,17/04/2025,2025-04-17 10:59:00,High
April,4,17,16:21,0.77,17/04/2025,2025-04-17 16:21:00,Low
April,4,17,22:58,1.75,17/04/2025,2025-04-17 22:58:00,High
April,4,18,05:47,0.66,18/04/2025,2025-04-18 05:47:00,Low
April,4,18,11:45,1.31,18/04/2025,2025-04-18 11:45:00,High
April,4,18,17:00,0.83,18/04/2025,2025-04-18 17:00:00,Low
April,4,18,23:40,1.69,18/04/2025,2025-04-18 23:40:00,High
April,4,19,06:40,0.7,19/04/2025,2025-04-19 06:40:00,Low
April,4,19,12:38,1.26,19/04/2025,2025-04-19 12:38:00,High
April,4,19,17:47,0.89,19/04/2025,2025-04-19 17:47:00,Low
April,4,20,00:32,1.64,20/04/2025,2025-04-20 00:32:00,High
April,4,20,07:43,0.72,20/04/2025,2025-04-20 07:43:00,Low
April,4,20,13:45,1.25,20/04/2025,2025-04-20 13:45:00,High
April,4,20,18:52,0.92,20/04/2025,2025-04-20 18:52:00,Low
April,4,21,01:37,1.61,21/04/2025,2025-04-21 01:37:00,High
April,4,21,08:50,0.69,21/04/2025,2025-04-21 08:50:00,Low
April,4,21,15:00,1.28,21/04/2025,2025-04-21 15:00:00,High
April,4,21,20:12,0.92,21/04/2025,2025-04-21 20:12:00,Low
April,4,22,02:51,1.63,22/04/2025,2025-04-22 02:51:00,High
April,4,22,09:51,0.63,22/04/2025,2025-04-22 09:51:00,Low
April,4,22,16:06,1.36,22/04/2025,2025-04-22 16:06:00,High
April,4,22,21:31,0.86,22/04/2025,2025-04-22 21:31:00,Low
April,4,23,04:00,1.68,23/04/2025,2025-04-23 04:00:00,High
April,4,23,10:44,0.55,23/04/2025,2025-04-23 10:44:00,Low
April,4,23,17:00,1.48,23/04/2025,2025-04-23 17:00:00,High
April,4,23,22:39,0.76,23/04/2025,2025-04-23 22:39:00,Low
April,4,24,04:58,1.75,24/04/2025,2025-04-24 04:58:00,High
April,4,24,11:30,0.47,24/04/2025,2025-04-24 11:30:00,Low
April,4,24,17:48,1.63,24/04/2025,2025-04-24 17:48:00,High
April,4,24,23:39,0.64,24/04/2025,2025-04-24 23:39:00,Low
April,4,25,05:51,1.8,25/04/2025,2025-04-25 05:51:00,High
April,4,25,12:13,0.41,25/04/2025,2025-04-25 12:13:00,Low
April,4,25,18:33,1.78,25/04/2025,2025-04-25 18:33:00,High
April,4,26,00:34,0.52,26/04/2025,2025-04-26 00:34:00,Low
April,4,26,06:43,1.81,26/04/2025,2025-04-26 06:43:00,High
April,4,26,12:54,0.38,26/04/2025,2025-04-26 12:54:00,Low
April,4,26,19:17,1.92,26/04/2025,2025-04-26 19:17:00,High
April,4,27,01:29,0.42,27/04/2025,2025-04-27 01:29:00,Low
April,4,27,07:35,1.78,27/04/2025,2025-04-27 07:35:00,High
April,4,27,13:36,0.39,27/04/2025,2025-04-27 13:36:00,Low
April,4,27,20:02,2.03,27/04/2025,2025-04-27 20:02:00,High
April,4,28,02:24,0.35,28/04/2025,2025-04-28 02:24:00,Low
April,4,28,08:29,1.71,28/04/2025,2025-04-28 08:29:00,High
April,4,28,14:19,0.44,28/04/2025,2025-04-28 14:19:00,Low
April,4,28,20:48,2.1,28/04/2025,2025-04-28 20:48:00,High
April,4,29,03:19,0.32,29/04/2025,2025-04-29 03:19:00,Low
April,4,29,09:25,1.62,29/04/2025,2025-04-29 09:25:00,High
April,4,29,15:04,0.51,29/04/2025,2025-04-29 15:04:00,Low
April,4,29,21:36,2.12,29/04/2025,2025-04-29 21:36:00,High
April,4,30,04:16,0.34,30/04/2025,2025-04-30 04:16:00,Low
April,4,30,10:22,1.52,30/04/2025,2025-04-30 10:22:00,High
April,4,30,15:52,0.61,30/04/2025,2025-04-30 15:52:00,Low
April,4,30,22:26,2.07,30/04/2025,2025-04-30 22:26:00,High
May,5,1,05:15,0.39,01/05/2025,2025-05-01 05:15:00,Low
May,5,1,11:22,1.43,01/05/2025,2025-05-01 11:22:00,High
May,5,1,16:44,0.71,01/05/2025,2025-05-01 16:44:00,Low
May,5,1,23:18,1.99,01/05/2025,2025-05-01 23:18:00,High
May,5,2,06:18,0.46,02/05/2025,2025-05-02 06:18:00,Low
May,5,2,12:24,1.36,02/05/2025,2025-05-02 12:24:00,High
May,5,2,17:40,0.81,02/05/2025,2025-05-02 17:40:00,Low
May,5,3,00:15,1.87,03/05/2025,2025-05-03 00:15:00,High
May,5,3,07:22,0.54,03/05/2025,2025-05-03 07:22:00,Low
May,5,3,13:32,1.33,03/05/2025,2025-05-03 13:32:00,High
May,5,3,18:44,0.88,03/05/2025,2025-05-03 18:44:00,Low
May,5,4,01:16,1.75,04/05/2025,2025-05-04 01:16:00,High
May,5,4,08:26,0.6,04/05/2025,2025-05-04 08:26:00,Low
May,5,4,14:43,1.34,04/05/2025,2025-05-04 14:43:00,High
May,5,4,19:56,0.92,04/05/2025,2025-05-04 19:56:00,Low
May,5,5,02:24,1.66,05/05/2025,2025-05-05 02:24:00,High
May,5,5,09:25,0.64,05/05/2025,2025-05-05 09:25:00,Low
May,5,5,15:47,1.38,05/05/2025,2025-05-05 15:47:00,High
May,5,5,21:12,0.91,05/05/2025,2025-05-05 21:12:00,Low
May,5,6,03:30,1.6,06/05/2025,2025-05-06 03:30:00,High
May,5,6,10:15,0.66,06/05/2025,2025-05-06 10:15:00,Low
May,5,6,16:41,1.45,06/05/2025,2025-05-06 16:41:00,High
May,5,6,22:21,0.87,06/05/2025,2025-05-06 22:21:00,Low
May,5,7,04:30,1.57,07/05/2025,2025-05-07 04:30:00,High
May,5,7,10:59,0.65,07/05/2025,2025-05-07 10:59:00,Low
May,5,7,17:25,1.53,07/05/2025,2025-05-07 17:25:00,High
May,5,7,23:21,0.82,07/05/2025,2025-05-07 23:21:00,Low
May,5,8,05:18,1.55,08/05/2025,2025-05-08 05:18:00,High
May,5,8,11:35,0.64,08/05/2025,2025-05-08 11:35:00,Low
May,5,8,18:04,1.61,08/05/2025,2025-05-08 18:04:00,High
May,5,9,00:10,0.76,09/05/2025,2025-05-09 00:10:00,Low
May,5,9,06:02,1.53,09/05/2025,2025-05-09 06:02:00,High
May,5,9,12:08,0.63,09/05/2025,2025-05-09 12:08:00,Low
May,5,9,18:39,1.69,09/05/2025,2025-05-09 18:39:00,High
May,5,10,00:53,0.7,10/05/2025,2025-05-10 00:53:00,Low
May,5,10,06:43,1.51,10/05/2025,2025-05-10 06:43:00,High
May,5,10,12:38,0.63,10/05/2025,2025-05-10 12:38:00,Low
May,5,10,19:11,1.76,10/05/2025,2025-05-10 19:11:00,High
May,5,11,01:32,0.64,11/05/2025,2025-05-11 01:32:00,Low
May,5,11,07:21,1.49,11/05/2025,2025-05-11 07:21:00,High
May,5,11,13:07,0.65,11/05/2025,2025-05-11 13:07:00,Low
May,5,11,19:42,1.81,11/05/2025,2025-05-11 19:42:00,High
May,5,12,02:09,0.6,12/05/2025,2025-05-12 02:09:00,Low
May,5,12,08:00,1.47,12/05/2025,2025-05-12 08:00:00,High
May,5,12,13:38,0.67,12/05/2025,2025-05-12 13:38:00,Low
May,5,12,20:13,1.85,12/05/2025,2025-05-12 20:13:00,High
May,5,13,02:46,0.57,13/05/2025,2025-05-13 02:46:00,Low
May,5,13,08:40,1.45,13/05/2025,2025-05-13 08:40:00,High
May,5,13,14:10,0.7,13/05/2025,2025-05-13 14:10:00,Low
May,5,13,20:45,1.88,13/05/2025,2025-05-13 20:45:00,High
May,5,14,03:24,0.55,14/05/2025,2025-05-14 03:24:00,Low
May,5,14,09:20,1.42,14/05/2025,2025-05-14 09:20:00,High
May,5,14,14:44,0.73,14/05/2025,2025-05-14 14:44:00,Low
May,5,14,21:20,1.88,14/05/2025,2025-05-14 21:20:00,High
May,5,15,04:02,0.56,15/05/2025,2025-05-15 04:02:00,Low
May,5,15,10:02,1.39,15/05/2025,2025-05-15 10:02:00,High
May,5,15,15:20,0.77,15/05/2025,2025-05-15 15:20:00,Low
May,5,15,21:57,1.86,15/05/2025,2025-05-15 21:57:00,High
May,5,16,04:45,0.58,16/05/2025,2025-05-16 04:45:00,Low
May,5,16,10:45,1.37,16/05/2025,2025-05-16 10:45:00,High
May,5,16,16:00,0.81,16/05/2025,2025-05-16 16:00:00,Low
May,5,16,22:36,1.82,16/05/2025,2025-05-16 22:36:00,High
May,5,17,05:30,0.61,17/05/2025,2025-05-17 05:30:00,Low
May,5,17,11:32,1.34,17/05/2025,2025-05-17 11:32:00,High
May,5,17,16:45,0.84,17/05/2025,2025-05-17 16:45:00,Low
May,5,17,23:20,1.78,17/05/2025,2025-05-17 23:20:00,High
May,5,18,06:20,0.63,18/05/2025,2025-05-18 06:20:00,Low
May,5,18,12:25,1.33,18/05/2025,2025-05-18 12:25:00,High
May,5,18,17:37,0.87,18/05/2025,2025-05-18 17:37:00,Low
May,5,19,00:11,1.73,19/05/2025,2025-05-19 00:11:00,High
May,5,19,07:15,0.64,19/05/2025,2025-05-19 07:15:00,Low
May,5,19,13:24,1.34,19/05/2025,2025-05-19 13:24:00,High
May,5,19,18:38,0.89,19/05/2025,2025-05-19 18:38:00,Low
May,5,20,01:09,1.7,20/05/2025,2025-05-20 01:09:00,High
May,5,20,08:11,0.62,20/05/2025,2025-05-20 08:11:00,Low
May,5,20,14:26,1.39,20/05/2025,2025-05-20 14:26:00,High
May,5,20,19:48,0.88,20/05/2025,2025-05-20 19:48:00,Low
May,5,21,02:14,1.68,21/05/2025,2025-05-21 02:14:00,High
May,5,21,09:04,0.58,21/05/2025,2025-05-21 09:04:00,Low
May,5,21,15:27,1.48,21/05/2025,2025-05-21 15:27:00,High
May,5,21,21:02,0.84,21/05/2025,2025-05-21 21:02:00,Low
May,5,22,03:19,1.67,22/05/2025,2025-05-22 03:19:00,High
May,5,22,09:55,0.53,22/05/2025,2025-05-22 09:55:00,Low
May,5,22,16:21,1.61,22/05/2025,2025-05-22 16:21:00,High
May,5,22,22:14,0.75,22/05/2025,2025-05-22 22:14:00,Low
May,5,23,04:22,1.67,23/05/2025,2025-05-23 04:22:00,High
May,5,23,10:43,0.49,23/05/2025,2025-05-23 10:43:00,Low
May,5,23,17:12,1.75,23/05/2025,2025-05-23 17:12:00,High
May,5,23,23:19,0.64,23/05/2025,2025-05-23 23:19:00,Low
May,5,24,05:22,1.66,24/05/2025,2025-05-24 05:22:00,High
May,5,24,11:29,0.47,24/05/2025,2025-05-24 11:29:00,Low
May,5,24,18:00,1.89,24/05/2025,2025-05-24 18:00:00,High
May,5,25,00:21,0.52,25/05/2025,2025-05-25 00:21:00,Low
May,5,25,06:19,1.64,25/05/2025,2025-05-25 06:19:00,High
May,5,25,12:15,0.48,25/05/2025,2025-05-25 12:15:00,Low
May,5,25,18:48,2.02,25/05/2025,2025-05-25 18:48:00,High
May,5,26,01:19,0.42,26/05/2025,2025-05-26 01:19:00,Low
May,5,26,07:17,1.6,26/05/2025,2025-05-26 07:17:00,High
May,5,26,13:01,0.51,26/05/2025,2025-05-26 13:01:00,Low
May,5,26,19:37,2.11,26/05/2025,2025-05-26 19:37:00,High
May,5,27,02:16,0.35,27/05/2025,2025-05-27 02:16:00,Low
May,5,27,08:16,1.55,27/05/2025,2025-05-27 08:16:00,High
May,5,27,13:50,0.55,27/05/2025,2025-05-27 13:50:00,Low
May,5,27,20:27,2.15,27/05/2025,2025-05-27 20:27:00,High
May,5,28,03:12,0.32,28/05/2025,2025-05-28 03:12:00,Low
May,5,28,09:15,1.51,28/05/2025,2025-05-28 09:15:00,High
May,5,28,14:41,0.61,28/05/2025,2025-05-28 14:41:00,Low
May,5,28,21:18,2.15,28/05/2025,2025-05-28 21:18:00,High
May,5,29,04:07,0.33,29/05/2025,2025-05-29 04:07:00,Low
May,5,29,10:14,1.46,29/05/2025,2025-05-29 10:14:00,High
May,5,29,15:33,0.67,29/05/2025,2025-05-29 15:33:00,Low
May,5,29,22:09,2.09,29/05/2025,2025-05-29 22:09:00,High
May,5,30,05:02,0.38,30/05/2025,2025-05-30 05:02:00,Low
May,5,30,11:10,1.43,30/05/2025,2025-05-30 11:10:00,High
May,5,30,16:28,0.74,30/05/2025,2025-05-30 16:28:00,Low
May,5,30,23:00,1.99,30/05/2025,2025-05-30 23:00:00,High
May,5,31,05:58,0.46,31/05/2025,2025-05-31 05:58:00,Low
May,5,31,12:06,1.4,31/05/2025,2025-05-31 12:06:00,High
May,5,31,17:23,0.8,31/05/2025,2025-05-31 17:23:00,Low
May,5,31,23:52,1.87,31/05/2025,2025-05-31 23:52:00,High
June,6,1,06:51,0.53,01/06/2025,2025-06-01 06:51:00,Low
June,6,1,13:02,1.39,01/06/2025,2025-06-01 13:02:00,High
June,6,1,18:21,0.85,01/06/2025,2025-06-01 18:21:00,Low
June,6,2,00:45,1.75,02/06/2025,2025-06-02 00:45:00,High
June,6,2,07:42,0.6,02/06/2025,2025-06-02 07:42:00,Low
June,6,2,14:00,1.4,02/06/2025,2025-06-02 14:00:00,High
June,6,2,19:23,0.9,02/06/2025,2025-06-02 19:23:00,Low
June,6,3,01:39,1.63,03/06/2025,2025-06-03 01:39:00,High
June,6,3,08:30,0.65,03/06/2025,2025-06-03 08:30:00,Low
June,6,3,14:56,1.43,03/06/2025,2025-06-03 14:56:00,High
June,6,3,20:30,0.91,03/06/2025,2025-06-03 20:30:00,Low
June,6,4,02:36,1.53,04/06/2025,2025-06-04 02:36:00,High
June,6,4,09:14,0.68,04/06/2025,2025-06-04 09:14:00,Low
June,6,4,15:48,1.49,04/06/2025,2025-06-04 15:48:00,High
June,6,4,21:39,0.9,04/06/2025,2025-06-04 21:39:00,Low
June,6,5,03:34,1.46,05/06/2025,2025-06-05 03:34:00,High
June,6,5,09:54,0.69,05/06/2025,2025-06-05 09:54:00,Low
June,6,5,16:35,1.56,05/06/2025,2025-06-05 16:35:00,High
June,6,5,22:45,0.86,05/06/2025,2025-06-05 22:45:00,Low
June,6,6,04:30,1.42,06/06/2025,2025-06-06 04:30:00,High
June,6,6,10:33,0.69,06/06/2025,2025-06-06 10:33:00,Low
June,6,6,17:17,1.64,06/06/2025,2025-06-06 17:17:00,High
June,6,6,23:42,0.8,06/06/2025,2025-06-06 23:42:00,Low
June,6,7,05:21,1.4,07/06/2025,2025-06-07 05:21:00,High
June,6,7,11:12,0.69,07/06/2025,2025-06-07 11:12:00,Low
June,6,7,17:56,1.71,07/06/2025,2025-06-07 17:56:00,High
June,6,8,00:30,0.72,08/06/2025,2025-06-08 00:30:00,Low
June,6,8,06:09,1.39,08/06/2025,2025-06-08 06:09:00,High
June,6,8,11:48,0.7,08/06/2025,2025-06-08 11:48:00,Low
June,6,8,18:32,1.78,08/06/2025,2025-06-08 18:32:00,High
June,6,9,01:12,0.65,09/06/2025,2025-06-09 01:12:00,Low
June,6,9,06:54,1.38,09/06/2025,2025-06-09 06:54:00,High
June,6,9,12:26,0.71,09/06/2025,2025-06-09 12:26:00,Low
June,6,9,19:08,1.83,09/06/2025,2025-06-09 19:08:00,High
June,6,10,01:50,0.59,10/06/2025,2025-06-10 01:50:00,Low
June,6,10,07:38,1.39,10/06/2025,2025-06-10 07:38:00,High
June,6,10,13:03,0.72,10/06/2025,2025-06-10 13:03:00,Low
June,6,10,19:45,1.87,10/06/2025,2025-06-10 19:45:00,High
June,6,11,02:29,0.54,11/06/2025,2025-06-11 02:29:00,Low
June,6,11,08:20,1.39,11/06/2025,2025-06-11 08:20:00,High
June,6,11,13:42,0.72,11/06/2025,2025-06-11 13:42:00,Low
June,6,11,20:21,1.9,11/06/2025,2025-06-11 20:21:00,High
June,6,12,03:07,0.52,12/06/2025,2025-06-12 03:07:00,Low
June,6,12,09:03,1.39,12/06/2025,2025-06-12 09:03:00,High
June,6,12,14:21,0.73,12/06/2025,2025-06-12 14:21:00,Low
June,6,12,21:00,1.91,12/06/2025,2025-06-12 21:00:00,High
June,6,13,03:46,0.51,13/06/2025,2025-06-13 03:46:00,Low
June,6,13,09:45,1.39,13/06/2025,2025-06-13 09:45:00,High
June,6,13,15:03,0.74,13/06/2025,2025-06-13 15:03:00,Low
June,6,13,21:40,1.9,13/06/2025,2025-06-13 21:40:00,High
June,6,14,04:28,0.51,14/06/2025,2025-06-14 04:28:00,Low
June,6,14,10:30,1.39,14/06/2025,2025-06-14 10:30:00,High
June,6,14,15:46,0.75,14/06/2025,2025-06-14 15:46:00,Low
June,6,14,22:21,1.88,14/06/2025,2025-06-14 22:21:00,High
June,6,15,05:11,0.52,15/06/2025,2025-06-15 05:11:00,Low
June,6,15,11:15,1.39,15/06/2025,2025-06-15 11:15:00,High
June,6,15,16:33,0.77,15/06/2025,2025-06-15 16:33:00,Low
June,6,15,23:04,1.85,15/06/2025,2025-06-15 23:04:00,High
June,6,16,05:56,0.53,16/06/2025,2025-06-16 05:56:00,Low
June,6,16,12:03,1.41,16/06/2025,2025-06-16 12:03:00,High
June,6,16,17:25,0.79,16/06/2025,2025-06-16 17:25:00,Low
June,6,16,23:50,1.8,16/06/2025,2025-06-16 23:50:00,High
June,6,17,06:43,0.53,17/06/2025,2025-06-17 06:43:00,Low
June,6,17,12:56,1.44,17/06/2025,2025-06-17 12:56:00,High
June,6,17,18:22,0.8,17/06/2025,2025-06-17 18:22:00,Low
June,6,18,00:42,1.73,18/06/2025,2025-06-18 00:42:00,High
June,6,18,07:30,0.53,18/06/2025,2025-06-18 07:30:00,Low
June,6,18,13:51,1.5,18/06/2025,2025-06-18 13:51:00,High
June,6,18,19:28,0.81,18/06/2025,2025-06-18 19:28:00,Low
June,6,19,01:40,1.66,19/06/2025,2025-06-19 01:40:00,High
June,6,19,08:19,0.53,19/06/2025,2025-06-19 08:19:00,Low
June,6,19,14:48,1.58,19/06/2025,2025-06-19 14:48:00,High
June,6,19,20:40,0.79,19/06/2025,2025-06-19 20:40:00,Low
June,6,20,02:45,1.58,20/06/2025,2025-06-20 02:45:00,High
June,6,20,09:09,0.53,20/06/2025,2025-06-20 09:09:00,Low
June,6,20,15:45,1.69,20/06/2025,2025-06-20 15:45:00,High
June,6,20,21:56,0.73,20/06/2025,2025-06-20 21:56:00,Low
June,6,21,03:54,1.52,21/06/2025,2025-06-21 03:54:00,High
June,6,21,10:00,0.54,21/06/2025,2025-06-21 10:00:00,Low
June,6,21,16:40,1.81,21/06/2025,2025-06-21 16:40:00,High
June,6,21,23:09,0.63,21/06/2025,2025-06-21 23:09:00,Low
June,6,22,05:01,1.48,22/06/2025,2025-06-22 05:01:00,High
June,6,22,10:52,0.56,22/06/2025,2025-06-22 10:52:00,Low
June,6,22,17:34,1.92,22/06/2025,2025-06-22 17:34:00,High
June,6,23,00:15,0.52,23/06/2025,2025-06-23 00:15:00,Low
June,6,23,06:07,1.45,23/06/2025,2025-06-23 06:07:00,High
June,6,23,11:45,0.57,23/06/2025,2025-06-23 11:45:00,Low
June,6,23,18:28,2.02,23/06/2025,2025-06-23 18:28:00,High
June,6,24,01:15,0.41,24/06/2025,2025-06-24 01:15:00,Low
June,6,24,07:10,1.44,24/06/2025,2025-06-24 07:10:00,High
June,6,24,12:39,0.58,24/06/2025,2025-06-24 12:39:00,Low
June,6,24,19:20,2.09,24/06/2025,2025-06-24 19:20:00,High
June,6,25,02:10,0.34,25/06/2025,2025-06-25 02:10:00,Low
June,6,25,08:09,1.44,25/06/2025,2025-06-25 08:09:00,High
June,6,25,13:32,0.6,25/06/2025,2025-06-25 13:32:00,Low
June,6,25,20:13,2.12,25/06/2025,2025-06-25 20:13:00,High
June,6,26,03:02,0.31,26/06/2025,2025-06-26 03:02:00,Low
June,6,26,09:05,1.45,26/06/2025,2025-06-26 09:05:00,High
June,6,26,14:26,0.61,26/06/2025,2025-06-26 14:26:00,Low
June,6,26,21:04,2.1,26/06/2025,2025-06-26 21:04:00,High
June,6,27,03:52,0.33,27/06/2025,2025-06-27 03:52:00,Low
June,6,27,09:58,1.45,27/06/2025,2025-06-27 09:58:00,High
June,6,27,15:17,0.64,27/06/2025,2025-06-27 15:17:00,Low
June,6,27,21:52,2.05,27/06/2025,2025-06-27 21:52:00,High
June,6,28,04:39,0.37,28/06/2025,2025-06-28 04:39:00,Low
June,6,28,10:46,1.44,28/06/2025,2025-06-28 10:46:00,High
June,6,28,16:09,0.68,28/06/2025,2025-06-28 16:09:00,Low
June,6,28,22:38,1.95,28/06/2025,2025-06-28 22:38:00,High
June,6,29,05:25,0.44,29/06/2025,2025-06-29 05:25:00,Low
June,6,29,11:34,1.43,29/06/2025,2025-06-29 11:34:00,High
June,6,29,16:59,0.73,29/06/2025,2025-06-29 16:59:00,Low
June,6,29,23:22,1.83,29/06/2025,2025-06-29 23:22:00,High
June,6,30,06:08,0.51,30/06/2025,2025-06-30 06:08:00,Low
June,6,30,12:20,1.43,30/06/2025,2025-06-30 12:20:00,High
June,6,30,17:49,0.79,30/06/2025,2025-06-30 17:49:00,Low
July,7,1,00:04,1.7,01/07/2025,2025-07-01 00:04:00,High
July,7,1,06:47,0.57,01/07/2025,2025-07-01 06:47:00,Low
July,7,1,13:07,1.44,01/07/2025,2025-07-01 13:07:00,High
July,7,1,18:43,0.84,01/07/2025,2025-07-01 18:43:00,Low
July,7,2,00:47,1.56,02/07/2025,2025-07-02 00:47:00,High
July,7,2,07:27,0.63,02/07/2025,2025-07-02 07:27:00,Low
July,7,2,13:57,1.46,02/07/2025,2025-07-02 13:57:00,High
July,7,2,19:44,0.88,02/07/2025,2025-07-02 19:44:00,Low
July,7,3,01:36,1.44,03/07/2025,2025-07-03 01:36:00,High
July,7,3,08:06,0.67,03/07/2025,2025-07-03 08:06:00,Low
July,7,3,14:47,1.5,03/07/2025,2025-07-03 14:47:00,High
July,7,3,20:52,0.89,03/07/2025,2025-07-03 20:52:00,Low
July,7,4,02:33,1.35,04/07/2025,2025-07-04 02:33:00,High
July,7,4,08:48,0.7,04/07/2025,2025-07-04 08:48:00,Low
July,7,4,15:39,1.55,04/07/2025,2025-07-04 15:39:00,High
July,7,4,22:04,0.86,04/07/2025,2025-07-04 22:04:00,Low
July,7,5,03:38,1.29,05/07/2025,2025-07-05 03:38:00,High
July,7,5,09:33,0.72,05/07/2025,2025-07-05 09:33:00,Low
July,7,5,16:28,1.61,05/07/2025,2025-07-05 16:28:00,High
July,7,5,23:11,0.79,05/07/2025,2025-07-05 23:11:00,Low
July,7,6,04:43,1.26,06/07/2025,2025-07-06 04:43:00,High
July,7,6,10:21,0.74,06/07/2025,2025-07-06 10:21:00,Low
July,7,6,17:15,1.68,06/07/2025,2025-07-06 17:15:00,High
July,7,7,00:06,0.71,07/07/2025,2025-07-07 00:06:00,Low
July,7,7,05:41,1.27,07/07/2025,2025-07-07 05:41:00,High
July,7,7,11:09,0.74,07/07/2025,2025-07-07 11:09:00,Low
July,7,7,17:59,1.74,07/07/2025,2025-07-07 17:59:00,High
July,7,8,00:51,0.63,08/07/2025,2025-07-08 00:51:00,Low
July,7,8,06:32,1.29,08/07/2025,2025-07-08 06:32:00,High
July,7,8,11:56,0.73,08/07/2025,2025-07-08 11:56:00,Low
July,7,8,18:41,1.8,08/07/2025,2025-07-08 18:41:00,High
July,7,9,01:32,0.55,09/07/2025,2025-07-09 01:32:00,Low
July,7,9,07:19,1.32,09/07/2025,2025-07-09 07:19:00,High
July,7,9,12:40,0.71,09/07/2025,2025-07-09 12:40:00,Low
July,7,9,19:22,1.85,09/07/2025,2025-07-09 19:22:00,High
July,7,10,02:11,0.5,10/07/2025,2025-07-10 02:11:00,Low
July,7,10,08:02,1.35,10/07/2025,2025-07-10 08:02:00,High
July,7,10,13:23,0.68,10/07/2025,2025-07-10 13:23:00,Low
July,7,10,20:03,1.9,10/07/2025,2025-07-10 20:03:00,High
July,7,11,02:48,0.45,11/07/2025,2025-07-11 02:48:00,Low
July,7,11,08:45,1.38,11/07/2025,2025-07-11 08:45:00,High
July,7,11,14:05,0.65,11/07/2025,2025-07-11 14:05:00,Low
July,7,11,20:43,1.93,11/07/2025,2025-07-11 20:43:00,High
July,7,12,03:27,0.42,12/07/2025,2025-07-12 03:27:00,Low
July,7,12,09:26,1.41,12/07/2025,2025-07-12 09:26:00,High
July,7,12,14:48,0.63,12/07/2025,2025-07-12 14:48:00,Low
July,7,12,21:23,1.94,12/07/2025,2025-07-12 21:23:00,High
July,7,13,04:05,0.4,13/07/2025,2025-07-13 04:05:00,Low
July,7,13,10:08,1.44,13/07/2025,2025-07-13 10:08:00,High
July,7,13,15:32,0.62,13/07/2025,2025-07-13 15:32:00,Low
July,7,13,22:03,1.93,13/07/2025,2025-07-13 22:03:00,High
July,7,14,04:45,0.39,14/07/2025,2025-07-14 04:45:00,Low
July,7,14,10:52,1.47,14/07/2025,2025-07-14 10:52:00,High
July,7,14,16:20,0.63,14/07/2025,2025-07-14 16:20:00,Low
July,7,14,22:45,1.88,14/07/2025,2025-07-14 22:45:00,High
July,7,15,05:25,0.4,15/07/2025,2025-07-15 05:25:00,Low
July,7,15,11:38,1.51,15/07/2025,2025-07-15 11:38:00,High
July,7,15,17:12,0.66,15/07/2025,2025-07-15 17:12:00,Low
July,7,15,23:30,1.8,15/07/2025,2025-07-15 23:30:00,High
July,7,16,06:07,0.42,16/07/2025,2025-07-16 06:07:00,Low
July,7,16,12:26,1.55,16/07/2025,2025-07-16 12:26:00,High
July,7,16,18:08,0.69,16/07/2025,2025-07-16 18:08:00,Low
July,7,17,00:18,1.68,17/07/2025,2025-07-17 00:18:00,High
July,7,17,06:50,0.46,17/07/2025,2025-07-17 06:50:00,Low
July,7,17,13:18,1.6,17/07/2025,2025-07-17 13:18:00,High
July,7,17,19:13,0.72,17/07/2025,2025-07-17 19:13:00,Low
July,7,18,01:14,1.55,18/07/2025,2025-07-18 01:14:00,High
July,7,18,07:37,0.51,18/07/2025,2025-07-18 07:37:00,Low
July,7,18,14:15,1.65,18/07/2025,2025-07-18 14:15:00,High
July,7,18,20:27,0.72,18/07/2025,2025-07-18 20:27:00,Low
July,7,19,02:21,1.42,19/07/2025,2025-07-19 02:21:00,High
July,7,19,08:30,0.57,19/07/2025,2025-07-19 08:30:00,Low
July,7,19,15:15,1.72,19/07/2025,2025-07-19 15:15:00,High
July,7,19,21:49,0.68,19/07/2025,2025-07-19 21:49:00,Low
July,7,20,03:39,1.33,20/07/2025,2025-07-20 03:39:00,High
July,7,20,09:28,0.61,20/07/2025,2025-07-20 09:28:00,Low
July,7,20,16:17,1.79,20/07/2025,2025-07-20 16:17:00,High
July,7,20,23:09,0.59,20/07/2025,2025-07-20 23:09:00,Low
July,7,21,04:57,1.3,21/07/2025,2025-07-21 04:57:00,High
July,7,21,10:30,0.63,21/07/2025,2025-07-21 10:30:00,Low
July,7,21,17:18,1.87,21/07/2025,2025-07-21 17:18:00,High
July,7,22,00:15,0.49,22/07/2025,2025-07-22 00:15:00,Low
July,7,22,06:07,1.32,22/07/2025,2025-07-22 06:07:00,High
July,7,22,11:31,0.62,22/07/2025,2025-07-22 11:31:00,Low
July,7,22,18:16,1.95,22/07/2025,2025-07-22 18:16:00,High
July,7,23,01:13,0.39,23/07/2025,2025-07-23 01:13:00,Low
July,7,23,07:08,1.36,23/07/2025,2025-07-23 07:08:00,High
July,7,23,12:30,0.6,23/07/2025,2025-07-23 12:30:00,Low
July,7,23,19:12,2.01,23/07/2025,2025-07-23 19:12:00,High
July,7,24,02:01,0.33,24/07/2025,2025-07-24 02:01:00,Low
July,7,24,08:01,1.4,24/07/2025,2025-07-24 08:01:00,High
July,7,24,13:24,0.57,24/07/2025,2025-07-24 13:24:00,Low
July,7,24,20:01,2.03,24/07/2025,2025-07-24 20:01:00,High
July,7,25,02:46,0.3,25/07/2025,2025-07-25 02:46:00,Low
July,7,25,08:49,1.44,25/07/2025,2025-07-25 08:49:00,High
July,7,25,14:14,0.55,25/07/2025,2025-07-25 14:14:00,Low
July,7,25,20:48,2.01,25/07/2025,2025-07-25 20:48:00,High
July,7,26,03:29,0.31,26/07/2025,2025-07-26 03:29:00,Low
July,7,26,09:34,1.46,26/07/2025,2025-07-26 09:34:00,High
July,7,26,15:01,0.56,26/07/2025,2025-07-26 15:01:00,Low
July,7,26,21:31,1.96,26/07/2025,2025-07-26 21:31:00,High
July,7,27,04:08,0.35,27/07/2025,2025-07-27 04:08:00,Low
July,7,27,10:15,1.47,27/07/2025,2025-07-27 10:15:00,High
July,7,27,15:46,0.59,27/07/2025,2025-07-27 15:46:00,Low
July,7,27,22:11,1.86,27/07/2025,2025-07-27 22:11:00,High
July,7,28,04:45,0.4,28/07/2025,2025-07-28 04:45:00,Low
July,7,28,10:56,1.48,28/07/2025,2025-07-28 10:56:00,High
July,7,28,16:30,0.64,28/07/2025,2025-07-28 16:30:00,Low
July,7,28,22:47,1.74,28/07/2025,2025-07-28 22:47:00,High
July,7,29,05:18,0.47,29/07/2025,2025-07-29 05:18:00,Low
July,7,29,11:35,1.48,29/07/2025,2025-07-29 11:35:00,High
July,7,29,17:15,0.7,29/07/2025,2025-07-29 17:15:00,Low
July,7,29,23:23,1.61,29/07/2025,2025-07-29 23:23:00,High
July,7,30,05:49,0.53,30/07/2025,2025-07-30 05:49:00,Low
July,7,30,12:15,1.49,30/07/2025,2025-07-30 12:15:00,High
July,7,30,18:04,0.76,30/07/2025,2025-07-30 18:04:00,Low
July,7,31,00:00,1.48,31/07/2025,2025-07-31 00:00:00,High
July,7,31,06:22,0.59,31/07/2025,2025-07-31 06:22:00,Low
July,7,31,12:58,1.5,31/07/2025,2025-07-31 12:58:00,High
July,7,31,19:00,0.81,31/07/2025,2025-07-31 19:00:00,Low
August,8,1,00:43,1.35,01/08/2025,2025-08-01 00:43:00,High
August,8,1,06:58,0.65,01/08/2025,2025-08-01 06:58:00,Low
August,8,1,13:45,1.51,01/08/2025,2025-08-01 13:45:00,High
August,8,1,20:06,0.83,01/08/2025,2025-08-01 20:06:00,Low
August,8,2,01:38,1.25,02/08/2025,2025-08-02 01:38:00,High
August,8,2,07:41,0.71,02/08/2025,2025-08-02 07:41:00,Low
August,8,2,14:39,1.52,02/08/2025,2025-08-02 14:39:00,High
August,8,2,21:22,0.82,02/08/2025,2025-08-02 21:22:00,Low
August,8,3,02:51,1.18,03/08/2025,2025-08-03 02:51:00,High
August,8,3,08:35,0.75,03/08/2025,2025-08-03 08:35:00,Low
August,8,3,15:37,1.55,03/08/2025,2025-08-03 15:37:00,High
August,8,3,22:38,0.77,03/08/2025,2025-08-03 22:38:00,Low
August,8,4,04:11,1.16,04/08/2025,2025-08-04 04:11:00,High
August,8,4,09:37,0.77,04/08/2025,2025-08-04 09:37:00,Low
August,8,4,16:35,1.6,04/08/2025,2025-08-04 16:35:00,High
August,8,4,23:40,0.68,04/08/2025,2025-08-04 23:40:00,Low
August,8,5,05:19,1.19,05/08/2025,2025-08-05 05:19:00,High
August,8,5,10:39,0.76,05/08/2025,2025-08-05 10:39:00,Low
August,8,5,17:30,1.67,05/08/2025,2025-08-05 17:30:00,High
August,8,6,00:29,0.59,06/08/2025,2025-08-06 00:29:00,Low
August,8,6,06:15,1.24,06/08/2025,2025-08-06 06:15:00,High
August,8,6,11:34,0.72,06/08/2025,2025-08-06 11:34:00,Low
August,8,6,18:17,1.75,06/08/2025,2025-08-06 18:17:00,High
August,8,7,01:10,0.5,07/08/2025,2025-08-07 01:10:00,Low
August,8,7,07:00,1.3,07/08/2025,2025-08-07 07:00:00,High
August,8,7,12:22,0.66,07/08/2025,2025-08-07 12:22:00,Low
August,8,7,19:01,1.83,07/08/2025,2025-08-07 19:01:00,High
August,8,8,01:47,0.42,08/08/2025,2025-08-08 01:47:00,Low
August,8,8,07:42,1.36,08/08/2025,2025-08-08 07:42:00,High
August,8,8,13:06,0.59,08/08/2025,2025-08-08 13:06:00,Low
August,8,8,19:43,1.9,08/08/2025,2025-08-08 19:43:00,High
August,8,9,02:23,0.36,09/08/2025,2025-08-09 02:23:00,Low
August,8,9,08:21,1.42,09/08/2025,2025-08-09 08:21:00,High
August,8,9,13:49,0.54,09/08/2025,2025-08-09 13:49:00,Low
August,8,9,20:22,1.94,09/08/2025,2025-08-09 20:22:00,High
August,8,10,02:59,0.3,10/08/2025,2025-08-10 02:59:00,Low
August,8,10,09:01,1.48,10/08/2025,2025-08-10 09:01:00,High
August,8,10,14:32,0.5,10/08/2025,2025-08-10 14:32:00,Low
August,8,10,21:02,1.95,10/08/2025,2025-08-10 21:02:00,High
August,8,11,03:35,0.27,11/08/2025,2025-08-11 03:35:00,Low
August,8,11,09:43,1.54,11/08/2025,2025-08-11 09:43:00,High
August,8,11,15:18,0.48,11/08/2025,2025-08-11 15:18:00,Low
August,8,11,21:43,1.92,11/08/2025,2025-08-11 21:43:00,High
August,8,12,04:13,0.27,12/08/2025,2025-08-12 04:13:00,Low
August,8,12,10:25,1.6,12/08/2025,2025-08-12 10:25:00,High
August,8,12,16:08,0.49,12/08/2025,2025-08-12 16:08:00,Low
August,8,12,22:26,1.84,12/08/2025,2025-08-12 22:26:00,High
August,8,13,04:51,0.31,13/08/2025,2025-08-13 04:51:00,Low
August,8,13,11:09,1.65,13/08/2025,2025-08-13 11:09:00,High
August,8,13,17:01,0.52,13/08/2025,2025-08-13 17:01:00,Low
August,8,13,23:11,1.71,13/08/2025,2025-08-13 23:11:00,High
August,8,14,05:31,0.37,14/08/2025,2025-08-14 05:31:00,Low
August,8,14,11:57,1.68,14/08/2025,2025-08-14 11:57:00,High
August,8,14,18:00,0.57,14/08/2025,2025-08-14 18:00:00,Low
August,8,15,00:00,1.55,15/08/2025,2025-08-15 00:00:00,High
August,8,15,06:15,0.46,15/08/2025,2025-08-15 06:15:00,Low
August,8,15,12:48,1.69,15/08/2025,2025-08-15 12:48:00,High
August,8,15,19:06,0.62,15/08/2025,2025-08-15 19:06:00,Low
August,8,16,01:00,1.38,16/08/2025,2025-08-16 01:00:00,High
August,8,16,07:02,0.55,16/08/2025,2025-08-16 07:02:00,Low
August,8,16,13:46,1.69,16/08/2025,2025-08-16 13:46:00,High
August,8,16,20:26,0.64,16/08/2025,2025-08-16 20:26:00,Low
August,8,17,02:15,1.25,17/08/2025,2025-08-17 02:15:00,High
August,8,17,08:01,0.64,17/08/2025,2025-08-17 08:01:00,Low
August,8,17,14:54,1.7,17/08/2025,2025-08-17 14:54:00,High
August,8,17,21:54,0.61,17/08/2025,2025-08-17 21:54:00,Low
August,8,18,03:44,1.19,18/08/2025,2025-08-18 03:44:00,High
August,8,18,09:12,0.69,18/08/2025,2025-08-18 09:12:00,Low
August,8,18,16:05,1.74,18/08/2025,2025-08-18 16:05:00,High
August,8,18,23:12,0.54,18/08/2025,2025-08-18 23:12:00,Low
August,8,19,05:07,1.22,19/08/2025,2025-08-19 05:07:00,High
August,8,19,10:25,0.68,19/08/2025,2025-08-19 10:25:00,Low
August,8,19,17:12,1.79,19/08/2025,2025-08-19 17:12:00,High
August,8,20,00:14,0.45,20/08/2025,2025-08-20 00:14:00,Low
August,8,20,06:11,1.28,20/08/2025,2025-08-20 06:11:00,High
August,8,20,11:30,0.64,20/08/2025,2025-08-20 11:30:00,Low
August,8,20,18:11,1.86,20/08/2025,2025-08-20 18:11:00,High
August,8,21,01:02,0.37,21/08/2025,2025-08-21 01:02:00,Low
August,8,21,07:02,1.36,21/08/2025,2025-08-21 07:02:00,High
August,8,21,12:27,0.57,21/08/2025,2025-08-21 12:27:00,Low
August,8,21,19:01,1.9,21/08/2025,2025-08-21 19:01:00,High
August,8,22,01:45,0.33,22/08/2025,2025-08-22 01:45:00,Low
August,8,22,07:46,1.42,22/08/2025,2025-08-22 07:46:00,High
August,8,22,13:16,0.52,22/08/2025,2025-08-22 13:16:00,Low
August,8,22,19:47,1.91,22/08/2025,2025-08-22 19:47:00,High
August,8,23,02:23,0.31,23/08/2025,2025-08-23 02:23:00,Low
August,8,23,08:28,1.47,23/08/2025,2025-08-23 08:28:00,High
August,8,23,14:02,0.5,23/08/2025,2025-08-23 14:02:00,Low
August,8,23,20:28,1.88,23/08/2025,2025-08-23 20:28:00,High
August,8,24,02:58,0.32,24/08/2025,2025-08-24 02:58:00,Low
August,8,24,09:05,1.51,24/08/2025,2025-08-24 09:05:00,High
August,8,24,14:45,0.5,24/08/2025,2025-08-24 14:45:00,Low
August,8,24,21:05,1.82,24/08/2025,2025-08-24 21:05:00,High
August,8,25,03:30,0.35,25/08/2025,2025-08-25 03:30:00,Low
August,8,25,09:42,1.54,25/08/2025,2025-08-25 09:42:00,High
August,8,25,15:25,0.53,25/08/2025,2025-08-25 15:25:00,Low
August,8,25,21:40,1.73,25/08/2025,2025-08-25 21:40:00,High
August,8,26,03:59,0.39,26/08/2025,2025-08-26 03:59:00,Low
August,8,26,10:16,1.56,26/08/2025,2025-08-26 10:16:00,High
August,8,26,16:05,0.57,26/08/2025,2025-08-26 16:05:00,Low
August,8,26,22:14,1.62,26/08/2025,2025-08-26 22:14:00,High
August,8,27,04:27,0.45,27/08/2025,2025-08-27 04:27:00,Low
August,8,27,10:50,1.57,27/08/2025,2025-08-27 10:50:00,High
August,8,27,16:47,0.62,27/08/2025,2025-08-27 16:47:00,Low
August,8,27,22:47,1.5,27/08/2025,2025-08-27 22:47:00,High
August,8,28,04:54,0.52,28/08/2025,2025-08-28 04:54:00,Low
August,8,28,11:25,1.56,28/08/2025,2025-08-28 11:25:00,High
August,8,28,17:32,0.67,28/08/2025,2025-08-28 17:32:00,Low
August,8,28,23:24,1.39,28/08/2025,2025-08-28 23:24:00,High
August,8,29,05:23,0.59,29/08/2025,2025-08-29 05:23:00,Low
August,8,29,12:03,1.55,29/08/2025,2025-08-29 12:03:00,High
August,8,29,18:23,0.72,29/08/2025,2025-08-29 18:23:00,Low
August,8,30,00:06,1.28,30/08/2025,2025-08-30 00:06:00,High
August,8,30,05:58,0.66,30/08/2025,2025-08-30 05:58:00,Low
August,8,30,12:47,1.53,30/08/2025,2025-08-30 12:47:00,High
August,8,30,19:25,0.75,30/08/2025,2025-08-30 19:25:00,Low
August,8,31,01:01,1.18,31/08/2025,2025-08-31 01:01:00,High
August,8,31,06:42,0.73,31/08/2025,2025-08-31 06:42:00,Low
August,8,31,13:41,1.5,31/08/2025,2025-08-31 13:41:00,High
August,8,31,20:40,0.76,31/08/2025,2025-08-31 20:40:00,Low
September,9,1,02:15,1.12,01/09/2025,2025-09-01 02:15:00,High
September,9,1,07:43,0.79,01/09/2025,2025-09-01 07:43:00,Low
September,9,1,14:46,1.5,01/09/2025,2025-09-01 14:46:00,High
September,9,1,22:00,0.73,01/09/2025,2025-09-01 22:00:00,Low
September,9,2,03:43,1.11,02/09/2025,2025-09-02 03:43:00,High
September,9,2,09:00,0.81,02/09/2025,2025-09-02 09:00:00,Low
September,9,2,15:56,1.53,02/09/2025,2025-09-02 15:56:00,High
September,9,2,23:07,0.65,02/09/2025,2025-09-02 23:07:00,Low
September,9,3,04:58,1.16,03/09/2025,2025-09-03 04:58:00,High
September,9,3,10:13,0.77,03/09/2025,2025-09-03 10:13:00,Low
September,9,3,16:58,1.61,03/09/2025,2025-09-03 16:58:00,High
September,9,3,23:58,0.55,03/09/2025,2025-09-03 23:58:00,Low
September,9,4,05:51,1.24,04/09/2025,2025-09-04 05:51:00,High
September,9,4,11:13,0.7,04/09/2025,2025-09-04 11:13:00,Low
September,9,4,17:49,1.7,04/09/2025,2025-09-04 17:49:00,High
September,9,5,00:38,0.45,05/09/2025,2025-09-05 00:38:00,Low
September,9,5,06:34,1.33,05/09/2025,2025-09-05 06:34:00,High
September,9,5,12:02,0.61,05/09/2025,2025-09-05 12:02:00,Low
September,9,5,18:33,1.8,05/09/2025,2025-09-05 18:33:00,High
September,9,6,01:14,0.36,06/09/2025,2025-09-06 01:14:00,Low
September,9,6,07:14,1.42,06/09/2025,2025-09-06 07:14:00,High
September,9,6,12:47,0.52,06/09/2025,2025-09-06 12:47:00,Low
September,9,6,19:15,1.87,06/09/2025,2025-09-06 19:15:00,High
September,9,7,01:49,0.28,07/09/2025,2025-09-07 01:49:00,Low
September,9,7,07:53,1.52,07/09/2025,2025-09-07 07:53:00,High
September,9,7,13:32,0.44,07/09/2025,2025-09-07 13:32:00,Low
September,9,7,19:57,1.91,07/09/2025,2025-09-07 19:57:00,High
September,9,8,02:24,0.23,08/09/2025,2025-09-08 02:24:00,Low
September,9,8,08:32,1.62,08/09/2025,2025-09-08 08:32:00,High
September,9,8,14:18,0.38,08/09/2025,2025-09-08 14:18:00,Low
September,9,8,20:38,1.9,08/09/2025,2025-09-08 20:38:00,High
September,9,9,03:00,0.21,09/09/2025,2025-09-09 03:00:00,Low
September,9,9,09:14,1.71,09/09/2025,2025-09-09 09:14:00,High
September,9,9,15:07,0.36,09/09/2025,2025-09-09 15:07:00,Low
September,9,9,21:22,1.83,09/09/2025,2025-09-09 21:22:00,High
September,9,10,03:37,0.24,10/09/2025,2025-09-10 03:37:00,Low
September,9,10,09:57,1.78,10/09/2025,2025-09-10 09:57:00,High
September,9,10,15:59,0.36,10/09/2025,2025-09-10 15:59:00,Low
September,9,10,22:09,1.72,10/09/2025,2025-09-10 22:09:00,High
September,9,11,04:16,0.31,11/09/2025,2025-09-11 04:16:00,Low
September,9,11,10:42,1.81,11/09/2025,2025-09-11 10:42:00,High
September,9,11,16:55,0.4,11/09/2025,2025-09-11 16:55:00,Low
September,9,11,22:59,1.56,11/09/2025,2025-09-11 22:59:00,High
September,9,12,04:59,0.41,12/09/2025,2025-09-12 04:59:00,Low
September,9,12,11:30,1.81,12/09/2025,2025-09-12 11:30:00,High
September,9,12,17:56,0.46,12/09/2025,2025-09-12 17:56:00,Low
September,9,12,23:55,1.4,12/09/2025,2025-09-12 23:55:00,High
September,9,13,05:45,0.53,13/09/2025,2025-09-13 05:45:00,Low
September,9,13,12:23,1.77,13/09/2025,2025-09-13 12:23:00,High
September,9,13,19:06,0.52,13/09/2025,2025-09-13 19:06:00,Low
September,9,14,01:01,1.26,14/09/2025,2025-09-14 01:01:00,High
September,9,14,06:39,0.64,14/09/2025,2025-09-14 06:39:00,Low
September,9,14,13:25,1.72,14/09/2025,2025-09-14 13:25:00,High
September,9,14,20:29,0.56,14/09/2025,2025-09-14 20:29:00,Low
September,9,15,02:26,1.17,15/09/2025,2025-09-15 02:26:00,High
September,9,15,07:49,0.72,15/09/2025,2025-09-15 07:49:00,Low
September,9,15,14:39,1.68,15/09/2025,2025-09-15 14:39:00,High
September,9,15,21:52,0.54,15/09/2025,2025-09-15 21:52:00,Low
September,9,16,03:57,1.18,16/09/2025,2025-09-16 03:57:00,High
September,9,16,09:10,0.74,16/09/2025,2025-09-16 09:10:00,Low
September,9,16,15:55,1.68,16/09/2025,2025-09-16 15:55:00,High
September,9,16,23:02,0.49,16/09/2025,2025-09-16 23:02:00,Low
September,9,17,05:08,1.25,17/09/2025,2025-09-17 05:08:00,High
September,9,17,10:26,0.71,17/09/2025,2025-09-17 10:26:00,Low
September,9,17,17:02,1.71,17/09/2025,2025-09-17 17:02:00,High
September,9,17,23:57,0.44,17/09/2025,2025-09-17 23:57:00,Low
September,9,18,06:01,1.33,18/09/2025,2025-09-18 06:01:00,High
September,9,18,11:30,0.63,18/09/2025,2025-09-18 11:30:00,Low
September,9,18,17:58,1.75,18/09/2025,2025-09-18 17:58:00,High
September,9,19,00:40,0.39,19/09/2025,2025-09-19 00:40:00,Low
September,9,19,06:45,1.42,19/09/2025,2025-09-19 06:45:00,High
September,9,19,12:22,0.56,19/09/2025,2025-09-19 12:22:00,Low
September,9,19,18:45,1.77,19/09/2025,2025-09-19 18:45:00,High
September,9,20,01:16,0.36,20/09/2025,2025-09-20 01:16:00,Low
September,9,20,07:24,1.49,20/09/2025,2025-09-20 07:24:00,High
September,9,20,13:08,0.51,20/09/2025,2025-09-20 13:08:00,Low
September,9,20,19:25,1.76,20/09/2025,2025-09-20 19:25:00,High
September,9,21,01:48,0.35,21/09/2025,2025-09-21 01:48:00,Low
September,9,21,08:00,1.56,21/09/2025,2025-09-21 08:00:00,High
September,9,21,13:49,0.49,21/09/2025,2025-09-21 13:49:00,Low
September,9,21,20:01,1.72,21/09/2025,2025-09-21 20:01:00,High
September,9,22,02:18,0.36,22/09/2025,2025-09-22 02:18:00,Low
September,9,22,08:33,1.6,22/09/2025,2025-09-22 08:33:00,High
September,9,22,14:29,0.48,22/09/2025,2025-09-22 14:29:00,Low
September,9,22,20:36,1.66,22/09/2025,2025-09-22 20:36:00,High
September,9,23,02:45,0.39,23/09/2025,2025-09-23 02:45:00,Low
September,9,23,09:05,1.64,23/09/2025,2025-09-23 09:05:00,High
September,9,23,15:06,0.49,23/09/2025,2025-09-23 15:06:00,Low
September,9,23,21:10,1.58,23/09/2025,2025-09-23 21:10:00,High
September,9,24,03:12,0.44,24/09/2025,2025-09-24 03:12:00,Low
September,9,24,09:36,1.66,24/09/2025,2025-09-24 09:36:00,High
September,9,24,15:45,0.51,24/09/2025,2025-09-24 15:45:00,Low
September,9,24,21:45,1.49,24/09/2025,2025-09-24 21:45:00,High
September,9,25,03:38,0.49,25/09/2025,2025-09-25 03:38:00,Low
September,9,25,10:08,1.67,25/09/2025,2025-09-25 10:08:00,High
September,9,25,16:24,0.54,25/09/2025,2025-09-25 16:24:00,Low
September,9,25,22:20,1.4,25/09/2025,2025-09-25 22:20:00,High
September,9,26,04:05,0.56,26/09/2025,2025-09-26 04:05:00,Low
September,9,26,10:41,1.66,26/09/2025,2025-09-26 10:41:00,High
September,9,26,17:07,0.58,26/09/2025,2025-09-26 17:07:00,Low
September,9,26,23:00,1.32,26/09/2025,2025-09-26 23:00:00,High
September,9,27,04:37,0.63,27/09/2025,2025-09-27 04:37:00,Low
September,9,27,11:17,1.62,27/09/2025,2025-09-27 11:17:00,High
September,9,27,17:54,0.63,27/09/2025,2025-09-27 17:54:00,Low
September,9,27,23:44,1.23,27/09/2025,2025-09-27 23:44:00,High
September,9,28,05:14,0.7,28/09/2025,2025-09-28 05:14:00,Low
September,9,28,12:00,1.57,28/09/2025,2025-09-28 12:00:00,High
September,9,28,18:50,0.67,28/09/2025,2025-09-28 18:50:00,Low
September,9,29,00:39,1.16,29/09/2025,2025-09-29 00:39:00,High
September,9,29,06:00,0.77,29/09/2025,2025-09-29 06:00:00,Low
September,9,29,12:51,1.52,29/09/2025,2025-09-29 12:51:00,High
September,9,29,20:00,0.7,29/09/2025,2025-09-29 20:00:00,Low
September,9,30,01:50,1.12,30/09/2025,2025-09-30 01:50:00,High
September,9,30,07:04,0.83,30/09/2025,2025-09-30 07:04:00,Low
September,9,30,13:58,1.49,30/09/2025,2025-09-30 13:58:00,High
September,9,30,21:16,0.68,30/09/2025,2025-09-30 21:16:00,Low
October,10,1,03:15,1.13,01/10/2025,2025-10-01 03:15:00,High
October,10,1,08:25,0.84,01/10/2025,2025-10-01 08:25:00,Low
October,10,1,15:12,1.51,01/10/2025,2025-10-01 15:12:00,High
October,10,1,22:22,0.61,01/10/2025,2025-10-01 22:22:00,Low
October,10,2,04:25,1.2,02/10/2025,2025-10-02 04:25:00,High
October,10,2,09:43,0.79,02/10/2025,2025-10-02 09:43:00,Low
October,10,2,16:18,1.58,02/10/2025,2025-10-02 16:18:00,High
October,10,2,23:13,0.52,02/10/2025,2025-10-02 23:13:00,Low
October,10,3,05:17,1.3,03/10/2025,2025-10-03 05:17:00,High
October,10,3,10:45,0.7,03/10/2025,2025-10-03 10:45:00,Low
October,10,3,17:13,1.66,03/10/2025,2025-10-03 17:13:00,High
October,10,3,23:54,0.42,03/10/2025,2025-10-03 23:54:00,Low
October,10,4,06:00,1.42,04/10/2025,2025-10-04 06:00:00,High
October,10,4,11:39,0.59,04/10/2025,2025-10-04 11:39:00,Low
October,10,4,18:00,1.75,04/10/2025,2025-10-04 18:00:00,High
October,10,5,00:31,0.33,05/10/2025,2025-10-05 00:31:00,Low
October,10,5,07:41,1.55,05/10/2025,2025-10-05 07:41:00,High
October,10,5,13:28,0.49,05/10/2025,2025-10-05 13:28:00,Low
October,10,5,19:45,1.8,05/10/2025,2025-10-05 19:45:00,High
October,10,6,02:07,0.26,06/10/2025,2025-10-06 02:07:00,Low
October,10,6,08:21,1.68,06/10/2025,2025-10-06 08:21:00,High
October,10,6,14:16,0.39,06/10/2025,2025-10-06 14:16:00,Low
October,10,6,20:30,1.81,06/10/2025,2025-10-06 20:30:00,High
October,10,7,02:44,0.23,07/10/2025,2025-10-07 02:44:00,Low
October,10,7,09:02,1.8,07/10/2025,2025-10-07 09:02:00,High
October,10,7,15:06,0.31,07/10/2025,2025-10-07 15:06:00,Low
October,10,7,21:16,1.77,07/10/2025,2025-10-07 21:16:00,High
October,10,8,03:22,0.24,08/10/2025,2025-10-08 03:22:00,Low
October,10,8,09:45,1.9,08/10/2025,2025-10-08 09:45:00,High
October,10,8,15:58,0.27,08/10/2025,2025-10-08 15:58:00,Low
October,10,8,22:05,1.69,08/10/2025,2025-10-08 22:05:00,High
October,10,9,04:02,0.3,09/10/2025,2025-10-09 04:02:00,Low
October,10,9,10:30,1.95,09/10/2025,2025-10-09 10:30:00,High
October,10,9,16:53,0.27,09/10/2025,2025-10-09 16:53:00,Low
October,10,9,22:58,1.57,09/10/2025,2025-10-09 22:58:00,High
October,10,10,04:45,0.39,10/10/2025,2025-10-10 04:45:00,Low
October,10,10,11:17,1.96,10/10/2025,2025-10-10 11:17:00,High
October,10,10,17:51,0.31,10/10/2025,2025-10-10 17:51:00,Low
October,10,10,23:54,1.44,10/10/2025,2025-10-10 23:54:00,High
October,10,11,05:32,0.5,11/10/2025,2025-10-11 05:32:00,Low
October,10,11,12:08,1.91,11/10/2025,2025-10-11 12:08:00,High
October,10,11,18:54,0.37,11/10/2025,2025-10-11 18:54:00,Low
October,10,12,00:56,1.32,12/10/2025,2025-10-12 00:56:00,High
October,10,12,06:25,0.62,12/10/2025,2025-10-12 06:25:00,Low
October,10,12,13:04,1.83,12/10/2025,2025-10-12 13:04:00,High
October,10,12,20:04,0.44,12/10/2025,2025-10-12 20:04:00,Low
October,10,13,02:08,1.23,13/10/2025,2025-10-13 02:08:00,High
October,10,13,07:28,0.72,13/10/2025,2025-10-13 07:28:00,Low
October,10,13,14:08,1.74,13/10/2025,2025-10-13 14:08:00,High
October,10,13,21:20,0.49,13/10/2025,2025-10-13 21:20:00,Low
October,10,14,03:30,1.21,14/10/2025,2025-10-14 03:30:00,High
October,10,14,08:44,0.77,14/10/2025,2025-10-14 08:44:00,Low
October,10,14,15:21,1.66,14/10/2025,2025-10-14 15:21:00,High
October,10,14,22:32,0.5,14/10/2025,2025-10-14 22:32:00,Low
October,10,15,04:47,1.25,15/10/2025,2025-10-15 04:47:00,High
October,10,15,10:03,0.77,15/10/2025,2025-10-15 10:03:00,Low
October,10,15,16:35,1.63,15/10/2025,2025-10-15 16:35:00,High
October,10,15,23:33,0.49,15/10/2025,2025-10-15 23:33:00,Low
October,10,16,05:48,1.33,16/10/2025,2025-10-16 05:48:00,High
October,10,16,11:17,0.73,16/10/2025,2025-10-16 11:17:00,Low
October,10,16,17:40,1.62,16/10/2025,2025-10-16 17:40:00,High
October,10,17,00:22,0.47,17/10/2025,2025-10-17 00:22:00,Low
October,10,17,06:36,1.42,17/10/2025,2025-10-17 06:36:00,High
October,10,17,12:19,0.66,17/10/2025,2025-10-17 12:19:00,Low
October,10,17,18:32,1.62,17/10/2025,2025-10-17 18:32:00,High
October,10,18,01:02,0.45,18/10/2025,2025-10-18 01:02:00,Low
October,10,18,07:17,1.51,18/10/2025,2025-10-18 07:17:00,High
October,10,18,13:11,0.6,18/10/2025,2025-10-18 13:11:00,Low
October,10,18,19:17,1.61,18/10/2025,2025-10-18 19:17:00,High
October,10,19,01:36,0.44,19/10/2025,2025-10-19 01:36:00,Low
October,10,19,07:54,1.58,19/10/2025,2025-10-19 07:54:00,High
October,10,19,13:56,0.55,19/10/2025,2025-10-19 13:56:00,Low
October,10,19,19:57,1.58,19/10/2025,2025-10-19 19:57:00,High
October,10,20,02:05,0.44,20/10/2025,2025-10-20 02:05:00,Low
October,10,20,08:28,1.65,20/10/2025,2025-10-20 08:28:00,High
October,10,20,14:36,0.51,20/10/2025,2025-10-20 14:36:00,Low
October,10,20,20:33,1.54,20/10/2025,2025-10-20 20:33:00,High
October,10,21,02:32,0.45,21/10/2025,2025-10-21 02:32:00,Low
October,10,21,09:00,1.7,21/10/2025,2025-10-21 09:00:00,High
October,10,21,15:14,0.49,21/10/2025,2025-10-21 15:14:00,Low
October,10,21,21:09,1.49,21/10/2025,2025-10-21 21:09:00,High
October,10,22,03:00,0.48,22/10/2025,2025-10-22 03:00:00,Low
October,10,22,09:30,1.74,22/10/2025,2025-10-22 09:30:00,High
October,10,22,15:50,0.47,22/10/2025,2025-10-22 15:50:00,Low
October,10,22,21:45,1.44,22/10/2025,2025-10-22 21:45:00,High
October,10,23,03:27,0.52,23/10/2025,2025-10-23 03:27:00,Low
October,10,23,10:00,1.76,23/10/2025,2025-10-23 10:00:00,High
October,10,23,16:28,0.47,23/10/2025,2025-10-23 16:28:00,Low
October,10,23,22:22,1.39,23/10/2025,2025-10-23 22:22:00,High
October,10,24,03:57,0.57,24/10/2025,2025-10-24 03:57:00,Low
October,10,24,10:32,1.76,24/10/2025,2025-10-24 10:32:00,High
October,10,24,17:06,0.49,24/10/2025,2025-10-24 17:06:00,Low
October,10,24,23:01,1.34,24/10/2025,2025-10-24 23:01:00,High
October,10,25,04:29,0.62,25/10/2025,2025-10-25 04:29:00,Low
October,10,25,11:07,1.74,25/10/2025,2025-10-25 11:07:00,High
October,10,25,17:46,0.52,25/10/2025,2025-10-25 17:46:00,Low
October,10,25,23:43,1.28,25/10/2025,2025-10-25 23:43:00,High
October,10,26,05:04,0.69,26/10/2025,2025-10-26 05:04:00,Low
October,10,26,11:44,1.7,26/10/2025,2025-10-26 11:44:00,High
October,10,26,18:31,0.56,26/10/2025,2025-10-26 18:31:00,Low
October,10,27,00:29,1.23,27/10/2025,2025-10-27 00:29:00,High
October,10,27,05:45,0.75,27/10/2025,2025-10-27 05:45:00,Low
October,10,27,12:26,1.64,27/10/2025,2025-10-27 12:26:00,High
October,10,27,19:23,0.6,27/10/2025,2025-10-27 19:23:00,Low
October,10,28,01:22,1.19,28/10/2025,2025-10-28 01:22:00,High
October,10,28,06:34,0.8,28/10/2025,2025-10-28 06:34:00,Low
October,10,28,13:15,1.58,28/10/2025,2025-10-28 13:15:00,High
October,10,28,20:23,0.63,28/10/2025,2025-10-28 20:23:00,Low
October,10,29,02:27,1.17,29/10/2025,2025-10-29 02:27:00,High
October,10,29,07:37,0.84,29/10/2025,2025-10-29 07:37:00,Low
October,10,29,14:15,1.54,29/10/2025,2025-10-29 14:15:00,High
October,10,29,21:29,0.62,29/10/2025,2025-10-29 21:29:00,Low
October,10,30,03:39,1.2,30/10/2025,2025-10-30 03:39:00,High
October,10,30,08:50,0.84,30/10/2025,2025-10-30 08:50:00,Low
October,10,30,15:24,1.54,30/10/2025,2025-10-30 15:24:00,High
October,10,30,22:29,0.56,30/10/2025,2025-10-30 22:29:00,Low
October,10,31,04:43,1.28,31/10/2025,2025-10-31 04:43:00,High
October,10,31,10:06,0.8,31/10/2025,2025-10-31 10:06:00,Low
October,10,31,16:30,1.57,31/10/2025,2025-10-31 16:30:00,High
October,10,31,23:19,0.49,31/10/2025,2025-10-31 23:19:00,Low
November,11,1,05:36,1.4,01/11/2025,2025-11-01 05:36:00,High
November,11,1,11:14,0.72,01/11/2025,2025-11-01 11:14:00,Low
November,11,1,17:30,1.61,01/11/2025,2025-11-01 17:30:00,High
November,11,2,00:03,0.41,02/11/2025,2025-11-02 00:03:00,Low
November,11,2,06:22,1.54,02/11/2025,2025-11-02 06:22:00,High
November,11,2,12:14,0.61,02/11/2025,2025-11-02 12:14:00,Low
November,11,2,18:23,1.65,02/11/2025,2025-11-02 18:23:00,High
November,11,3,00:44,0.35,03/11/2025,2025-11-03 00:44:00,Low
November,11,3,07:06,1.69,03/11/2025,2025-11-03 07:06:00,High
November,11,3,13:09,0.49,03/11/2025,2025-11-03 13:09:00,Low
November,11,3,19:15,1.67,03/11/2025,2025-11-03 19:15:00,High
November,11,4,01:24,0.31,04/11/2025,2025-11-04 01:24:00,Low
November,11,4,07:49,1.83,04/11/2025,2025-11-04 07:49:00,High
November,11,4,14:03,0.37,04/11/2025,2025-11-04 14:03:00,Low
November,11,4,20:05,1.66,04/11/2025,2025-11-04 20:05:00,High
November,11,5,02:04,0.31,05/11/2025,2025-11-05 02:04:00,Low
November,11,5,08:33,1.96,05/11/2025,2025-11-05 08:33:00,High
November,11,5,14:57,0.28,05/11/2025,2025-11-05 14:57:00,Low
November,11,5,20:59,1.61,05/11/2025,2025-11-05 20:59:00,High
November,11,6,02:47,0.34,06/11/2025,2025-11-06 02:47:00,Low
November,11,6,09:19,2.04,06/11/2025,2025-11-06 09:19:00,High
November,11,6,15:52,0.23,06/11/2025,2025-11-06 15:52:00,Low
November,11,6,21:54,1.54,06/11/2025,2025-11-06 21:54:00,High
November,11,7,03:32,0.4,07/11/2025,2025-11-07 03:32:00,Low
November,11,7,10:08,2.08,07/11/2025,2025-11-07 10:08:00,High
November,11,7,16:47,0.22,07/11/2025,2025-11-07 16:47:00,Low
November,11,7,22:51,1.46,07/11/2025,2025-11-07 22:51:00,High
November,11,8,04:22,0.49,08/11/2025,2025-11-08 04:22:00,Low
November,11,8,10:59,2.06,08/11/2025,2025-11-08 10:59:00,High
November,11,8,17:45,0.25,08/11/2025,2025-11-08 17:45:00,Low
November,11,8,23:51,1.38,08/11/2025,2025-11-08 23:51:00,High
November,11,9,05:15,0.58,09/11/2025,2025-11-09 05:15:00,Low
November,11,9,11:51,1.99,09/11/2025,2025-11-09 11:51:00,High
November,11,9,18:46,0.31,09/11/2025,2025-11-09 18:46:00,Low
November,11,10,00:54,1.32,10/11/2025,2025-11-10 00:54:00,High
November,11,10,06:13,0.67,10/11/2025,2025-11-10 06:13:00,Low
November,11,10,12:47,1.88,10/11/2025,2025-11-10 12:47:00,High
November,11,10,19:49,0.39,10/11/2025,2025-11-10 19:49:00,Low
November,11,11,02:00,1.28,11/11/2025,2025-11-11 02:00:00,High
November,11,11,07:16,0.74,11/11/2025,2025-11-11 07:16:00,Low
November,11,11,13:47,1.76,11/11/2025,2025-11-11 13:47:00,High
November,11,11,20:53,0.45,11/11/2025,2025-11-11 20:53:00,Low
November,11,12,03:10,1.29,12/11/2025,2025-11-12 03:10:00,High
November,11,12,08:28,0.78,12/11/2025,2025-11-12 08:28:00,Low
November,11,12,14:52,1.65,12/11/2025,2025-11-12 14:52:00,High
November,11,12,21:54,0.5,12/11/2025,2025-11-12 21:54:00,Low
November,11,13,04:15,1.33,13/11/2025,2025-11-13 04:15:00,High
November,11,13,09:41,0.8,13/11/2025,2025-11-13 09:41:00,Low
November,11,13,15:59,1.56,13/11/2025,2025-11-13 15:59:00,High
November,11,13,22:47,0.52,13/11/2025,2025-11-13 22:47:00,Low
November,11,14,05:13,1.4,14/11/2025,2025-11-14 05:13:00,High
November,11,14,10:53,0.78,14/11/2025,2025-11-14 10:53:00,Low
November,11,14,17:01,1.5,14/11/2025,2025-11-14 17:01:00,High
November,11,14,23:32,0.53,14/11/2025,2025-11-14 23:32:00,Low
November,11,15,06:00,1.49,15/11/2025,2025-11-15 06:00:00,High
November,11,15,11:58,0.73,15/11/2025,2025-11-15 11:58:00,Low
November,11,15,17:55,1.46,15/11/2025,2025-11-15 17:55:00,High
November,11,16,00:12,0.53,16/11/2025,2025-11-16 00:12:00,Low
November,11,16,06:43,1.57,16/11/2025,2025-11-16 06:43:00,High
November,11,16,12:54,0.67,16/11/2025,2025-11-16 12:54:00,Low
November,11,16,18:43,1.43,16/11/2025,2025-11-16 18:43:00,High
November,11,17,00:45,0.53,17/11/2025,2025-11-17 00:45:00,Low
November,11,17,07:19,1.65,17/11/2025,2025-11-17 07:19:00,High
November,11,17,13:41,0.61,17/11/2025,2025-11-17 13:41:00,Low
November,11,17,19:26,1.4,17/11/2025,2025-11-17 19:26:00,High
November,11,18,01:17,0.54,18/11/2025,2025-11-18 01:17:00,Low
November,11,18,07:54,1.71,18/11/2025,2025-11-18 07:54:00,High
November,11,18,14:22,0.55,18/11/2025,2025-11-18 14:22:00,Low
November,11,18,20:06,1.38,18/11/2025,2025-11-18 20:06:00,High
November,11,19,01:48,0.55,19/11/2025,2025-11-19 01:48:00,Low
November,11,19,08:26,1.77,19/11/2025,2025-11-19 08:26:00,High
November,11,19,15:00,0.51,19/11/2025,2025-11-19 15:00:00,Low
November,11,19,20:46,1.37,19/11/2025,2025-11-19 20:46:00,High
November,11,20,02:19,0.57,20/11/2025,2025-11-20 02:19:00,Low
November,11,20,08:59,1.8,20/11/2025,2025-11-20 08:59:00,High
November,11,20,15:36,0.47,20/11/2025,2025-11-20 15:36:00,Low
November,11,20,21:26,1.35,20/11/2025,2025-11-20 21:26:00,High
November,11,21,02:52,0.6,21/11/2025,2025-11-21 02:52:00,Low
November,11,21,09:31,1.82,21/11/2025,2025-11-21 09:31:00,High
November,11,21,16:13,0.45,21/11/2025,2025-11-21 16:13:00,Low
November,11,21,22:06,1.33,21/11/2025,2025-11-21 22:06:00,High
November,11,22,03:28,0.63,22/11/2025,2025-11-22 03:28:00,Low
November,11,22,10:07,1.82,22/11/2025,2025-11-22 10:07:00,High
November,11,22,16:50,0.45,22/11/2025,2025-11-22 16:50:00,Low
November,11,22,22:46,1.31,22/11/2025,2025-11-22 22:46:00,High
November,11,23,04:04,0.67,23/11/2025,2025-11-23 04:04:00,Low
November,11,23,10:44,1.8,23/11/2025,2025-11-23 10:44:00,High
November,11,23,17:30,0.47,23/11/2025,2025-11-23 17:30:00,Low
November,11,23,23:29,1.29,23/11/2025,2025-11-23 23:29:00,High
November,11,24,04:45,0.7,24/11/2025,2025-11-24 04:45:00,Low
November,11,24,11:22,1.77,24/11/2025,2025-11-24 11:22:00,High
November,11,24,18:13,0.5,24/11/2025,2025-11-24 18:13:00,Low
November,11,25,00:14,1.27,25/11/2025,2025-11-25 00:14:00,High
November,11,25,05:28,0.74,25/11/2025,2025-11-25 05:28:00,Low
November,11,25,12:03,1.72,25/11/2025,2025-11-25 12:03:00,High
November,11,25,18:59,0.53,25/11/2025,2025-11-25 18:59:00,Low
November,11,26,01:03,1.25,26/11/2025,2025-11-26 01:03:00,High
November,11,26,06:15,0.77,26/11/2025,2025-11-26 06:15:00,Low
November,11,26,12:48,1.68,26/11/2025,2025-11-26 12:48:00,High
November,11,26,19:48,0.54,26/11/2025,2025-11-26 19:48:00,Low
November,11,27,01:58,1.26,27/11/2025,2025-11-27 01:58:00,High
November,11,27,07:12,0.8,27/11/2025,2025-11-27 07:12:00,Low
November,11,27,13:39,1.63,27/11/2025,2025-11-27 13:39:00,High
November,11,27,20:40,0.54,27/11/2025,2025-11-27 20:40:00,Low
November,11,28,02:59,1.3,28/11/2025,2025-11-28 02:59:00,High
November,11,28,08:17,0.81,28/11/2025,2025-11-28 08:17:00,Low
November,11,28,14:37,1.58,28/11/2025,2025-11-28 14:37:00,High
November,11,28,21:32,0.51,28/11/2025,2025-11-28 21:32:00,Low
November,11,29,03:58,1.38,29/11/2025,2025-11-29 03:58:00,High
November,11,29,09:29,0.79,29/11/2025,2025-11-29 09:29:00,Low
November,11,29,15:41,1.55,29/11/2025,2025-11-29 15:41:00,High
November,11,29,22:23,0.47,29/11/2025,2025-11-29 22:23:00,Low
November,11,30,04:52,1.5,30/11/2025,2025-11-30 04:52:00,High
November,11,30,10:42,0.73,30/11/2025,2025-11-30 10:42:00,Low
November,11,30,16:46,1.53,30/11/2025,2025-11-30 16:46:00,High
November,11,30,23:11,0.44,30/11/2025,2025-11-30 23:11:00,Low
December,12,1,05:44,1.64,01/12/2025,2025-12-01 05:44:00,High
December,12,1,11:50,0.63,01/12/2025,2025-12-01 11:50:00,Low
December,12,1,17:49,1.52,01/12/2025,2025-12-01 17:49:00,High
December,12,1,23:57,0.42,01/12/2025,2025-12-01 23:57:00,Low
December,12,2,06:32,1.79,02/12/2025,2025-12-02 06:32:00,High
December,12,2,12:55,0.5,02/12/2025,2025-12-02 12:55:00,Low
December,12,2,18:50,1.5,02/12/2025,2025-12-02 18:50:00,High
December,12,3,00:44,0.41,03/12/2025,2025-12-03 00:44:00,Low
December,12,3,07:20,1.92,03/12/2025,2025-12-03 07:20:00,High
December,12,3,13:55,0.38,03/12/2025,2025-12-03 13:55:00,Low
December,12,3,19:49,1.48,03/12/2025,2025-12-03 19:49:00,High
December,12,4,01:31,0.42,04/12/2025,2025-12-04 01:31:00,Low
December,12,4,08:10,2.03,04/12/2025,2025-12-04 08:10:00,High
December,12,4,14:52,0.28,04/12/2025,2025-12-04 14:52:00,Low
December,12,4,20:48,1.46,04/12/2025,2025-12-04 20:48:00,High
December,12,5,02:21,0.44,05/12/2025,2025-12-05 02:21:00,Low
December,12,5,09:01,2.1,05/12/2025,2025-12-05 09:01:00,High
December,12,5,15:46,0.22,05/12/2025,2025-12-05 15:46:00,Low
December,12,5,21:47,1.44,05/12/2025,2025-12-05 21:47:00,High
December,12,6,03:13,0.48,06/12/2025,2025-12-06 03:13:00,Low
December,12,6,09:53,2.13,06/12/2025,2025-12-06 09:53:00,High
December,12,6,16:41,0.2,06/12/2025,2025-12-06 16:41:00,Low
December,12,6,22:45,1.41,06/12/2025,2025-12-06 22:45:00,High
December,12,7,04:07,0.53,07/12/2025,2025-12-07 04:07:00,Low
December,12,7,10:45,2.1,07/12/2025,2025-12-07 10:45:00,High
December,12,7,17:35,0.23,07/12/2025,2025-12-07 17:35:00,Low
December,12,7,23:42,1.39,07/12/2025,2025-12-07 23:42:00,High
December,12,8,05:01,0.58,08/12/2025,2025-12-08 05:01:00,Low
December,12,8,11:37,2.02,08/12/2025,2025-12-08 11:37:00,High
December,12,8,18:29,0.29,08/12/2025,2025-12-08 18:29:00,Low
December,12,9,00:37,1.37,09/12/2025,2025-12-09 00:37:00,High
December,12,9,05:59,0.64,09/12/2025,2025-12-09 05:59:00,Low
December,12,9,12:29,1.91,09/12/2025,2025-12-09 12:29:00,High
December,12,9,19:22,0.37,09/12/2025,2025-12-09 19:22:00,Low
December,12,10,01:33,1.36,10/12/2025,2025-12-10 01:33:00,High
December,12,10,06:57,0.71,10/12/2025,2025-12-10 06:57:00,Low
December,12,10,13:19,1.77,10/12/2025,2025-12-10 13:19:00,High
December,12,10,20:13,0.45,10/12/2025,2025-12-10 20:13:00,Low
December,12,11,02:30,1.36,11/12/2025,2025-12-11 02:30:00,High
December,12,11,07:58,0.77,11/12/2025,2025-12-11 07:58:00,Low
December,12,11,14:12,1.62,11/12/2025,2025-12-11 14:12:00,High
December,12,11,21:01,0.51,11/12/2025,2025-12-11 21:01:00,Low
December,12,12,03:29,1.39,12/12/2025,2025-12-12 03:29:00,High
December,12,12,09:04,0.81,12/12/2025,2025-12-12 09:04:00,Low
December,12,12,15:07,1.49,12/12/2025,2025-12-12 15:07:00,High
December,12,12,21:46,0.56,12/12/2025,2025-12-12 21:46:00,Low
December,12,13,04:24,1.45,13/12/2025,2025-12-13 04:24:00,High
December,12,13,10:15,0.82,13/12/2025,2025-12-13 10:15:00,Low
December,12,13,16:06,1.38,13/12/2025,2025-12-13 16:06:00,High
December,12,13,22:30,0.59,13/12/2025,2025-12-13 22:30:00,Low
December,12,14,05:15,1.51,14/12/2025,2025-12-14 05:15:00,High
December,12,14,11:26,0.8,14/12/2025,2025-12-14 11:26:00,Low
December,12,14,17:06,1.31,14/12/2025,2025-12-14 17:06:00,High
December,12,14,23:12,0.61,14/12/2025,2025-12-14 23:12:00,Low
December,12,15,06:00,1.58,15/12/2025,2025-12-15 06:00:00,High
December,12,15,12:30,0.74,15/12/2025,2025-12-15 12:30:00,Low
December,12,15,18:04,1.27,15/12/2025,2025-12-15 18:04:00,High
December,12,15,23:53,0.62,15/12/2025,2025-12-15 23:53:00,Low
December,12,16,06:42,1.65,16/12/2025,2025-12-16 06:42:00,High
December,12,16,13:23,0.67,16/12/2025,2025-12-16 13:23:00,Low
December,12,16,18:57,1.26,16/12/2025,2025-12-16 18:57:00,High
December,12,17,00:32,0.63,17/12/2025,2025-12-17 00:32:00,Low
December,12,17,07:20,1.72,17/12/2025,2025-12-17 07:20:00,High
December,12,17,14:06,0.59,17/12/2025,2025-12-17 14:06:00,Low
December,12,17,19:45,1.27,17/12/2025,2025-12-17 19:45:00,High
December,12,18,01:12,0.64,18/12/2025,2025-12-18 01:12:00,Low
December,12,18,07:58,1.77,18/12/2025,2025-12-18 07:58:00,High
December,12,18,14:45,0.52,18/12/2025,2025-12-18 14:45:00,Low
December,12,18,20:30,1.29,18/12/2025,2025-12-18 20:30:00,High
December,12,19,01:51,0.64,19/12/2025,2025-12-19 01:51:00,Low
December,12,19,08:35,1.81,19/12/2025,2025-12-19 08:35:00,High
December,12,19,15:23,0.47,19/12/2025,2025-12-19 15:23:00,Low
December,12,19,21:11,1.3,19/12/2025,2025-12-19 21:11:00,High
December,12,20,02:30,0.64,20/12/2025,2025-12-20 02:30:00,Low
December,12,20,09:13,1.84,20/12/2025,2025-12-20 09:13:00,High
December,12,20,15:59,0.44,20/12/2025,2025-12-20 15:59:00,Low
December,12,20,21:51,1.32,20/12/2025,2025-12-20 21:51:00,High
December,12,21,03:10,0.64,21/12/2025,2025-12-21 03:10:00,Low
December,12,21,09:50,1.86,21/12/2025,2025-12-21 09:50:00,High
December,12,21,16:36,0.42,21/12/2025,2025-12-21 16:36:00,Low
December,12,21,22:31,1.32,21/12/2025,2025-12-21 22:31:00,High
December,12,22,03:49,0.64,22/12/2025,2025-12-22 03:49:00,Low
December,12,22,10:28,1.86,22/12/2025,2025-12-22 10:28:00,High
December,12,22,17:14,0.42,22/12/2025,2025-12-22 17:14:00,Low
December,12,22,23:12,1.33,22/12/2025,2025-12-22 23:12:00,High
December,12,23,04:30,0.65,23/12/2025,2025-12-23 04:30:00,Low
December,12,23,11:06,1.84,23/12/2025,2025-12-23 11:06:00,High
December,12,23,17:52,0.43,23/12/2025,2025-12-23 17:52:00,Low
December,12,23,23:53,1.33,23/12/2025,2025-12-23 23:53:00,High
December,12,24,05:13,0.67,24/12/2025,2025-12-24 05:13:00,Low
December,12,24,11:45,1.81,24/12/2025,2025-12-24 11:45:00,High
December,12,24,18:31,0.44,24/12/2025,2025-12-24 18:31:00,Low
December,12,25,00:38,1.35,25/12/2025,2025-12-25 00:38:00,High
December,12,25,06:00,0.7,25/12/2025,2025-12-25 06:00:00,Low
December,12,25,12:25,1.75,25/12/2025,2025-12-25 12:25:00,High
December,12,25,19:13,0.45,25/12/2025,2025-12-25 19:13:00,Low
December,12,26,01:26,1.37,26/12/2025,2025-12-26 01:26:00,High
December,12,26,06:51,0.73,26/12/2025,2025-12-26 06:51:00,Low
December,12,26,13:09,1.68,26/12/2025,2025-12-26 13:09:00,High
December,12,26,19:55,0.46,26/12/2025,2025-12-26 19:55:00,Low
December,12,27,02:17,1.42,27/12/2025,2025-12-27 02:17:00,High
December,12,27,07:50,0.75,27/12/2025,2025-12-27 07:50:00,Low
December,12,27,13:59,1.59,27/12/2025,2025-12-27 13:59:00,High
December,12,27,20:41,0.47,27/12/2025,2025-12-27 20:41:00,Low
December,12,28,03:13,1.49,28/12/2025,2025-12-28 03:13:00,High
December,12,28,08:59,0.76,28/12/2025,2025-12-28 08:59:00,Low
December,12,28,14:59,1.5,28/12/2025,2025-12-28 14:59:00,High
December,12,28,21:30,0.49,28/12/2025,2025-12-28 21:30:00,Low
December,12,29,04:11,1.58,29/12/2025,2025-12-29 04:11:00,High
December,12,29,10:15,0.72,29/12/2025,2025-12-29 10:15:00,Low
December,12,29,16:09,1.41,29/12/2025,2025-12-29 16:09:00,High
December,12,29,22:22,0.51,29/12/2025,2025-12-29 22:22:00,Low
December,12,30,05:07,1.69,30/12/2025,2025-12-30 05:07:00,High
December,12,30,11:34,0.64,30/12/2025,2025-12-30 11:34:00,Low
December,12,30,17:25,1.36,30/12/2025,2025-12-30 17:25:00,High
December,12,30,23:18,0.52,30/12/2025,2025-12-30 23:18:00,Low
December,12,31,06:04,1.81,31/12/2025,2025-12-31 06:04:00,High
December,12,31,12:47,0.52,31/12/2025,2025-12-31 12:47:00,Low
December,12,31,18:37,1.34,31/12/2025,2025-12-31 18:37:00,High